t0,t1,t_mean,t0_data,t1_data,cps_bgsub,cps_bgsub_err,flux_bgsub,flux_bgsub_err,mag_bgsub,mag_bgsub_err_1,mag_bgsub_err_2,cps_mcatbgsub,cps_mcatbgsub_err,flux_mcatbgsub,flux_mcatbgsub_err,mag_mcatbgsub,mag_mcatbgsub_err_1,mag_mcatbgsub_err_2,cps,cps_err,flux,flux_err,mag,mag_err_1,mag_err_2,counts,flat_counts,bg_counts,bg_flat_counts,exptime,bg,mcat_bg,responses,detxs,detys,detrad,racent,deccent,q_mean,flags
824716903.995,824717015.995,824716966.3066667,824716908.4,824717002.18,-0.0019279361140493514,0.05201524767544055,-3.9715483949416637e-19,1.0715141021140754e-17,,,,,,,,,,,0.1311316811713493,0.03664588637082637,2.7013126321297956e-17,7.549052592390232e-18,22.285730927226084,0.2675656613673638,0.35585277116933867,12.0,12.804564052326668,48.0,45.11395998964733,97.6466094077982,12.992820477018434,,0.9372378805779357,687.294677734375,383.4397277832031,287.7715664731191,146.1960144943021,8.526778060897824,8.416666984558105,0.0
980234830.995,980235957.995,980235409.6998048,980234835.27,980235953.985,0.062357459544637846,0.016854243331608006,1.2845636666195396e-17,3.4719741263112496e-18,23.092778965916914,0.2597523403170747,0.34211579880254206,,,,,,,,0.16666778307093255,0.013218068162994787,3.43335633126121e-17,2.722922041576926e-18,22.02537085326028,0.08286336734012778,0.08971393199222888,128.0,158.9890971653742,430.0,345.50193906583655,953.92819317522,99.50455845096094,,0.8053408167730375,436.62896728515625,86.79031372070312,315.34423860846516,146.1963000695979,8.526897530524813,7.78125,32.0
982199458.995,982200489.995,982200002.0980132,982199478.725,982200486.105,0.0605143137737221,0.018781707796078295,1.2465948637386753e-17,3.8690318059921286e-18,23.12535471800988,0.29348321424760826,0.40345651968522134,0.021941768245417208,0.01988636233834941,4.520004258555945e-18,4.096590641699978e-18,24.226820940959428,0.7004920789053415,2.5709350582401242,0.1895291751735958,0.014487330782613425,3.904301008576073e-17,2.9843901412183655e-18,21.88580981857189,0.0799730821821143,0.08633547948675258,151.0,171.1494045769552,458.0,404.5261231978287,903.0240564292753,116.50352348097469,151.33546001074748,0.8825702341563253,678.04541015625,263.2875061035156,309.8379513493361,146.19624750571086,8.526892077114065,8.172185897827148,32.0
