t0,t1,t_mean,t0_data,t1_data,cps_bgsub,cps_bgsub_err,flux_bgsub,flux_bgsub_err,mag_bgsub,mag_bgsub_err_1,mag_bgsub_err_2,cps_mcatbgsub,cps_mcatbgsub_err,flux_mcatbgsub,flux_mcatbgsub_err,mag_mcatbgsub,mag_mcatbgsub_err_1,mag_mcatbgsub_err_2,cps,cps_err,flux,flux_err,mag,mag_err_1,mag_err_2,counts,flat_counts,bg_counts,bg_flat_counts,exptime,bg,mcat_bg,responses,detxs,detys,detrad,racent,deccent,q_mean,flags
848003767.995,848003876.995,848003778.925,848003778.925,848003778.925,0.00307748587091551,0.014011931819934443,4.308480219281714e-18,1.9616704547908222e-17,25.09950983071746,1.8613279924989428,,,,,,,,,0.011112972432166534,0.010674467502625141,1.5558161405033147e-17,1.4944254503675198e-17,23.70542440750162,0.7309399145638729,3.5096393926526304,1.0,1.0838471381526924,3.0,2.721181373539599,97.52990433194034,0.7837002355794046,,0.9226393324287396,356.2091979980469,193.44097900390625,211.14986027662667,37.3240716916376,-7.65115337193503,9.0,0.0
907769176.995,907770857.995,907769882.2160714,907769193.615,907770785.71,-0.00018486155112114533,0.0033287908836071205,-2.588061715696035e-19,4.660307237049969e-18,,,,,,,,,,,0.009128468707936571,0.0023419835335846285,1.27798561911112e-17,3.27877694701848e-18,23.91900517211974,0.2479565246595854,0.321882566187341,14.0,15.19246301751884,58.0,53.81988588913955,1664.2948016363407,15.500127136072193,,0.9222340732295038,453.42474365234375,601.6329956054688,208.59067129465217,37.325100989162706,-7.650677543655904,17.285715103149414,0.0
