t0,t1,t_mean,t0_data,t1_data,cps_bgsub,cps_bgsub_err,flux_bgsub,flux_bgsub_err,mag_bgsub,mag_bgsub_err_1,mag_bgsub_err_2,cps_mcatbgsub,cps_mcatbgsub_err,flux_mcatbgsub,flux_mcatbgsub_err,mag_mcatbgsub,mag_mcatbgsub_err_1,mag_mcatbgsub_err_2,cps,cps_err,flux,flux_err,mag,mag_err_1,mag_err_2,counts,flat_counts,bg_counts,bg_flat_counts,exptime,bg,mcat_bg,responses,detxs,detys,detrad,racent,deccent,q_mean,flags
753464460.995,753464570.995,5e-324,-1.2882297539194267e-231,5e-324,-0.0018383727201820737,0.0041235245622939605,-2.5737218082549032e-18,5.772934387211545e-18,,,,-0.010352872655844428,0.009785482361280353,-1.44940217181822e-17,1.3699675305792494e-17,,,,0.0,0.0,0.0,0.0,inf,,,5e-324,5e-324,1.0,0.690140436595795,108.11759963447653,0.198760445739589,1.1193277408713076,5e-324,5e-324,5e-324,565.685424949238,160000.0,5e-324,5e-324,40.0
847921987.995,847922106.995,847922044.1949999,847922017.9,847922070.49,0.02379485146584006,0.018097455939886712,3.3312792052176084e-17,2.53364383158414e-17,22.87879250461288,0.6141282089282427,1.5520165698907817,,,,,,,,0.028962757390654972,0.016671133020872236,4.0547860346916964e-17,2.333958622922113e-17,22.66540023407575,0.49361897187611703,0.9305765663937677,2.0,3.018210871803663,3.0,1.869957707471212,104.2100664344034,0.5385478197517092,,0.6634692744390298,379.53900146484375,84.32940673828125,316.3330142607014,32.4568229823384,-4.18108397521468,6.5,40.0
877621197.995,877621303.995,2.5e-323,1e-323,2.5e-323,-0.0027761869864333065,0.005331601039474657,-3.8866617810066294e-18,7.46424145526452e-18,,,,,,,,,,,0.0,0.0,0.0,0.0,inf,,,2.5e-323,2.5e-323,1.0,0.9414335093893842,97.66375681073247,0.27113285070414267,,2.5e-323,2.5e-323,2.5e-323,565.685424949238,160000.0,2.5e-323,2.5e-323,32.0
877959341.995,877959460.995,3.5e-323,3.47401975650149e-309,3.5e-323,-0.0036211336751396407,0.005582544902050318,-5.069587145195497e-18,7.815562862870446e-18,,,,-0.008875816296232571,0.008740053655969287,-1.24261428147256e-17,1.2236075118357002e-17,,,,0.0,0.0,0.0,0.0,inf,,,3.5e-323,3.5e-323,2.0,1.4609393163417894,116.19303810710886,0.42075052310643546,1.031308061139849,3.5e-323,3.5e-323,3.5e-323,565.685424949238,160000.0,3.5e-323,3.5e-323,32.0
