t0,t1,t_mean,t0_data,t1_data,cps_bgsub,cps_bgsub_err,flux_bgsub,flux_bgsub_err,mag_bgsub,mag_bgsub_err_1,mag_bgsub_err_2,cps_mcatbgsub,cps_mcatbgsub_err,flux_mcatbgsub,flux_mcatbgsub_err,mag_mcatbgsub,mag_mcatbgsub_err_1,mag_mcatbgsub_err_2,cps,cps_err,flux,flux_err,mag,mag_err_1,mag_err_2,counts,flat_counts,bg_counts,bg_flat_counts,exptime,bg,mcat_bg,responses,detxs,detys,detrad,racent,deccent,q_mean,flags
753464460.995,753464570.995,5e-324,-2.0,5e-324,-0.009125524819602857,0.009187148318294985,-1.2775734747444001e-17,1.286200764561298e-17,,,,,,,,,,,0.0,0.0,0.0,0.0,inf,,,5e-324,5e-324,4.0,3.4257980517371536,108.11759963447653,0.9866298389003004,,5e-324,5e-324,5e-324,565.685424949238,160000.0,5e-324,5e-324,0.0
847921987.995,847922106.995,847922084.53,847922084.53,847922084.53,0.00274102834200386,0.01400089154268514,3.8374396788054045e-18,1.9601248159759197e-17,25.225216184671645,1.9647293330794753,,,,,,,,,0.011584401431103328,0.010543431065979469,1.621816200354466e-17,1.476080349237126e-17,23.660316003494838,0.7026631916502453,2.6160880815817933,1.0,1.2072112427380757,4.0,3.1998906149974675,104.2100664344034,0.9215684971192708,,0.8283554398747149,561.8438110351562,504.71533203125,192.7659719265781,32.0436804631665,-3.53729221374626,20.0,0.0
877959341.995,877959460.995,877959381.02,877959381.02,877959381.02,0.008661470903249638,0.008633875297981604,1.2126059264549492e-17,1.2087425417174246e-17,23.976020873039698,0.7508440223327533,6.241879316707749,,,,,,,,0.008661470903249638,0.008633875297981604,1.2126059264549492e-17,1.2087425417174246e-17,23.976020873039698,0.7508440223327533,6.241879316707749,1.0,1.0064026187248998,2.121995792e-314,2.5e-323,116.19303810710886,0.0,,0.9936381140054943,210.0361785888672,435.9972839355469,193.34440228736167,32.0434856102464,-3.53800546850578,9.0,0.0
