t0,t1,t_mean,t0_data,t1_data,cps_bgsub,cps_bgsub_err,flux_bgsub,flux_bgsub_err,mag_bgsub,mag_bgsub_err_1,mag_bgsub_err_2,cps_mcatbgsub,cps_mcatbgsub_err,flux_mcatbgsub,flux_mcatbgsub_err,mag_mcatbgsub,mag_mcatbgsub_err_1,mag_mcatbgsub_err_2,cps,cps_err,flux,flux_err,mag,mag_err_1,mag_err_2,counts,flat_counts,bg_counts,bg_flat_counts,exptime,bg,mcat_bg,responses,detxs,detys,detrad,racent,deccent,q_mean,flags
753464460.995,753464570.995,753464502.31,753464502.31,753464502.31,0.00890749264156713,0.01115249963813527,1.2470489698193984e-17,1.561349949338938e-17,23.94561131936297,0.8814382232171276,,,,,,,,,0.01117748514068968,0.010167726437276847,1.5648479196965552e-17,1.4234817012187587e-17,23.699139747022848,0.7023909069584917,2.6103162400460747,1.0,1.2084828633613973,1.0,0.852174097893738,108.11759963447653,0.2454261401933966,,0.8274838066122826,336.841064453125,128.95297241210938,278.30835830719326,32.717923595236,-3.96030273294064,8.0,0.0
847921987.995,847922106.995,1.5e-323,-2.686796313326754e+154,1.5e-323,-0.005189427358035028,0.007056752440855757,-7.265198301249039e-18,9.87945341719806e-18,,,,,,,,,,,0.0,0.0,0.0,0.0,inf,,,1.5e-323,1.5e-323,2.0,1.8777450338102106,104.2100664344034,0.5407905697373407,,1.5e-323,1.5e-323,1.5e-323,565.685424949238,160000.0,1.5e-323,1.5e-323,0.0
877959341.995,877959460.995,2.5e-323,8.487983165e-314,2.5e-323,-0.0032454664490715246,0.005285042794129299,-4.543653028700135e-18,7.399059911781018e-18,,,,,,,,,,,0.0,0.0,0.0,0.0,inf,,,2.5e-323,2.5e-323,2.0,1.3093771069177462,116.19303810710886,0.37710060679231094,,2.5e-323,2.5e-323,2.5e-323,565.685424949238,160000.0,2.5e-323,2.5e-323,8.0
