t0,t1,t_mean,t0_data,t1_data,cps_bgsub,cps_bgsub_err,flux_bgsub,flux_bgsub_err,mag_bgsub,mag_bgsub_err_1,mag_bgsub_err_2,cps_mcatbgsub,cps_mcatbgsub_err,flux_mcatbgsub,flux_mcatbgsub_err,mag_mcatbgsub,mag_mcatbgsub_err_1,mag_mcatbgsub_err_2,cps,cps_err,flux,flux_err,mag,mag_err_1,mag_err_2,counts,flat_counts,bg_counts,bg_flat_counts,exptime,bg,mcat_bg,responses,detxs,detys,detrad,racent,deccent,q_mean,flags
749492145.995,749492246.995,5e-324,-2.0,5e-324,-0.01641171115236067,0.01343606738208034,-2.297639561330494e-17,1.8810494334912478e-17,,,,-0.011594739241715321,0.011293426606942634,-1.623263493840145e-17,1.5810797249719687e-17,,,,0.0,0.0,0.0,0.0,inf,,,5e-324,5e-324,5.0,5.180490664048987,90.90955217253509,1.4919813112461084,1.054072552021659,5e-324,5e-324,5e-324,565.685424949238,160000.0,5e-324,5e-324,0.0
875810858.995,875812453.995,875811847.4425001,875811038.245,875812331.62,0.0011229092312887825,0.00308701811367624,1.5720729238042955e-18,4.321825359146736e-18,26.19413836968387,1.4348248717712302,,-0.0036502513971165404,0.003543378335833024,-5.110351955963157e-18,4.960729670166234e-18,,,,0.008077806952160456,0.002262910356234953,1.130892973302464e-17,3.1680744987289342e-18,24.051766325121463,0.2681429892969618,0.3568786842759444,10.0,12.742429513719513,47.0,38.09403967879533,1577.4615052308814,10.971083427493058,18.500560577086098,0.7859709634535953,549.0679931640625,596.24853515625,246.44422114737216,18.168015514612613,0.2488184085175289,18.200000762939453,0.0
877053101.995,877054787.995,877054006.5534091,877053173.74,877054776.245,0.005675719376929583,0.003882757913369781,7.946007127701417e-18,5.435861078717694e-18,24.434947713473246,0.5659194951331195,1.2511248982922183,0.003996797701313889,0.004010065524637956,5.5955167818394445e-18,5.614091734493138e-18,24.815719582706315,0.7543756074768879,,0.015432747700248455,0.003039133576259025,2.1605846780347837e-17,4.254787006762636e-18,23.348891859369203,0.19516968086090714,0.2381132150402756,22.0,25.786175563826372,65.0,56.60681982639593,1670.8739146568978,16.30276411000203,19.108030542540344,0.8542956956234048,481.6963806152344,634.1122436523438,247.9573375271714,18.167656147905475,0.24866670869188842,18.363636016845703,0.0
