t0,t1,t_mean,t0_data,t1_data,cps_bgsub,cps_bgsub_err,flux_bgsub,flux_bgsub_err,mag_bgsub,mag_bgsub_err_1,mag_bgsub_err_2,cps_mcatbgsub,cps_mcatbgsub_err,flux_mcatbgsub,flux_mcatbgsub_err,mag_mcatbgsub,mag_mcatbgsub_err_1,mag_mcatbgsub_err_2,cps,cps_err,flux,flux_err,mag,mag_err_1,mag_err_2,counts,flat_counts,bg_counts,bg_flat_counts,exptime,bg,mcat_bg,responses,detxs,detys,detrad,racent,deccent,q_mean,flags
749492145.995,749492246.995,749492190.51,749492190.51,749492190.51,0.012406021719839606,0.013607128416872111,1.736843040777545e-17,1.9049979783620957e-17,23.585918657073563,0.8039010258515553,,,,,,,,,0.01461914191471309,0.01268107823213855,2.046679868059833e-17,1.775350952499397e-17,23.40769529495733,0.6781106678868163,2.1938845966093616,1.0,1.3290196446133042,1.0,0.6985894646525763,90.90955217253509,0.201193765819942,,0.7524343255971684,637.6336669921875,204.3263397216797,307.8277781729085,17.3128460134308,0.136260331100939,10.0,104.0
875810858.995,875812453.995,875811738.9059999,875810895.65,875812450.98,0.006467132387107452,0.004084298524495407,9.053985341950434e-18,5.718017934293571e-18,24.293220621560707,0.5314990206150867,1.0840449702925206,,,,,,,,0.01639077385575311,0.003223445591766625,2.2947083398054357e-17,4.512823828473275e-18,23.283501354122937,0.19492892901865844,0.23775448901892915,25.0,25.85581479839528,56.0,54.35473058507421,1577.4615052308814,15.654162408501374,,0.9684217454396316,91.72814178466797,356.7877197265625,311.28578466413126,17.31211904192362,0.13744834854561674,8.079999923706055,32.0
877053101.995,877054787.995,877054003.4677777,877053180.87,877054784.68,-0.00024711187814841336,0.0036218828870296688,-3.459566294077787e-19,5.070636041841537e-18,,,,,,,,,,,0.010835735848280998,0.002546580241812855,1.51700301875934e-17,3.565212338537997e-18,23.732853976666444,0.22918218589978778,0.290870292292297,18.0,18.105148375005353,66.0,64.29875404932433,1670.8739146568978,18.51804116620541,,0.9955692406368857,121.66390228271484,263.9858703613281,309.79158599589425,17.312790361185243,0.13719667146697684,8.11111068725586,32.0
