t0,t1,t_mean,t0_data,t1_data,cps_bgsub,cps_bgsub_err,flux_bgsub,flux_bgsub_err,mag_bgsub,mag_bgsub_err_1,mag_bgsub_err_2,cps_mcatbgsub,cps_mcatbgsub_err,flux_mcatbgsub,flux_mcatbgsub_err,mag_mcatbgsub,mag_mcatbgsub_err_1,mag_mcatbgsub_err_2,cps,cps_err,flux,flux_err,mag,mag_err_1,mag_err_2,counts,flat_counts,bg_counts,bg_flat_counts,exptime,bg,mcat_bg,responses,detxs,detys,detrad,racent,deccent,q_mean,flags
753464460.995,753464570.995,753464552.116,753464552.116,753464552.116,0.004871304329436627,0.011644706430856536,6.8198260612112784e-18,1.630258900319915e-17,24.600886843763874,1.3256497366352775,,,,,,,,,0.009765981516667094,0.009504072736936505,1.3672374123333933e-17,1.3305701831711108e-17,23.845710255018403,0.7379175984820847,3.928914602157949,1.0,1.0558744796567108,2.0,1.8375025988506573,108.11759963447653,0.5292007484689893,,0.9470822709202358,469.34722900390625,585.5709838867188,198.10509390524274,32.1009710862116,-3.45841790095406,17.0,0.0
847921987.995,847922106.995,847922040.745,847922040.745,847922040.745,0.00307386763728373,0.013098487895105334,4.303414692197222e-18,1.833788305314747e-17,25.10078709358298,1.8027202942788527,,,,,,,,,0.010476614435356957,0.01002664512582778,1.466726020949974e-17,1.403730317615889e-17,23.769447597194947,0.7290048714080903,3.417595169237032,1.0,1.0917686863161782,3.0,2.678613665362076,104.2100664344034,0.7714407356242781,,0.9159449364445302,522.0278930664062,545.0404052734375,189.54557723172883,32.1014017784651,-3.45879493096323,20.0,0.0
877959341.995,877959460.995,2.5e-323,2.3175330933e-314,2.5e-323,-0.009756955329423557,0.009163620700731078,-1.3659737461192981e-17,1.282906898102351e-17,,,,,,,,,,,0.0,0.0,0.0,0.0,inf,,,2.5e-323,2.5e-323,4.0,3.936424591670383,116.19303810710886,1.1336902824010704,,2.5e-323,2.5e-323,2.5e-323,565.685424949238,160000.0,2.5e-323,2.5e-323,0.0
