t0,t1,t_mean,t0_data,t1_data,cps_bgsub,cps_bgsub_err,flux_bgsub,flux_bgsub_err,mag_bgsub,mag_bgsub_err_1,mag_bgsub_err_2,cps_mcatbgsub,cps_mcatbgsub_err,flux_mcatbgsub,flux_mcatbgsub_err,mag_mcatbgsub,mag_mcatbgsub_err_1,mag_mcatbgsub_err_2,cps,cps_err,flux,flux_err,mag,mag_err_1,mag_err_2,counts,flat_counts,bg_counts,bg_flat_counts,exptime,bg,mcat_bg,responses,detxs,detys,detrad,racent,deccent,q_mean,flags
753464460.995,753464570.995,753464511.8134999,753464494.59,753464529.037,0.015701251988357343,0.015317604290189232,2.1981752783700282e-17,2.1444646006264927e-17,23.330164290958386,0.739228742328585,4.030004216943752,,,,,,,,0.020534388200871966,0.013781379319970226,2.8748143481220755e-17,1.9293931047958315e-17,23.03879557983973,0.5575298722091482,1.2074611180040193,2.0,2.220128762240794,2.0,1.8143996041789787,108.11759963447653,0.522547086003546,,0.9011910586613995,486.2707214355469,524.7376708984375,151.66451107024554,32.13493372930505,-3.559084853228705,15.0,0.0
847921987.995,847922106.995,1.5e-323,-1.2882297539194267e-231,1.5e-323,-0.007772603766056444,0.008636314077335791,-1.0881645272479022e-17,1.209083970827011e-17,,,,-0.009638313245862543,0.009617134325564722,-1.3493638544207561e-17,1.3463988055790611e-17,,,,0.0,0.0,0.0,0.0,inf,,,1.5e-323,1.5e-323,3.0,2.8124428987119305,104.2100664344034,0.8099835548290362,1.004409263666926,1.5e-323,1.5e-323,1.5e-323,565.685424949238,160000.0,1.5e-323,1.5e-323,64.0
877959341.995,877959460.995,877959351.16,877959351.16,877959351.16,-0.005344528352298527,0.014212554608973207,-7.482339693217938e-18,1.989757645256249e-17,,,,0.00017823670952543883,0.012428425570109779,2.495313933356144e-19,1.739979579815369e-17,28.192507110141243,4.624007406785999,,0.009063041448734169,0.008831753302601745,1.2688258028227837e-17,1.2364454623642444e-17,23.926815084521845,0.7386318882950711,3.9828014777496037,1.0,1.0530623204190763,6.0,5.812705926813272,116.19303810710886,1.6740593069222227,1.0323524556371013,0.9496114148325432,259.50347900390625,416.9953308105469,141.52071820537705,32.1365702998941,-3.55904411784226,11.0,0.0
