t0,t1,t_mean,t0_data,t1_data,cps_bgsub,cps_bgsub_err,flux_bgsub,flux_bgsub_err,mag_bgsub,mag_bgsub_err_1,mag_bgsub_err_2,cps_mcatbgsub,cps_mcatbgsub_err,flux_mcatbgsub,flux_mcatbgsub_err,mag_mcatbgsub,mag_mcatbgsub_err_1,mag_mcatbgsub_err_2,cps,cps_err,flux,flux_err,mag,mag_err_1,mag_err_2,counts,flat_counts,bg_counts,bg_flat_counts,exptime,bg,mcat_bg,responses,detxs,detys,detrad,racent,deccent,q_mean,flags
753464749.995,753464866.995,5e-324,-2.6815615859885194e+154,5e-324,-0.004826872303187017,0.006449449215382058,-6.757621224461823e-18,9.029228901534882e-18,,,,-0.009378404636768582,0.008989886443438747,-1.3129766491476015e-17,1.2585841020814246e-17,,,,0.0,0.0,0.0,0.0,inf,,,5e-324,5e-324,2.0,1.9448847750927596,116.04342937700726,0.5601268152267149,1.0883022361358523,5e-324,5e-324,5e-324,565.685424949238,160000.0,5e-324,5e-324,0.0
847921837.995,847921955.995,847921871.5450001,847921861.315,847921881.775,0.014720356313449793,0.01305793051955202,2.060849883882971e-17,1.828110272737283e-17,23.400204193900475,0.6894678389886728,2.3679401343496096,0.008575629488121935,0.014932099539920396,1.2005881283370709e-17,2.0904939355888556e-17,23.986834977576308,1.0948616675486171,,0.017346583084973596,0.012169191907921706,2.4285216318963035e-17,1.703686867109039e-17,23.221965148506232,0.5771006258457483,1.3127574032959082,2.0,2.0319096890857775,1.0,1.068144963545,117.13601918788898,0.30762574950096006,1.0273945888169,0.9846029874934246,398.4557800292969,402.86700439453125,3.2564289515019147,31.303779550367203,-3.650035876029555,9.0,0.0
877959182.995,877959303.995,877959252.56,877959252.56,877959252.56,0.0042499630410953735,0.010627710082227829,5.949948257533523e-18,1.487879411511896e-17,24.749037116708415,1.3603746482408,,,,,,,,,0.008800645269798714,0.008628488650096158,1.23209033777182e-17,1.2079884110134621e-17,23.958713709727114,0.7419032269634087,4.271476973542214,1.0,1.040302322065649,2.0,1.8677944219064615,118.20750526505913,0.5379247935090611,,0.9612590290237708,395.6181335449219,391.52398681640625,9.541674544784788,31.3046135014536,-3.64957826626308,8.0,0.0
