t0,t1,t_mean,t0_data,t1_data,cps_bgsub,cps_bgsub_err,flux_bgsub,flux_bgsub_err,mag_bgsub,mag_bgsub_err_1,mag_bgsub_err_2,cps_mcatbgsub,cps_mcatbgsub_err,flux_mcatbgsub,flux_mcatbgsub_err,mag_mcatbgsub,mag_mcatbgsub_err_1,mag_mcatbgsub_err_2,cps,cps_err,flux,flux_err,mag,mag_err_1,mag_err_2,counts,flat_counts,bg_counts,bg_flat_counts,exptime,bg,mcat_bg,responses,detxs,detys,detrad,racent,deccent,q_mean,flags
753464749.995,753464866.995,5e-324,-1.2882297539194267e-231,5e-324,-0.005114067762289098,0.00663854588940385,-7.159694867204737e-18,9.293964245165391e-18,,,,,,,,,,,0.0,0.0,0.0,0.0,inf,,,5e-324,5e-324,2.0,2.0606040319528622,116.04342937700726,0.5934539612024244,,5e-324,5e-324,5e-324,565.685424949238,160000.0,5e-324,5e-324,0.0
847921837.995,847921955.995,1.5e-323,-2.0038935117254133,1.5e-323,-0.014963832216474578,0.01130254343469075,-2.094936510306441e-17,1.5823560808567052e-17,,,,-0.00964580402645505,0.009074526782156917,-1.3504125637037072e-17,1.2704337495019684e-17,,,,0.0,0.0,0.0,0.0,inf,,,1.5e-323,1.5e-323,6.0,6.086124089004573,117.13601918788898,1.7528037376333174,1.1298710855254557,1.5e-323,1.5e-323,1.5e-323,565.685424949238,160000.0,1.5e-323,1.5e-323,32.0
877959182.995,877959303.995,877959223.5,877959185.065,877959261.935,0.017342445543615234,0.015412828566483123,2.427942376106133e-17,2.1577959993076373e-17,23.222224151346634,0.6904272467079942,2.384098069950415,,,,,,,,0.022711631538705573,0.013861225888204709,3.17962841541878e-17,1.9405716243486593e-17,22.92937916546283,0.5172763978816484,1.0232128928952342,2.0,2.684685304689622,3.0,2.203743339526816,118.20750526505913,0.634678081783723,,0.7452613299068214,566.744873046875,146.8349151611328,303.1442113398989,31.76928434123885,-3.46779698414349,12.0,32.0
