t0,t1,t_mean,t0_data,t1_data,cps_bgsub,cps_bgsub_err,flux_bgsub,flux_bgsub_err,mag_bgsub,mag_bgsub_err_1,mag_bgsub_err_2,cps_mcatbgsub,cps_mcatbgsub_err,flux_mcatbgsub,flux_mcatbgsub_err,mag_mcatbgsub,mag_mcatbgsub_err_1,mag_mcatbgsub_err_2,cps,cps_err,flux,flux_err,mag,mag_err_1,mag_err_2,counts,flat_counts,bg_counts,bg_flat_counts,exptime,bg,mcat_bg,responses,detxs,detys,detrad,racent,deccent,q_mean,flags
753464749.995,753464866.995,5e-324,-2.315841784746324e+77,5e-324,-0.012769458603031568,0.01049001151323802,-1.7877242044244198e-17,1.468601611853323e-17,,,,,,,,,,,0.0,0.0,0.0,0.0,inf,,,5e-324,5e-324,6.0,5.145179748553859,116.04342937700726,1.4818117675835116,,5e-324,5e-324,5e-324,565.685424949238,160000.0,5e-324,5e-324,0.0
847921837.995,847921955.995,1.5e-323,-4.344411446415e-311,1.5e-323,-0.006082530295140267,0.007206044007125583,-8.515542413196375e-18,1.0088461609975816e-17,,,,,,,,,,,0.0,0.0,0.0,0.0,inf,,,1.5e-323,1.5e-323,3.0,2.4739006436196744,117.13601918788898,0.7124833853624664,,1.5e-323,1.5e-323,1.5e-323,565.685424949238,160000.0,1.5e-323,1.5e-323,0.0
877959182.995,877959303.995,2.5e-323,8.487983165e-314,2.5e-323,-0.004969973933011872,0.006484172046101918,-6.957963506216621e-18,9.077840864542686e-18,,,,,,,,,,,0.0,0.0,0.0,0.0,inf,,,2.5e-323,2.5e-323,2.0,2.0398896522698173,118.20750526505913,0.5874882198537075,,2.5e-323,2.5e-323,2.5e-323,565.685424949238,160000.0,2.5e-323,2.5e-323,0.0
