t0,t1,t_mean,t0_data,t1_data,cps_bgsub,cps_bgsub_err,flux_bgsub,flux_bgsub_err,mag_bgsub,mag_bgsub_err_1,mag_bgsub_err_2,cps_mcatbgsub,cps_mcatbgsub_err,flux_mcatbgsub,flux_mcatbgsub_err,mag_mcatbgsub,mag_mcatbgsub_err_1,mag_mcatbgsub_err_2,cps,cps_err,flux,flux_err,mag,mag_err_1,mag_err_2,counts,flat_counts,bg_counts,bg_flat_counts,exptime,bg,mcat_bg,responses,detxs,detys,detrad,racent,deccent,q_mean,flags
753464460.995,753464570.995,753464546.627,753464546.627,753464546.627,-0.002183425288420917,0.015491749771383252,-3.056795403789284e-18,2.1688449679936552e-17,,,,,,,,,,,0.011882091770287604,0.010483305778859866,1.6634928478402646e-17,1.4676628090403814e-17,23.632767744278148,0.6867092998865871,2.3228540700133387,1.0,1.2846632408400636,7.0,5.280312298629679,108.11759963447653,1.5207299420053477,,0.7784141152401018,616.2333374023438,437.17059326171875,219.4048978659865,32.0402384831602,-3.80140367449107,20.0,0.0
847921987.995,847922106.995,1.5e-323,-3.11108528270769e+231,1.5e-323,-0.0040871069142985736,0.006262578214398455,-5.721949680018003e-18,8.767609500157837e-18,,,,-0.009390389227403458,0.009492638899329789,-1.3146544918364841e-17,1.3289694459061706e-17,,,,0.0,0.0,0.0,0.0,inf,,,1.5e-323,1.5e-323,2.0,1.4788808439707073,104.2100664344034,0.4259176830635638,0.9785730852326204,1.5e-323,1.5e-323,1.5e-323,565.685424949238,160000.0,1.5e-323,1.5e-323,0.0
877959341.995,877959460.995,877959433.505,877959433.505,877959433.505,-0.004528058895822622,0.013557264205622371,-6.3392824541516714e-18,1.898016988787132e-17,,,,,,,,,,,0.008414076636431188,0.008509678998384937,1.1779707291003664e-17,1.1913550597738912e-17,24.007483841735397,0.7587257063543014,,1.0,0.9776571272529835,5.0,5.2214793301615785,116.19303810710886,1.5037860470865347,,1.0228534852600066,293.4457702636719,568.2061767578125,199.1158501329883,32.0403151491992,-3.80157919073637,14.0,0.0
