t0,t1,t_mean,t0_data,t1_data,cps_bgsub,cps_bgsub_err,flux_bgsub,flux_bgsub_err,mag_bgsub,mag_bgsub_err_1,mag_bgsub_err_2,cps_mcatbgsub,cps_mcatbgsub_err,flux_mcatbgsub,flux_mcatbgsub_err,mag_mcatbgsub,mag_mcatbgsub_err_1,mag_mcatbgsub_err_2,cps,cps_err,flux,flux_err,mag,mag_err_1,mag_err_2,counts,flat_counts,bg_counts,bg_flat_counts,exptime,bg,mcat_bg,responses,detxs,detys,detrad,racent,deccent,q_mean,flags
934715865.995,934716540.995,934716183.6703297,934715872.235,934716538.265,0.03786014198332392,0.02284702819451977,7.799189248564728e-18,4.7064878080710724e-18,23.63454440418871,0.5126443767190167,1.004278655168303,,,,,,,,0.1740750993431039,0.017112525728579214,3.58594704646794e-17,3.525180300087318e-18,21.978158370760827,0.10180781685305007,0.11235135188420742,91.0,103.47729687926677,319.0,281.1517133845417,594.4405447404738,80.97169345474802,,0.8796155031151743,262.3577575683594,697.898193359375,328.1595960937149,334.6905995745178,1.3654166367747471,6.94505500793457,32.0
937561123.995,937562795.995,937561942.5017688,937561126.345,937562795.24,0.03831862224165643,0.014030380781068363,7.893636181781225e-18,2.8902584409000827e-18,23.62147528627515,0.3387463238599544,0.4950345343293634,,,,,,,,0.16495265588711966,0.010552740689762696,3.398024711274665e-17,2.1738645820911153e-18,22.03660171881986,0.06732790640178621,0.07178063751067043,212.0,244.33635570425582,753.0,651.3084795506991,1481.2514196283082,187.57684211060138,,0.8679088985016943,612.4208984375,288.2074279785156,240.04211558010704,334.69076687842744,1.3655257419115752,10.589622497558594,0.0
1002451854.995,1002451951.995,1002451904.8547059,1002451856.645,1002451949.94,0.15349302311983878,0.09969364797876956,3.161956276268679e-17,2.053689148362653e-17,22.114778400457492,0.5433804972183722,1.1382785207093171,0.2782835679394288,0.09168776679055636,5.732641499552233e-17,1.888767995885461e-17,21.46878109271611,0.30920128362105714,0.43396424014021306,0.48148803276960395,0.07688760957631151,9.918653475053842e-17,1.583884757272017e-17,20.87353625663788,0.1608524193509453,0.18889791164480485,34.0,39.215546962971416,108.0,92.75717807443931,81.44656625710235,26.714067285438524,16.550305908529886,0.8671192062337184,415.8665466308594,558.3465576171875,159.1394973323798,334.6908100350165,1.3655832902436187,12.529411315917969,0.0
