t0,t1,t_mean,t0_data,t1_data,cps_bgsub,cps_bgsub_err,flux_bgsub,flux_bgsub_err,mag_bgsub,mag_bgsub_err_1,mag_bgsub_err_2,cps_mcatbgsub,cps_mcatbgsub_err,flux_mcatbgsub,flux_mcatbgsub_err,mag_mcatbgsub,mag_mcatbgsub_err_1,mag_mcatbgsub_err_2,cps,cps_err,flux,flux_err,mag,mag_err_1,mag_err_2,counts,flat_counts,bg_counts,bg_flat_counts,exptime,bg,mcat_bg,responses,detxs,detys,detrad,racent,deccent,q_mean,flags
937561123.995,937562795.995,937561911.3128649,937561138.105,937562783.345,0.05009108068694096,0.01341008393093142,1.0318762621509837e-17,2.7624772897718724e-18,23.330598996374523,0.2575532223004231,0.3382981823305471,-0.0006782785766387459,0.014632326920432353,-1.3972538678758164e-19,3.0142593456090647e-18,,,,0.1582325217246182,0.010335547444563949,3.259589947527135e-17,2.1291227735801735e-18,22.081760626464025,0.06869890721324978,0.07334115062822022,185.0,234.38214743595785,704.0,556.1967467281611,1481.2514196283082,160.18466305771042,235.38684854050746,0.7896302081097932,475.43218994140625,348.01824951171875,91.60850213371201,334.4624452686919,1.4684864071383437,13.989189147949219,0.0
1002451854.995,1002451951.995,1002451905.3225,1002451859.82,1002451945.425,0.08054039441328548,0.06535474938378927,1.659132124913681e-17,1.3463078373060589e-17,22.81496561986424,0.6450677108515883,1.8114512705008252,0.027614811638878065,0.07015028838973936,5.6886511976088814e-18,1.445095940828631e-17,23.977144786901487,1.372604409299928,,0.21420924608033073,0.051284097435674664,4.412710469254813e-17,1.0564524071748981e-17,21.752904468272508,0.23303856043668603,0.29712521698720806,16.0,17.4466075537656,41.0,37.80162841600967,81.44656625710235,10.886868983810787,15.197475967942315,0.9171888346973206,524.8251953125,661.5996704101562,289.85464795912134,334.4624558131748,1.4685084444697876,7.5,0.0
