t0,t1,t_mean,t0_data,t1_data,cps_bgsub,cps_bgsub_err,flux_bgsub,flux_bgsub_err,mag_bgsub,mag_bgsub_err_1,mag_bgsub_err_2,cps_mcatbgsub,cps_mcatbgsub_err,flux_mcatbgsub,flux_mcatbgsub_err,mag_mcatbgsub,mag_mcatbgsub_err_1,mag_mcatbgsub_err_2,cps,cps_err,flux,flux_err,mag,mag_err_1,mag_err_2,counts,flat_counts,bg_counts,bg_flat_counts,exptime,bg,mcat_bg,responses,detxs,detys,detrad,racent,deccent,q_mean,flags
841573047.995,841573157.995,841573116.8711112,841573059.57,841573156.865,-0.013583282075711437,0.04739442429013045,-2.7981561075965562e-18,9.763251403766873e-18,,,,,,,,,,,0.10094742499201463,0.03243943442477136,2.0795169548355014e-17,6.6825234915029e-18,22.56976188684845,0.3025445049550264,0.42088504000906823,9.0,9.683758339680667,41.0,38.148560232534585,95.92873062831165,10.986785346969963,,0.9295336615019806,663.0877075195312,427.3098449707031,264.5013600725075,266.73296879503846,59.201411620473614,10.44444465637207,0.0
868279735.995,868279811.995,868279782.3304546,868279738.53,868279811.74,0.08863572375000663,0.0668783436606207,1.8258959092501366e-17,1.3776938794087865e-17,22.710978011857648,0.6104022126680277,1.5250054914162376,,,,,,,,0.19146832058758725,0.05394338118610048,3.9442474041042975e-17,1.1112336524336698e-17,21.874757679984082,0.2694958475037055,0.35928866437634355,11.0,12.598461892507679,27.0,23.494105473044517,65.7991977672594,6.766302376236822,,0.8732120175042557,625.5132446289062,264.0672607421875,263.3133743378588,266.7321550376087,59.20128386362903,11.909090995788574,0.0
996436147.995,996437463.995,996436830.3071278,996436151.96,996437462.39,0.0011323653373598887,0.01541483010561593,2.332672594961371e-19,3.1754550017568816e-18,27.445033583042438,2.911844574265487,,-0.011187767069720758,0.015762158292076237,-2.304680016362476e-18,3.2470046081677047e-18,,,,0.13573878491949037,0.010922734717651988,2.796218969341502e-17,2.2500833518363097e-18,22.248240106903708,0.0840305584948382,0.09108380501271895,141.0,154.43479021678792,582.0,531.7585359080038,1137.735175015649,153.1464583415051,167.16350634189098,0.9131118778358092,639.9021606445312,500.7321472167969,260.1922600017551,266.73309216205087,59.20129223796955,8.929078102111816,0.0
