t0,t1,t_mean,t0_data,t1_data,cps_bgsub,cps_bgsub_err,flux_bgsub,flux_bgsub_err,mag_bgsub,mag_bgsub_err_1,mag_bgsub_err_2,cps_mcatbgsub,cps_mcatbgsub_err,flux_mcatbgsub,flux_mcatbgsub_err,mag_mcatbgsub,mag_mcatbgsub_err_1,mag_mcatbgsub_err_2,cps,cps_err,flux,flux_err,mag,mag_err_1,mag_err_2,counts,flat_counts,bg_counts,bg_flat_counts,exptime,bg,mcat_bg,responses,detxs,detys,detrad,racent,deccent,q_mean,flags
907337348.995,907339054.995,907338205.3791548,907337349.135,907339051.985,0.8089860083275797,0.02835213613345836,1.6665111771548143e-16,5.840540043492422e-18,20.31014747396274,0.03739966320290833,0.03873404687606907,0.8717713772230012,0.027610216934364072,1.7958490370793826e-16,5.687704688478999e-18,20.228993485572083,0.03385347428985952,0.03494309827083697,1.0122744651234354,0.02587296518872108,2.085285398154277e-16,5.3298308288765425e-18,20.066754295500598,0.02740187876244704,0.028111394544623636,1331.0,1530.749602157815,1227.0,1067.3973118517592,1512.188299614134,307.4104258133067,212.467125582693,0.8697649572092179,325.9649353027344,486.9131164550781,114.17127754677303,19.157432476558835,-1.8245042102404199,13.719008445739746,0.0
1003877194.995,1003877289.995,1003877240.3191096,1003877196.615,1003877287.92,0.9097179589069684,0.1202170893357906,1.8740189953483547e-16,2.4764720403172863e-17,20.18273307929647,0.1347576724205659,0.15388538899171422,0.9182375075056934,0.11979518568313235,1.8915692654617283e-16,2.4677808250725266e-17,20.17261242864711,0.13314000859368846,0.15177869915513398,1.0628151455617822,0.11239421138703758,2.1893991998572714e-16,2.315320754572974e-17,20.013855663347663,0.10914376490634226,0.12135435263833116,73.0,89.41854121147806,55.0,44.72440464489605,84.13367233698317,12.880628537730065,12.163847627465934,0.8164971612850549,356.168212890625,396.9739074707031,43.93612178148452,19.157369367662152,-1.8243802365473414,13.821917533874512,0.0
