t0,t1,t_mean,t0_data,t1_data,cps_bgsub,cps_bgsub_err,flux_bgsub,flux_bgsub_err,mag_bgsub,mag_bgsub_err_1,mag_bgsub_err_2,cps_mcatbgsub,cps_mcatbgsub_err,flux_mcatbgsub,flux_mcatbgsub_err,mag_mcatbgsub,mag_mcatbgsub_err_1,mag_mcatbgsub_err_2,cps,cps_err,flux,flux_err,mag,mag_err_1,mag_err_2,counts,flat_counts,bg_counts,bg_flat_counts,exptime,bg,mcat_bg,responses,detxs,detys,detrad,racent,deccent,q_mean,flags
815438724.995,815440161.995,815439453.3746696,815438726.665,815440161.56,0.03010385300610872,0.017276287195482114,6.201393719258397e-18,3.558915162269315e-18,23.883444788241185,0.49243564199230505,0.9261945831579226,-0.001963357900635543,0.018019610312656326,-4.0445172753092183e-19,3.712039724407203e-18,,,,0.19745416061659665,0.012710232214683601,4.067555708701891e-17,2.6183078362248218e-18,21.84133427670018,0.06773212031212239,0.07224028770133373,227.0,241.33794387231723,755.0,710.2207330572123,1222.2479542526894,204.54357112047717,243.73765404983487,0.9408419613580736,387.98809814453125,699.9912109375,300.2315979805141,12.31594195937248,40.04994307608209,9.039647102355957,32.0
842300506.995,842302041.995,842301304.265876,842300508.045,842302036.465,0.028963292856909153,0.016474654648990797,5.966438328523286e-18,3.393778857692104e-18,23.925380161065554,0.4889269247445043,0.9133321279130904,-0.006554833448294345,0.017282493198057462,-1.350295690348635e-18,3.560193598799837e-18,,,,0.19123284657390827,0.012117175017815169,3.93939663942251e-17,2.4961380536699245e-18,21.876093775696,0.06670433283109034,0.07107226006416667,234.0,249.07045714644707,782.0,733.8449029789952,1302.446005530674,211.34733205795064,257.6077737880969,0.9396634072056889,664.5944213867188,544.2520751953125,301.36169137288596,12.315801320798634,40.04990356487253,8.371794700622559,32.0
1004758019.995,1004759290.995,1004758864.2286764,1004758036.4,1004759288.675,0.02009776789225229,0.051655893291264174,4.140140185803971e-18,1.064111401800042e-17,24.322130434297954,1.3817405982044093,,-0.02559222192969544,0.05426548385464033,-5.27199771751726e-18,1.1178689674055907e-17,,,,0.23058251405631966,0.037349143790551154,4.749999789560185e-17,7.693923620853537e-18,21.672934074962217,0.1629941532708763,0.1918606033946837,34.0,38.11460641446768,135.0,120.80730877292038,165.29703724697097,34.792504926601076,42.344924876013295,0.8926070886091597,278.8603820800781,363.205078125,126.60439686508526,12.315831086420099,40.049935832484536,6.470588207244873,36.0
