t0,t1,t_mean,t0_data,t1_data,cps_bgsub,cps_bgsub_err,flux_bgsub,flux_bgsub_err,mag_bgsub,mag_bgsub_err_1,mag_bgsub_err_2,cps_mcatbgsub,cps_mcatbgsub_err,flux_mcatbgsub,flux_mcatbgsub_err,mag_mcatbgsub,mag_mcatbgsub_err_1,mag_mcatbgsub_err_2,cps,cps_err,flux,flux_err,mag,mag_err_1,mag_err_2,counts,flat_counts,bg_counts,bg_flat_counts,exptime,bg,mcat_bg,responses,detxs,detys,detrad,racent,deccent,q_mean,flags
777249272.995,777249382.995,777249336.4107728,777249278.391,777249380.215,0.15669005277161,0.06274153751478871,3.227815087095166e-17,1.2924756728046474e-17,22.092396432943428,0.36564430940228476,0.5553787645832209,0.12263307964066539,0.0654884771554464,2.526241440597707e-17,1.3490626294021957e-17,22.358480913295807,0.4645773235059423,0.8290810467520018,0.26864886857293946,0.052711926487599974,5.5341666926025525e-17,1.0858656856445595e-17,21.50703746035653,0.194519693327333,0.23714517221261744,22.0,25.97480249408124,44.0,37.586600382853426,96.68681142064425,10.824940910261788,14.117801048931376,0.847271330482705,533.652099609375,307.8825988769531,162.32220833779527,0.7731456392958195,12.134028086039036,14.818181991577148,0.0
1003746536.995,1003748042.995,1003747237.433208,1003746549.31,1003748041.655,0.15666840333366322,0.016905039524978027,3.227369108673462e-17,3.4824381421454736e-18,22.092546456522946,0.11125465116102973,0.12397018185036401,0.11205405207729746,0.01787875758412644,2.3083134727923276e-17,3.6830240623300466e-18,22.45643108492646,0.16072815921653216,0.18872644770186042,0.26655462835502164,0.014225283482259243,5.4910253441134454e-17,2.930408397345404e-18,21.51553443036588,0.056449513704965426,0.05954616930898737,293.0,351.1159804631687,603.0,502.5914944594624,1317.2383560923226,144.7463504043252,203.51408511138587,0.8347541165570553,274.5214538574219,309.3028869628906,154.82516544580633,0.7730858409804504,12.134002335779197,11.703071594238281,0.0
