t0,t1,t_mean,t0_data,t1_data,cps_bgsub,cps_bgsub_err,flux_bgsub,flux_bgsub_err,mag_bgsub,mag_bgsub_err_1,mag_bgsub_err_2,cps_mcatbgsub,cps_mcatbgsub_err,flux_mcatbgsub,flux_mcatbgsub_err,mag_mcatbgsub,mag_mcatbgsub_err_1,mag_mcatbgsub_err_2,cps,cps_err,flux,flux_err,mag,mag_err_1,mag_err_2,counts,flat_counts,bg_counts,bg_flat_counts,exptime,bg,mcat_bg,responses,detxs,detys,detrad,racent,deccent,q_mean,flags
855755995.995,855756104.995,855756053.6341666,855755999.05,855756099.65,0.053298714969091776,0.050999915593916374,1.0979535283632905e-17,1.0505982612346773e-17,23.2632081541953,0.728904669680773,3.413039169758772,-0.0013376748511346878,0.0563562411033437,-2.7556101933374566e-19,1.1609385667288803e-17,,,,0.1502147908773802,0.03976145881111753,3.094424692074032e-17,8.19086051509021e-18,22.138218256209633,0.25496653130282,0.33383468917115167,12.0,14.272523779935595,38.0,31.97359071771649,95.01410411432921,9.208394126702352,14.399621757512426,0.8408948096722781,315.8050537109375,392.3850402832031,84.53861006727375,261.17799944121106,73.35009195985369,13.75,0.0
1000552471.995,1000554037.995,1000553265.1806115,1000552478.205,1000554028.095,0.054101768964330686,0.014542984425892646,1.1144964406652122e-17,2.995854791733885e-18,23.246971336360765,0.25848970920203485,0.3399213155502636,0.0009155078397072299,0.015836483764071308,1.8859461497968935e-19,3.2623156553986894e-18,27.675844830953466,3.1560109476115485,,0.1701807179579804,0.011213175874765877,3.505722789934396e-17,2.3099142302017706e-18,22.002724121187285,0.06928078004574445,0.0740047304823932,188.0,230.33685627352426,669.0,545.5242527447797,1353.483867252206,157.1109847904966,229.0977311821376,0.8163843887144232,438.4432067871094,471.0128479003906,80.75088058343677,261.1779218099006,73.34985764350942,13.797872543334961,0.0
