t0,t1,t_mean,t0_data,t1_data,cps_bgsub,cps_bgsub_err,flux_bgsub,flux_bgsub_err,mag_bgsub,mag_bgsub_err_1,mag_bgsub_err_2,cps_mcatbgsub,cps_mcatbgsub_err,flux_mcatbgsub,flux_mcatbgsub_err,mag_mcatbgsub,mag_mcatbgsub_err_1,mag_mcatbgsub_err_2,cps,cps_err,flux,flux_err,mag,mag_err_1,mag_err_2,counts,flat_counts,bg_counts,bg_flat_counts,exptime,bg,mcat_bg,responses,detxs,detys,detrad,racent,deccent,q_mean,flags
780917461.995,780917589.995,780917531.4950455,780917469.981,780917585.306,0.09612481690462972,0.05645071356004233,1.9801712282353722e-17,1.162884699336872e-17,22.622911186048704,0.5016234074438017,0.960821013310877,,,,,,,,0.22452250014626424,0.04502576731330664,4.625163503013043e-17,9.275308066541167e-18,21.701850325964323,0.19844168775264492,0.24300830394385997,22.0,24.865517027781802,56.0,49.374456050753736,110.74844174451677,14.219843342617077,,0.8850948522886438,243.9203643798828,166.36915588378906,280.9701478409438,25.417989846326346,30.824147329088145,9.454545021057129,0.0
816284702.995,816284845.995,816284771.4912,816284708.157,816284835.183,0.03246013503466953,0.04464049822244858,6.686787817141924e-18,9.195942633824408e-18,23.801624194585475,0.9392690573180111,,,,,,,,,0.14052008200676755,0.03356333542087995,2.8947136893394115e-17,6.914047096701269e-18,22.210654013570007,0.23254752288742253,0.29632552625528774,15.0,17.528573048387393,55.0,46.80372625627791,124.74069754345294,13.479473161808041,,0.8558767469839109,335.69024658203125,119.36502075195312,287.9092495253177,25.418018796775566,30.82419978778914,9.533333778381348,0.0
974580963.995,974581582.995,974581260.9440426,974580966.58,974581579.41,0.06403038793650809,0.024924960524176136,1.3190259914920665e-17,5.1345418679802836e-18,23.064034667344373,0.3569648304945936,0.5353727402113861,0.04472120765068942,0.02563265148936168,9.21256877604202e-18,5.280326206808506e-18,23.453716193207203,0.4919360054614472,0.9243511066680163,0.19965324235753185,0.01923407773684324,4.112856792565156e-17,3.9622200137897076e-18,21.82930908123546,0.0998605914533428,0.10998424973328724,94.0,107.74819437822907,292.0,254.14058567892766,539.6766569173842,73.19248867553118,83.61320253999686,0.8728929103225587,504.9566650390625,718.9000854492188,335.72781540355123,25.41779738961922,30.82415420649211,7.127659797668457,32.0
