t0,t1,t_mean,t0_data,t1_data,cps_bgsub,cps_bgsub_err,flux_bgsub,flux_bgsub_err,mag_bgsub,mag_bgsub_err_1,mag_bgsub_err_2,cps_mcatbgsub,cps_mcatbgsub_err,flux_mcatbgsub,flux_mcatbgsub_err,mag_mcatbgsub,mag_mcatbgsub_err_1,mag_mcatbgsub_err_2,cps,cps_err,flux,flux_err,mag,mag_err_1,mag_err_2,counts,flat_counts,bg_counts,bg_flat_counts,exptime,bg,mcat_bg,responses,detxs,detys,detrad,racent,deccent,q_mean,flags
753889498.995,753889622.995,753889566.5003333,753889519.875,753889620.211,0.02226585778476768,0.02299560549822115,3.117220089867476e-17,3.219384769750961e-17,22.9509014228999,0.7702228988829738,,-0.002125413804916322,0.027109454450286632,-2.975579326882851e-18,3.795323623040129e-17,,,,0.04241995016829406,0.018933583526331767,5.938793023561168e-17,2.6507016936864474e-17,22.251074614987566,0.4006735680925928,0.6418857942598919,3.0,5.019664235190646,13.0,8.28085674122616,118.33262922931235,2.3848867414731343,5.271170038926671,0.5998796989416318,708.8015747070312,500.4859313964844,324.7396417904059,54.14312388907674,1.0218842297563733,16.0,40.0
912301288.995,912302507.995,912301931.31,912301352.215,912302486.415,0.03508338572534113,0.007414855300837874,4.9116740015477585e-17,1.0380797421173025e-17,22.45724625413729,0.20817364229642266,0.2577885138467977,0.011050217370740469,0.008673769835278141,1.5470304319036657e-17,1.2143277769389399e-17,23.71157294703211,0.6290597274163581,1.668606475789975,0.05016073571510116,0.006501806265656263,7.022503000114162e-17,9.102528771918768e-18,22.06909025566935,0.13233039024850157,0.1507270386588928,36.0,59.51956467218683,101.0,62.119560845475576,1186.5767880726708,17.89043352349697,46.40763323690877,0.6092437943277159,717.3949584960938,509.5934753417969,335.78309891391217,54.14320289582299,1.0218913618802565,13.722222328186035,40.0
