t0,t1,t_mean,t0_data,t1_data,cps_bgsub,cps_bgsub_err,flux_bgsub,flux_bgsub_err,mag_bgsub,mag_bgsub_err_1,mag_bgsub_err_2,cps_mcatbgsub,cps_mcatbgsub_err,flux_mcatbgsub,flux_mcatbgsub_err,mag_mcatbgsub,mag_mcatbgsub_err_1,mag_mcatbgsub_err_2,cps,cps_err,flux,flux_err,mag,mag_err_1,mag_err_2,counts,flat_counts,bg_counts,bg_flat_counts,exptime,bg,mcat_bg,responses,detxs,detys,detrad,racent,deccent,q_mean,flags
753889977.995,753890107.995,753890053.4711363,753889981.117,753890107.6,0.05956474766089263,0.060680881987778136,1.2270338018143881e-17,1.2500261689482296e-17,23.142526734286164,0.7626999863195962,,,,,,,,,0.23202977669073221,0.04595865084040927,4.779813399829084e-17,9.467482073124308e-18,21.66614069485618,0.19620748713358793,0.2396618416449705,22.0,25.489006142563227,76.0,65.78361537099381,109.85230648451214,18.945681226846222,,0.8632938378336985,340.3889465332031,254.92555236816406,156.844104291821,53.96695793286761,-0.5367399887949639,13.090909004211426,0.0
849774426.995,849774533.995,849774480.89475,849774431.45,849774528.29,0.1370588919481076,0.06387353267236563,2.8234131741310165e-17,1.315794773050732e-17,22.237731958889725,0.41535702098795113,0.6812075181675432,0.03908626451429761,0.07178648806874725,8.051770489945307e-18,1.4788016542161935e-17,23.599939583087146,1.132001657279627,,0.2547064492518996,0.05282784460103273,5.2469528545891316e-17,1.0882535987812741e-17,21.564900146041563,0.20463402600022818,0.25237411819458444,20.0,23.24631400687902,44.0,37.28246209262086,91.26708049661075,10.73734908267481,19.6790247571408,0.8604425497291638,541.4266357421875,461.54473876953125,154.23763537983598,53.967069296532806,-0.5366326329654951,12.199999809265137,8.0
912537424.995,912539115.995,912538262.0267279,912537429.33,912539111.65,0.07099860116797536,0.01606001760601127,1.4625711840602924e-17,3.3083636268383212e-18,22.951875519435198,0.22140495090875234,0.27843083517019096,0.007859168741514547,0.01736751343464996,1.6189887607519967e-18,3.577707767537891e-18,25.34155846634694,1.2662088055487004,,0.221801550289022,0.012390940120410449,4.569111935953853e-17,2.5525336648045524e-18,21.715088556652734,0.059020968954381914,0.06241473780129425,272.0,320.4207541076275,892.0,756.4381221520507,1444.6281087309724,217.85417917979063,309.06717803237575,0.8490685779436324,548.8429565429688,415.9346923828125,149.69348727912964,53.96693986152758,-0.5366466035917642,12.621323585510254,0.0
