t0,t1,t_mean,t0_data,t1_data,cps_bgsub,cps_bgsub_err,flux_bgsub,flux_bgsub_err,mag_bgsub,mag_bgsub_err_1,mag_bgsub_err_2,cps_mcatbgsub,cps_mcatbgsub_err,flux_mcatbgsub,flux_mcatbgsub_err,mag_mcatbgsub,mag_mcatbgsub_err_1,mag_mcatbgsub_err_2,cps,cps_err,flux,flux_err,mag,mag_err_1,mag_err_2,counts,flat_counts,bg_counts,bg_flat_counts,exptime,bg,mcat_bg,responses,detxs,detys,detrad,racent,deccent,q_mean,flags
749327417.995,749327531.995,749327462.8498333,749327419.062,749327528.771,0.10032417234101706,0.06870533805553673,2.0666779502249516e-17,1.4153299639440566e-17,22.576486036104967,0.5663923698809299,1.2536493277916243,,,,,,,,0.24747494253916125,0.054408080856024804,5.097983816306721e-17,1.120806465634111e-17,21.596171919784467,0.2157686469174287,0.26955873734133107,18.0,20.68881659733434,49.0,42.71441564881508,83.59964198824079,12.301751706858745,,0.8701808673251243,452.5975341796875,482.6946716308594,98.00463926732782,11.787366233478272,-0.9131786163012632,15.05555534362793,0.0
874662939.995,874664601.995,874663764.774202,874662947.675,874664597.42,0.15041586666998655,0.016036972005705113,3.0985668534017227e-17,3.3036162331752532e-18,22.13676587405893,0.10999388902189722,0.12240646476033135,0.11902882794202331,0.01670225378057225,2.45199385560568e-17,3.4406642787978833e-18,22.39086960702461,0.14256788267608655,0.1641593069121896,0.26051460619259803,0.013445528664747793,5.3666008875675196e-17,2.7697789049380454e-18,21.540419805565485,0.0546382338657736,0.05753421012177995,307.0,375.41220662097953,675.0,550.8916263964015,1441.0409155463549,158.65678840216367,203.8867954269967,0.8180019153995814,341.8808898925781,325.7859191894531,94.2632523851846,11.787084806545273,-0.9131194713409173,13.925081253051758,0.0
875804942.995,875806537.995,875805696.011004,875804945.435,875806533.55,0.12682547654731574,0.01522623861640898,2.612604816874704e-17,3.13660515498025e-18,22.32198374285991,0.12309994750473408,0.13886318469380754,0.0800687976779691,0.016281083283939044,1.6494172321661634e-17,3.353903156491443e-18,22.82134173214608,0.2009696882231431,0.24681566527773313,0.22649206927496032,0.012688336064286305,4.6657366270641824e-17,2.613797229242979e-18,21.692367501019955,0.059181494896051845,0.06259428867559436,254.0,318.63732936913834,610.0,486.85628123572394,1406.836585444915,140.2146089958885,205.99361544318455,0.7974008106925644,418.0799865722656,298.6289978027344,102.97070457625964,11.7870434428514,-0.9130719102462405,14.003936767578125,0.0
