t0,t1,t_mean,t0_data,t1_data,cps_bgsub,cps_bgsub_err,flux_bgsub,flux_bgsub_err,mag_bgsub,mag_bgsub_err_1,mag_bgsub_err_2,cps_mcatbgsub,cps_mcatbgsub_err,flux_mcatbgsub,flux_mcatbgsub_err,mag_mcatbgsub,mag_mcatbgsub_err_1,mag_mcatbgsub_err_2,cps,cps_err,flux,flux_err,mag,mag_err_1,mag_err_2,counts,flat_counts,bg_counts,bg_flat_counts,exptime,bg,mcat_bg,responses,detxs,detys,detrad,racent,deccent,q_mean,flags
753889498.995,753889622.995,753889555.33975,753889512.163,753889612.026,0.05472988030997859,0.03088417911976246,7.662183243397003e-17,4.323785076766745e-17,21.97443875406237,0.48580147858742606,0.9020360021347145,0.0471519393796203,0.031904103785976495,6.601271513146842e-17,4.4665745300367093e-17,22.13625109959946,0.5610887837886374,1.2257283988081156,0.08379969511717597,0.026611475933309665,1.1731957316404638e-16,3.725606630663353e-17,21.511893903578514,0.2994264439487786,0.41483966387897553,8.0,9.916238251830201,15.0,11.944123671336325,118.33262922931235,3.439907617344862,4.336625291778581,0.8072882842932844,570.7222290039062,409.75897216796875,171.0009269385327,54.417277462674484,0.9984247890962941,15.75,0.0
912300802.995,912302507.995,912301670.4518851,912300810.745,912302502.775,0.0742297744418944,0.008315749645842575,1.0392168421865216e-16,1.1642049504179605e-17,21.64355464778269,0.1152884708924411,0.1290007746284445,0.06194006867351292,0.008749649446631907,8.671609614291809e-17,1.224950922528467e-17,21.84007079368189,0.1434614183999372,0.16534567311848392,0.09450121066720289,0.007545723608167614,1.3230169493408406e-16,1.056401305143466e-17,21.381406569131137,0.08340647423835534,0.09035095081060973,122.0,156.84582317656555,150.0,116.82280161933548,1659.722897401987,33.64496686636862,54.04247293248462,0.7793197257290797,579.5708618164062,415.9068603515625,180.27402092295767,54.41757592655695,0.9983097563582806,14.647541046142578,8.0
