t0,t1,t_mean,t0_data,t1_data,cps_bgsub,cps_bgsub_err,flux_bgsub,flux_bgsub_err,mag_bgsub,mag_bgsub_err_1,mag_bgsub_err_2,cps_mcatbgsub,cps_mcatbgsub_err,flux_mcatbgsub,flux_mcatbgsub_err,mag_mcatbgsub,mag_mcatbgsub_err_1,mag_mcatbgsub_err_2,cps,cps_err,flux,flux_err,mag,mag_err_1,mag_err_2,counts,flat_counts,bg_counts,bg_flat_counts,exptime,bg,mcat_bg,responses,detxs,detys,detrad,racent,deccent,q_mean,flags
747071038.995,747072719.995,747071794.1964473,747071041.6,747072689.76,0.0192178453427182,0.004323564795109591,2.690498347980548e-17,6.052990713153428e-18,23.110738264902714,0.22031944905730327,0.27671291028640255,0.016042489853982073,0.00453861139511437,2.2459485795574903e-17,6.354055953160118e-18,23.306820566761868,0.2704920897193084,0.3610687216342292,0.025181960561050567,0.0038876313324016404,3.5254744785470795e-17,5.442683865362297e-18,22.81727615144616,0.15587348838290538,0.18206393768022266,38.0,41.95743510293087,38.0,34.50427680011213,1666.1703127208953,9.937231718432294,15.227914766099774,0.9072531426393097,408.744140625,304.4620056152344,95.93731477549954,5.4997096781347885,-1.2438350036932533,7.473684310913086,0.0
750700288.995,750700404.995,750700392.482,750700392.482,750700392.482,0.006598494710464524,0.009917913959205183,9.237892594650335e-18,1.3885079542887255e-17,24.271387817774396,0.9961768682584591,,,,,,,,,0.008907111357247699,0.00883842829769234,1.2469955900146779e-17,1.2373799616769276e-17,23.94565779518584,0.7483808229351467,5.282218122313065,1.0,1.0156023048071294,1.0,0.9139998637940978,114.02151203383528,0.2632319607727002,,0.9846373873579458,464.8963317871094,456.8589172363281,86.28134415219894,5.50006205778938,-1.24256261910361,14.0,0.0
877822200.995,877823884.995,877823051.0879067,877822204.305,877823846.1,0.017018525827496866,0.004594216255898638,2.3825936158495613e-17,6.4319027582580936e-18,23.24269515479887,0.25946983185651007,0.3416241852040649,0.016660071305586343,0.004617646279714283,2.332409982782088e-17,6.464704791599997e-18,23.26580786033082,0.265620461062273,0.35240726179432613,0.02603622944877945,0.003959424833954828,3.645072122829123e-17,5.54319476753676e-18,22.781054774544955,0.1537006231993061,0.17910469033191134,43.0,43.24062622955792,52.0,52.00167761852058,1660.786801507658,14.976483154133929,15.571799693063664,0.9955876767876846,384.64227294921875,485.4878845214844,86.85642279143751,5.499662764220394,-1.2437417480326731,12.209301948547363,0.0
