t0,t1,t_mean,t0_data,t1_data,cps_bgsub,cps_bgsub_err,flux_bgsub,flux_bgsub_err,mag_bgsub,mag_bgsub_err_1,mag_bgsub_err_2,cps_mcatbgsub,cps_mcatbgsub_err,flux_mcatbgsub,flux_mcatbgsub_err,mag_mcatbgsub,mag_mcatbgsub_err_1,mag_mcatbgsub_err_2,cps,cps_err,flux,flux_err,mag,mag_err_1,mag_err_2,counts,flat_counts,bg_counts,bg_flat_counts,exptime,bg,mcat_bg,responses,detxs,detys,detrad,racent,deccent,q_mean,flags
780112827.995,780112935.995,780112870.257,780112869.643,780112870.871,0.01674055192135845,0.015411952576885659,2.3436772689901833e-17,2.1576733607639924e-17,23.260575569493533,0.7086125886475401,2.750939345941724,,,,,,,,0.019913169868719632,0.014313818742892412,2.7878437816207486e-17,2.0039346240049378e-17,23.07214900375917,0.5880707296281571,1.377506740689718,2.0,1.9353956927347689,1.0,1.0706676003480997,97.1917432279309,0.3083522689002528,,1.033590305426102,159.55682373046875,589.2664794921875,305.99791057121206,21.60732961101155,0.564509211323334,10.5,32.0
781402923.995,781403325.995,781402985.5580001,781402957.939,781403013.177,-0.0005452703859004049,0.010575766470469391,-7.633785402605669e-19,1.4806073058657148e-17,,,,0.001364157880014291,0.010148855851384822,1.9098210320200076e-18,1.420839819193875e-17,25.9828384098823,2.3158109664795674,,0.011796425568694808,0.007393249005557818,1.651499579617273e-17,1.0350548607780946e-17,23.64062392049686,0.5282929451671272,1.0699608280058825,2.0,2.5458346698584133,12.0,9.248304492007861,215.8140747833407,2.6635116936982643,2.2514301991247256,0.7863266473671479,202.40609741210938,150.87266540527344,317.97449454663126,21.6082111151552,0.5647700898540216,5.5,40.0
875378931.995,875380467.995,875379728.623846,875378933.64,875380464.265,0.0027804531372213636,0.0045954530366140115,3.8926343921099096e-18,6.433634251259617e-18,25.209711050710357,1.0592495096648769,,0.006048148009924689,0.004355740560856881,8.467407213894565e-18,6.098036785199634e-18,24.36594397336905,0.5889332036334025,1.382793706145172,0.01747061657873215,0.003387030922973183,2.4458863210225012e-17,4.7418432921624566e-18,23.214229418708136,0.19239272751513425,0.23398748258287227,26.0,26.605911469824708,79.0,77.67907567049184,1522.8948188476304,22.371573793101653,17.39521820188679,0.978833745882999,124.65251922607422,241.83111572265625,317.54311694963127,21.607135113760485,0.5646908607496849,7.538461685180664,32.0
