t0,t1,t_mean,t0_data,t1_data,cps_bgsub,cps_bgsub_err,flux_bgsub,flux_bgsub_err,mag_bgsub,mag_bgsub_err_1,mag_bgsub_err_2,cps_mcatbgsub,cps_mcatbgsub_err,flux_mcatbgsub,flux_mcatbgsub_err,mag_mcatbgsub,mag_mcatbgsub_err_1,mag_mcatbgsub_err_2,cps,cps_err,flux,flux_err,mag,mag_err_1,mag_err_2,counts,flat_counts,bg_counts,bg_flat_counts,exptime,bg,mcat_bg,responses,detxs,detys,detrad,racent,deccent,q_mean,flags
843839929.995,843840040.995,843839937.7525,843839932.21,843839943.295,0.004891768249243349,0.0182361828363873,6.848475548940689e-18,2.553065597094222e-17,24.59633531534188,1.6866782157272873,,0.005373214508217861,0.018115428056267056,7.522500311505006e-18,2.536159927877388e-17,24.494414553205214,1.6015593510253332,,0.0206830649335118,0.013732434484530322,2.8956290906916524e-17,1.922540827834245e-17,23.030962761493235,0.5528479519147034,1.1839767421048535,2.0,2.2684787706796,7.0,6.013746667214514,109.67807614451233,1.7319590401577802,1.6791549407064832,0.8817617197428687,449.1810607910156,355.03448486328125,66.63838452453705,350.0585638889085,0.39546666891661897,8.5,0.0
873339073.995,873339167.995,1.5e-323,-1.7306036769442436e-77,1.5e-323,-0.006101875828226068,0.008149303006279392,-8.542626159516496e-18,1.1409024208791149e-17,,,,,,,,,,,0.0,0.0,0.0,0.0,inf,,,1.5e-323,1.5e-323,2.0,1.9466743722666613,91.8803061542778,0.5606422192127986,,1.5e-323,1.5e-323,1.5e-323,565.685424949238,160000.0,1.5e-323,1.5e-323,0.0
907609476.995,907611147.995,907610249.016111,907609483.645,907610966.715,0.005499291582323544,0.004302737862170039,7.699008215252962e-18,6.0238330070380555e-18,24.46923313158411,0.6275231384931672,1.655936365027813,0.002214221032617076,0.004528131264174629,3.0999094456639064e-18,6.33938376984448e-18,25.45694757059611,1.2089761736880256,,0.01802741109831311,0.003304963400804289,2.5238375537638358e-17,4.626948761126005e-18,23.18016659368292,0.1827645919488745,0.21988335598226172,27.0,29.75318181344576,79.0,71.7948766454955,1650.4411893191848,20.67692447390271,26.09874021895768,0.9085200959438112,398.83734130859375,225.0051727294922,174.9986895570009,350.05843975131444,0.39526573789708447,10.44444465637207,0.0
