t0,t1,t_mean,t0_data,t1_data,cps_bgsub,cps_bgsub_err,flux_bgsub,flux_bgsub_err,mag_bgsub,mag_bgsub_err_1,mag_bgsub_err_2,cps_mcatbgsub,cps_mcatbgsub_err,flux_mcatbgsub,flux_mcatbgsub_err,mag_mcatbgsub,mag_mcatbgsub_err_1,mag_mcatbgsub_err_2,cps,cps_err,flux,flux_err,mag,mag_err_1,mag_err_2,counts,flat_counts,bg_counts,bg_flat_counts,exptime,bg,mcat_bg,responses,detxs,detys,detrad,racent,deccent,q_mean,flags
749492566.995,749492678.995,5e-324,1.4916681462400413e-154,5e-324,-0.01802683007201199,0.01280644003549812,-2.523756210081679e-17,1.792901604969737e-17,,,,-0.01055810259878104,0.009800803384543063,-1.4781343638293458e-17,1.3721124738360288e-17,,,,0.0,0.0,0.0,0.0,inf,,,5e-324,5e-324,7.0,6.880015259156517,109.91640719537368,1.9814443946370772,1.16050870445815,5e-324,5e-324,5e-324,565.685424949238,160000.0,5e-324,5e-324,0.0
875775362.995,875776302.995,875775908.508,875775414.63,875776204.965,-0.005083810780006405,0.004081933010069505,-7.117335092008967e-18,5.7147062140973075e-18,,,,-0.0063008595451834555,0.004240233292978739,-8.821203363256838e-18,5.936326610170235e-18,,,,0.005154565824978496,0.0023621153157731807,7.216392154969895e-18,3.3069614420824534e-18,24.53951977491193,0.4095850943381443,0.6655165130267449,5.0,4.761918837218734,32.0,32.841917939877945,923.825400413545,9.458472366684848,10.582812929497347,1.0513406580693843,279.8369140625,536.737548828125,182.03385531693516,17.13511711124792,-0.21773274471920478,15.199999809265137,0.0
878715402.995,878716883.995,878715980.631,878715450.705,878716861.45,-0.0010791451500721707,0.0038951003118612797,-1.510803210101039e-18,5.453140436605792e-18,,,,-0.001250982976415249,0.003910188101287479,-1.751376166981349e-18,5.474263341802471e-18,,,,0.010529506722552203,0.0026862839211904345,1.4741309411573085e-17,3.760797489666608e-18,23.763979934498657,0.24671281002441958,0.31978368517756195,15.0,15.364280495072482,60.0,58.81573122200461,1459.16431794142,16.938930591937332,17.189670216609766,0.9772956294135413,421.0818786621094,579.3492431640625,180.58404312520506,17.135115100567926,-0.21853573964548045,18.200000762939453,0.0
