t0,t1,t_mean,t0_data,t1_data,cps_bgsub,cps_bgsub_err,flux_bgsub,flux_bgsub_err,mag_bgsub,mag_bgsub_err_1,mag_bgsub_err_2,cps_mcatbgsub,cps_mcatbgsub_err,flux_mcatbgsub,flux_mcatbgsub_err,mag_mcatbgsub,mag_mcatbgsub_err_1,mag_mcatbgsub_err_2,cps,cps_err,flux,flux_err,mag,mag_err_1,mag_err_2,counts,flat_counts,bg_counts,bg_flat_counts,exptime,bg,mcat_bg,responses,detxs,detys,detrad,racent,deccent,q_mean,flags
750688013.995,750688124.995,750688048.579,750688048.579,750688048.579,-0.0002233030116814119,0.01239625710952978,-3.1262421635397665e-19,1.7354759953341694e-17,,,,,,,,,,,0.008259337036572141,0.008706824648318037,1.1563071851200999e-17,1.2189554507645252e-17,24.02763702846466,0.7815960320757576,,1.0,0.8998513678110498,3.0,3.208958815788364,108.94958806336757,0.924180138947049,,1.1112946379495634,253.59547424316406,424.1805114746094,148.38794525586556,359.326328694332,0.570172424889336,8.0,0.0
845560507.995,845562190.995,845561440.0443751,845560532.775,845562088.095,0.0019419417856546232,0.004020141373705255,2.7187184999164727e-18,5.628197923187357e-18,25.599409483119352,1.2179045563558688,,0.0018537197433140676,0.004026748259725314,2.595207640639695e-18,5.63744756361544e-18,25.64988981131009,1.2534195393615448,,0.014380233751474182,0.0029437901564086455,2.0132327252063856e-17,4.121306218972104e-18,23.42558513603891,0.20220707204616062,0.24868738305574567,24.0,23.8626237522263,71.0,71.66721155771468,1659.4044411677266,20.64015692862183,20.786552977490636,1.006616114032419,255.6878204345703,454.2774353027344,154.18185740860477,359.32668340955024,0.5708289033934901,10.333333015441895,0.0
878685823.995,878687191.995,878686659.4200001,878686122.805,878687011.795,-0.00788186017175394,0.004169022789374364,-1.1034604240455516e-17,5.83663190512411e-18,,,,-0.005075736667808465,0.003911279500335465,-7.10603133493185e-18,5.475791300469651e-18,,,,0.007768354180130323,0.0024011462086452116,1.0875695852182452e-17,3.3616046921032963e-18,24.094177454992135,0.29242649813289745,0.40145148527991026,11.0,10.466966275309957,70.0,73.218294638521,1347.3853061543034,21.08686885589405,17.30593927942369,1.0524283514161983,303.58428955078125,520.164794921875,154.06351664181844,359.3266525291936,0.5711577220759342,13.090909004211426,0.0
