t0,t1,t_mean,t0_data,t1_data,cps_bgsub,cps_bgsub_err,flux_bgsub,flux_bgsub_err,mag_bgsub,mag_bgsub_err_1,mag_bgsub_err_2,cps_mcatbgsub,cps_mcatbgsub_err,flux_mcatbgsub,flux_mcatbgsub_err,mag_mcatbgsub,mag_mcatbgsub_err_1,mag_mcatbgsub_err_2,cps,cps_err,flux,flux_err,mag,mag_err_1,mag_err_2,counts,flat_counts,bg_counts,bg_flat_counts,exptime,bg,mcat_bg,responses,detxs,detys,detrad,racent,deccent,q_mean,flags
749492145.995,749492246.995,5e-324,1.2882297539194267e-231,5e-324,-0.015072954019954588,0.012876399068017581,-2.1102135627936425e-17,1.8026958695224614e-17,,,,,,,,,,,0.0,0.0,0.0,0.0,inf,,,5e-324,5e-324,5.0,4.757901041219736,90.90955217253509,1.370275499871284,,5e-324,5e-324,5e-324,565.685424949238,160000.0,5e-324,5e-324,0.0
875810858.995,875812453.995,875811668.1591176,875810901.335,875812390.9,0.0010104351531765733,0.0035751254571999526,1.4146092144472027e-18,5.0051756400799335e-18,26.308728882564324,1.642209978004523,,0.0001646154872824672,0.0036493441059029736,2.304616821954541e-19,5.109081748264163e-18,28.278823270243954,3.4122634892989723,,0.010586397070603177,0.0025905662586770094,1.4820955898844448e-17,3.626792762147813e-18,23.758129551712567,0.23766789501932806,0.3047114581040269,17.0,16.69963385796548,52.0,52.45038645936585,1577.4615052308814,15.105711300297367,16.439959263612565,1.019985556618734,339.71502685546875,426.673095703125,65.92216638904489,17.717464197666942,0.275580619983793,9.470588684082031,0.0
877053101.995,877054787.995,877054062.2272917,877053156.995,877054681.445,0.006034717505621888,0.003658136337977286,8.448604507870644e-18,5.121390873168201e-18,24.36835763770328,0.51448679809371,1.011760733815514,,,,,,,,0.014197143924080011,0.0029149335109519736,1.9876001493712017e-17,4.080906915332763e-18,23.43949753741711,0.20275437947606534,0.24951697494966396,24.0,23.72163744537496,47.0,47.3555048017639,1670.8739146568978,13.638385382908005,,1.0122596621597213,331.73681640625,410.1849670410156,69.01880749462855,17.71721739440325,0.2754696255084748,8.5,0.0
