t0,t1,t_mean,t0_data,t1_data,cps_bgsub,cps_bgsub_err,flux_bgsub,flux_bgsub_err,mag_bgsub,mag_bgsub_err_1,mag_bgsub_err_2,cps_mcatbgsub,cps_mcatbgsub_err,flux_mcatbgsub,flux_mcatbgsub_err,mag_mcatbgsub,mag_mcatbgsub_err_1,mag_mcatbgsub_err_2,cps,cps_err,flux,flux_err,mag,mag_err_1,mag_err_2,counts,flat_counts,bg_counts,bg_flat_counts,exptime,bg,mcat_bg,responses,detxs,detys,detrad,racent,deccent,q_mean,flags
749492422.995,749492534.995,749492472.4713334,749492442.762,749492511.898,0.01715480089165136,0.05653988166236834,3.5338889836801805e-18,1.1647215622447877e-17,24.494035795616565,1.5826261767038048,,,,,,,,,0.14912755553323392,0.04118159680869039,3.072027643984619e-17,8.48340894259022e-18,22.14610525236147,0.264754439526925,0.35087877794029865,12.0,13.113222599942507,44.0,40.294273363521214,87.93292797601146,11.60475072869411,,0.915323546366032,606.5156860351562,205.7108612060547,283.54364396308404,16.285499514718243,-0.012908185953851984,9.666666984558105,0.0
875769470.995,875769880.995,875769661.7851429,875769477.81,875769864.965,0.024531637635399534,0.0240194470095681,5.053517352892304e-18,4.948006083971028e-18,24.105683647596766,0.7411809891317738,4.200737288152521,,,,,,,,0.11763698146770465,0.017945644359230104,2.4233218182347157e-17,3.696802738001401e-18,22.403640319744667,0.1541504213206757,0.17971612774214663,35.0,42.97042316995224,145.0,118.08857421241727,365.279885915375,34.00950937317618,,0.814990144206419,380.5624084472656,228.1590576171875,172.9367787498773,16.285462059821775,-0.012574213009294854,12.057143211364746,0.0
