t0,t1,t_mean,t0_data,t1_data,cps_bgsub,cps_bgsub_err,flux_bgsub,flux_bgsub_err,mag_bgsub,mag_bgsub_err_1,mag_bgsub_err_2,cps_mcatbgsub,cps_mcatbgsub_err,flux_mcatbgsub,flux_mcatbgsub_err,mag_mcatbgsub,mag_mcatbgsub_err_1,mag_mcatbgsub_err_2,cps,cps_err,flux,flux_err,mag,mag_err_1,mag_err_2,counts,flat_counts,bg_counts,bg_flat_counts,exptime,bg,mcat_bg,responses,detxs,detys,detrad,racent,deccent,q_mean,flags
754203890.995,754204006.995,754203950.58675,754203911.054,754203990.012,-0.0018549899357948622,0.02536890608796191,-2.5969859101128074e-18,3.5516468523146675e-17,,,,,,,,,,,0.03503598955035006,0.01770569810697127,4.9050385370490085e-17,2.4787977349759782e-17,22.458714029649823,0.4440990858291691,0.764271304594395,4.0,3.91563918848905,14.0,14.315811679129862,111.76048511094292,4.1229537635894005,,1.0229368354591255,396.6968994140625,490.9317626953125,90.99173556074994,55.71966182815757,0.8315002093581862,13.75,0.0
912490092.995,912491793.995,912490955.9461476,912490095.79,912491771.79,-0.0047709374899782405,0.006858259438400217,-6.679312485969537e-18,9.601563213760304e-18,,,,-0.002201864282461966,0.006742669206749276,-3.082609995446753e-18,9.439736889448988e-18,,,,0.03604578986871305,0.00469660332749781,5.046410581619827e-17,6.575244658496934e-18,22.427863633433653,0.13297997279297746,0.15157067631657029,61.0,58.90353110493356,225.0,231.59675843434593,1634.1306798789428,66.69986642909164,62.5016650818343,1.0369186212084305,331.3420104980469,464.52008056640625,94.21656074568769,55.71892200516464,0.8319076490477807,10.34426212310791,0.0
