t0,t1,t_mean,t0_data,t1_data,cps_bgsub,cps_bgsub_err,flux_bgsub,flux_bgsub_err,mag_bgsub,mag_bgsub_err_1,mag_bgsub_err_2,cps_mcatbgsub,cps_mcatbgsub_err,flux_mcatbgsub,flux_mcatbgsub_err,mag_mcatbgsub,mag_mcatbgsub_err_1,mag_mcatbgsub_err_2,cps,cps_err,flux,flux_err,mag,mag_err_1,mag_err_2,counts,flat_counts,bg_counts,bg_flat_counts,exptime,bg,mcat_bg,responses,detxs,detys,detrad,racent,deccent,q_mean,flags
780112827.995,780112935.995,780112871.227,780112871.227,780112871.227,-0.0023411294393493524,0.014842213575195592,-3.2775812150890936e-18,2.077909900527383e-17,,,,-0.0008361663437640017,0.014311073651008852,-1.1706328812696025e-18,2.0035503111412392e-17,,,,0.009534683198032742,0.00990463436551096,1.3348556477245839e-17,1.3866488111715345e-17,23.871734330910943,0.7734368672130394,,1.0,0.9266924811428653,4.0,4.00774629331756,97.1917432279309,1.1542309324754574,1.007960945721814,1.0791066295981235,171.86351013183594,311.8878479003906,244.56085000872812,21.6364634142172,1.02624066522258,7.0,0.0
781402923.995,781403036.995,781402930.27,781402930.27,781402930.27,0.002067727774762195,0.013397542560358596,2.8948188846670733e-18,1.8756559584502036e-17,25.531266596368773,2.1846603862056284,,0.0007656587487338823,0.013837417438959517,1.0719222482274353e-18,1.9372384414543326e-17,26.609911876714172,3.201022754294648,,0.010788215382733,0.009962899538612164,1.51035015358262e-17,1.394805935405703e-17,23.737625979009422,0.7102295679164499,2.7908235644385897,1.0,1.1725401280305086,4.0,3.2909886742611674,108.68712631629595,0.9478047381872163,1.089322878891692,0.8528492766210735,480.71881103515625,165.8433380126953,247.67896319220597,21.6382839662461,1.02685380885614,6.0,0.0
875378931.995,875380467.995,875379933.5350001,875378990.495,875380392.315,0.004280739951328579,0.003703868838836688,5.9930359318600105e-18,5.185416374371363e-18,24.74120288529238,0.6768369916024319,2.1761001354847487,0.0014755220463980154,0.003944702061018177,2.0657308649572216e-18,5.5225828854254485e-18,25.897635742845715,1.4126788515358157,,0.012586396196047208,0.002874853674144968,1.7620954674466093e-17,4.0247951438029556e-18,23.570246504002544,0.2233580012097356,0.28153295584499105,16.0,19.167757554923817,53.0,43.91889188267869,1522.8948188476304,12.648640862211467,16.920692675368826,0.8365454722364776,387.69317626953125,151.856689453125,248.44830544701986,21.63729872537573,1.027178406404027,8.6875,0.0
