t0,t1,t_mean,t0_data,t1_data,cps_bgsub,cps_bgsub_err,flux_bgsub,flux_bgsub_err,mag_bgsub,mag_bgsub_err_1,mag_bgsub_err_2,cps_mcatbgsub,cps_mcatbgsub_err,flux_mcatbgsub,flux_mcatbgsub_err,mag_mcatbgsub,mag_mcatbgsub_err_1,mag_mcatbgsub_err_2,cps,cps_err,flux,flux_err,mag,mag_err_1,mag_err_2,counts,flat_counts,bg_counts,bg_flat_counts,exptime,bg,mcat_bg,responses,detxs,detys,detrad,racent,deccent,q_mean,flags
753707674.995,753707752.995,5e-324,-3.105036184601418e+231,5e-324,-0.03263715189361195,0.020757541161835875,-4.5692012651056735e-17,2.9060557626570226e-17,,,,,,,,,,,0.0,0.0,0.0,0.0,inf,,,5e-324,5e-324,8.0,8.5838120939689,75.74612794405364,2.4721378830630436,,5e-324,5e-324,5e-324,565.685424949238,160000.0,5e-324,5e-324,0.0
876745480.995,876745581.995,1.5e-323,-3.105036184601418e+231,1.5e-323,-0.015765117263589846,0.01319440055659891,-2.2071164169025786e-17,1.8472160779238473e-17,,,,-0.021589580069811303,0.015440563974882433,-3.0225412097735826e-17,2.1616789564835407e-17,,,,0.0,0.0,0.0,0.0,inf,,,1.5e-323,1.5e-323,5.0,4.957041953848383,90.55613471429719,1.4276280827083343,1.955068921226938,1.5e-323,1.5e-323,1.5e-323,565.685424949238,160000.0,1.5e-323,1.5e-323,0.0
877171425.995,877173103.995,877172178.092742,877171462.31,877172992.485,0.004827177151645767,0.004746024061931595,6.758048012304075e-18,6.644433686704233e-18,24.61076690699798,0.7434098749818361,4.435970444941695,-0.0003452654496377335,0.005065291514232075,-4.8337162949282695e-19,7.091408119924906e-18,,,,0.021010621685924838,0.0035670775995027843,2.9414870360294775e-17,4.9939086393038985e-18,23.013902742524845,0.17025580806197027,0.20201043946930852,31.0,34.69386558000943,102.0,92.78809627664461,1651.2536420210304,26.722971727673652,35.263986411187766,0.894760619207632,298.88140869140625,339.83746337890625,117.66265474193101,42.29465927428805,-0.8532913518850344,6.322580814361572,0.0
