t0,t1,t_mean,t0_data,t1_data,cps_bgsub,cps_bgsub_err,flux_bgsub,flux_bgsub_err,mag_bgsub,mag_bgsub_err_1,mag_bgsub_err_2,cps_mcatbgsub,cps_mcatbgsub_err,flux_mcatbgsub,flux_mcatbgsub_err,mag_mcatbgsub,mag_mcatbgsub_err_1,mag_mcatbgsub_err_2,cps,cps_err,flux,flux_err,mag,mag_err_1,mag_err_2,counts,flat_counts,bg_counts,bg_flat_counts,exptime,bg,mcat_bg,responses,detxs,detys,detrad,racent,deccent,q_mean,flags
843839929.995,843840040.995,843839993.3016667,843839951.76,843840022.41,-0.005636072026154753,0.03992770836919837,-1.161030837387879e-18,8.225107924054865e-18,,,,-0.07665206215602081,0.048096528385293415,-1.5790324804140286e-17,9.907884847370444e-18,,,,0.0759070828532983,0.02772323301463123,1.5636859067779447e-17,5.7109860010140335e-18,22.879294246012712,0.3380113007564134,0.49345201219067647,6.0,7.4968160164650595,35.0,27.963374145259532,98.7630631380443,8.053451753834747,15.06720847084144,0.8006273464284773,453.931884765625,353.7076416015625,71.07482423799613,350.05792892602517,0.39531395707042133,13.166666984558105,0.0
873339073.995,873339167.995,873339123.4319229,873339079.985,873339165.98,0.08555004641680365,0.060373225772496125,1.7623309561861552e-17,1.2436884509134201e-17,22.749449376220227,0.5797607755461982,1.3280484086166986,,,,,,,,0.19343859548877587,0.048372308958650544,3.9848350670687826e-17,9.964695645482012e-18,21.863642174449687,0.24233187807097067,0.31244159071983546,13.0,15.991625999241995,38.0,30.969369152757338,82.67029627068347,8.919178315994115,,0.813225378996525,362.1482238769531,457.8740234375,69.1531600471993,350.05833658578763,0.3948611862869743,14.230769157409668,0.0
907609476.995,907611147.995,907610332.2828823,907609483.26,907611138.385,0.04108552382928979,0.01272275951904263,8.463617908833695e-18,2.620888460922782e-18,23.545777928795395,0.292900771100868,0.4023506810393762,-0.004155957835921743,0.013867558795217833,-8.561273141998791e-19,2.8567171118148736e-18,,,,0.14082917605114703,0.009734291572459674,2.901081026653629e-17,2.005264063926693e-18,22.208268404082425,0.07256742514279324,0.07776723293995147,170.0,209.3035408913177,631.0,514.7267226914832,1486.2228606329545,148.24129613514722,215.48022043489127,0.8125803233155608,397.50701904296875,225.3617706298828,174.65602225970275,350.05834830773733,0.39524390887247585,12.05294132232666,0.0
