t0,t1,t_mean,t0_data,t1_data,cps_bgsub,cps_bgsub_err,flux_bgsub,flux_bgsub_err,mag_bgsub,mag_bgsub_err_1,mag_bgsub_err_2,cps_mcatbgsub,cps_mcatbgsub_err,flux_mcatbgsub,flux_mcatbgsub_err,mag_mcatbgsub,mag_mcatbgsub_err_1,mag_mcatbgsub_err_2,cps,cps_err,flux,flux_err,mag,mag_err_1,mag_err_2,counts,flat_counts,bg_counts,bg_flat_counts,exptime,bg,mcat_bg,responses,detxs,detys,detrad,racent,deccent,q_mean,flags
753629556.995,753629671.995,753629616.0917778,753629567.411,753629659.191,0.016594341634153364,0.04371711707100187,3.4184343766355928e-18,9.005726116626385e-18,24.53009993290887,1.401099514239565,,,,,,,,,0.10533310908974733,0.03220717727196097,2.169862047248795e-17,6.63467851802396e-18,22.52358774167377,0.28966255221626724,0.39623372536151535,9.0,10.696075979617424,37.0,31.288192896277966,101.5452413020868,9.010999554128055,,0.8416295135699712,444.42022705078125,235.72555541992188,170.1741746368588,33.0126142460414,0.23463276562549457,13.666666984558105,0.0
911070896.995,911072029.995,911071438.4152293,911070904.34,911072022.555,0.032820539201195494,0.014342101306990662,6.761031075446272e-18,2.954472869240076e-18,23.789635720746904,0.39363100092837655,0.623701142697854,,,,,,,,0.12133745490567696,0.010905641502257347,2.4995515710569452e-17,2.2465621494650136e-18,22.370012796926698,0.09344532061920674,0.10225169361119413,109.0,123.79050314938476,357.0,313.5640260922013,1020.2167438373807,90.30643951455399,,0.880660374677435,528.9429321289062,509.75341796875,169.3283570516848,33.013003870934334,0.23441586913652598,12.605504989624023,0.0
