t0,t1,t_mean,t0_data,t1_data,cps_bgsub,cps_bgsub_err,flux_bgsub,flux_bgsub_err,mag_bgsub,mag_bgsub_err_1,mag_bgsub_err_2,cps_mcatbgsub,cps_mcatbgsub_err,flux_mcatbgsub,flux_mcatbgsub_err,mag_mcatbgsub,mag_mcatbgsub_err_1,mag_mcatbgsub_err_2,cps,cps_err,flux,flux_err,mag,mag_err_1,mag_err_2,counts,flat_counts,bg_counts,bg_flat_counts,exptime,bg,mcat_bg,responses,detxs,detys,detrad,racent,deccent,q_mean,flags
777390387.995,777392082.995,777391252.5395732,777390399.545,777392081.22,0.04481575909507436,0.0183715278407387,9.232046373585318e-18,3.784534735192172e-18,23.451423107607553,0.3729973789064047,0.572749526384662,0.05253365188250889,0.018224933142464383,1.0821932287796832e-17,3.7543362273476624e-18,23.278906020298734,0.32335386940374633,0.4625827306493342,0.26518175030650054,0.013576915732069927,5.462744056313911e-17,2.7968446408064048e-18,21.521140917993762,0.054211861983894494,0.05706162750534105,375.0,381.4916359471424,1121.0,1100.7621082992284,1438.6044119031924,317.0194871901778,305.9164925755787,0.9832050205706269,198.539306640625,642.0451049804688,314.91624888825004,337.59215048220096,0.5163895363805392,8.9573335647583,32.0
1002457506.995,1002457602.995,1002457557.8316665,1002457508.57,1002457599.17,0.03290291318665897,0.08365038068612005,6.778000116451748e-18,1.723197842134073e-17,23.78691412101562,1.3732254997102693,,,,,,,,,0.26686536610608746,0.061061828747737905,5.497426541785402e-17,1.2578736722034008e-17,21.514269463667276,0.22371304868634567,0.2820984484347022,18.0,19.100503483964715,62.0,58.1441838630676,71.5735569686913,16.745524952563475,,0.9425458354582266,206.89743041992188,567.28466796875,255.4853469689482,337.59177480644735,0.5162565284619728,9.722222328186035,0.0
