t0,t1,t_mean,t0_data,t1_data,cps_bgsub,cps_bgsub_err,flux_bgsub,flux_bgsub_err,mag_bgsub,mag_bgsub_err_1,mag_bgsub_err_2,cps_mcatbgsub,cps_mcatbgsub_err,flux_mcatbgsub,flux_mcatbgsub_err,mag_mcatbgsub,mag_mcatbgsub_err_1,mag_mcatbgsub_err_2,cps,cps_err,flux,flux_err,mag,mag_err_1,mag_err_2,counts,flat_counts,bg_counts,bg_flat_counts,exptime,bg,mcat_bg,responses,detxs,detys,detrad,racent,deccent,q_mean,flags
777319394.995,777321080.995,777320213.8560227,777319395.67,777321076.62,0.061308340226516496,0.015892126789172865,1.2629518086662397e-17,3.2737781185696103e-18,23.11120110293841,0.25025092183874165,0.3257715914969097,0.011613748417897913,0.016945983124924912,2.39243217408697e-18,3.490872523734532e-18,24.917568965194935,0.9769542672463629,,0.2119899946871321,0.012150185253640441,4.366993890554921e-17,2.5029381622499307e-18,21.764211590068548,0.060510880696789116,0.06408339270986474,264.0,304.41421508681634,865.0,751.3070375468205,1435.983879975513,216.37642681348436,287.7370595726238,0.8674901687918722,510.04876708984375,458.2242126464844,124.50216896222213,335.7850184475217,-0.4301581477671269,14.454545021057129,65.0
1002458163.995,1002458256.995,1002458208.8668749,1002458168.415,1002458249.06,0.07270204148017231,0.07135506469922394,1.4976620544915498e-17,1.469914332804013e-17,22.92613348484946,0.7424702008903523,4.330466241494353,,,,,,,,0.2357228152472779,0.054862899601815264,4.855889994093924e-17,1.1301757317973945e-17,21.648995951872635,0.22718160345776894,0.28764823826051256,16.0,18.46059626246772,51.0,44.32967705323731,78.31484722046184,12.766946991332347,,0.8667942494538909,402.5216979980469,556.7288208007812,156.74910599552635,335.7847577340742,-0.43004029876445227,11.4375,0.0
