t0,t1,t_mean,t0_data,t1_data,cps_bgsub,cps_bgsub_err,flux_bgsub,flux_bgsub_err,mag_bgsub,mag_bgsub_err_1,mag_bgsub_err_2,cps_mcatbgsub,cps_mcatbgsub_err,flux_mcatbgsub,flux_mcatbgsub_err,mag_mcatbgsub,mag_mcatbgsub_err_1,mag_mcatbgsub_err_2,cps,cps_err,flux,flux_err,mag,mag_err_1,mag_err_2,counts,flat_counts,bg_counts,bg_flat_counts,exptime,bg,mcat_bg,responses,detxs,detys,detrad,racent,deccent,q_mean,flags
749327126.995,749327241.995,749327175.17275,749327152.335,749327225.155,0.036765434362560655,0.022699394615910314,5.1471608107584917e-17,3.177915246227444e-17,22.406400746803097,0.5220511822661322,1.0431696525156404,,,,,,,,0.0429208109000685,0.021228183146930233,6.008913526009591e-17,2.9719456405702325e-17,22.238330203828454,0.43630482975769525,0.7408893866796582,4.0,4.087993392858259,2.0,2.0356560663862235,95.24501767630244,0.5862689471192324,,0.9787208855888514,433.7751159667969,477.64141845703125,84.669642249099,12.36861490647575,-0.060496849563681725,10.5,0.0
874657022.995,874658521.995,874657777.8154762,874657046.405,874658499.945,0.009459331043352273,0.004362893323340965,1.3243063460693183e-17,6.108050652677351e-18,23.880348938713627,0.41179378445060166,0.6714842578554432,0.005701531318724022,0.004674039978978687,7.982143846213631e-18,6.543655970570162e-18,24.43002121434722,0.6500512620506669,1.8605333604179464,0.017449065039228405,0.003613369485961045,2.442869105491977e-17,5.058717280345463e-18,23.21556959642994,0.2043410168476285,0.2519279109685719,21.0,23.31951842015028,41.0,37.07551981177136,1336.4336924485135,10.677749705790154,15.699799867257093,0.9027692671303692,333.6414489746094,344.912353515625,86.24445541237328,12.368804869342128,-0.06007205921099227,7.047618865966797,0.0
874668855.995,874670517.995,874669699.0407691,874668892.27,874670497.175,0.015182951114107342,0.004799213025803211,2.125613155975028e-17,6.718898236124496e-18,23.36660951576428,0.29821582097511623,0.4125061710530886,0.014455403390093706,0.004845992922325177,2.0237564746131188e-17,6.784390091255248e-18,23.41992446118578,0.31389628148284743,0.4433336769395666,0.026161000095181637,0.004027929021784186,3.662540013325429e-17,5.639100630497861e-18,22.775864144034884,0.1554834132735472,0.1815316594102434,39.0,42.18373856013458,66.0,61.46436521724309,1612.466587923144,17.701737182566013,18.87488357865753,0.9252555155189695,319.56597900390625,346.5699768066406,96.56292824911107,12.368700025149597,-0.060127793536600915,6.538461685180664,0.0
