t0,t1,t_mean,t0_data,t1_data,cps_bgsub,cps_bgsub_err,flux_bgsub,flux_bgsub_err,mag_bgsub,mag_bgsub_err_1,mag_bgsub_err_2,cps_mcatbgsub,cps_mcatbgsub_err,flux_mcatbgsub,flux_mcatbgsub_err,mag_mcatbgsub,mag_mcatbgsub_err_1,mag_mcatbgsub_err_2,cps,cps_err,flux,flux_err,mag,mag_err_1,mag_err_2,counts,flat_counts,bg_counts,bg_flat_counts,exptime,bg,mcat_bg,responses,detxs,detys,detrad,racent,deccent,q_mean,flags
753712552.995,753712666.995,753712601.829,753712564.641,753712622.31,-0.0014878478867540491,0.028590870092786217,-2.082987041455669e-18,4.002721812990071e-17,,,,0.005847750268401814,0.027402581549374052,8.18685037576254e-18,3.836361416912368e-17,24.402527956135614,1.887017915264252,,0.044317107825842174,0.02004922149230797,6.204395095617905e-17,2.806891008923116e-17,22.20357147450447,0.40521833174793187,0.6538486451989769,5.0,4.885936214369313,17.0,17.534620163664833,110.2494376115453,5.049970607135473,4.2412250359852495,1.0239985296741771,126.30879974365234,364.3526306152344,276.00291310385495,52.54380707092654,0.7719276348414983,8.399999618530273,0.0
882815355.995,882817031.995,882816193.4883089,882815422.79,882816993.845,-0.0006380542125257805,0.0072283168951255364,-8.932758975360928e-19,1.0119643653175751e-17,,,,0.0024689925928629407,0.007094608223887429,3.4565896300081174e-18,9.932451513442401e-18,25.33870053244394,1.4702541335343042,,0.04206486875432489,0.005091919375083297,5.889081625605485e-17,7.128687125116617e-18,22.26020115444738,0.12406169802954636,0.1400886051058663,68.0,68.24581735478066,240.0,240.55900376910637,1622.394634186609,69.28099308550264,64.24013702027334,0.9977637350770244,124.91490936279297,444.53570556640625,278.666891038706,52.54357951488696,0.7717540763360545,9.823529243469238,0.0
912295094.995,912296592.995,912295820.2570193,912295122.815,912296543.62,0.004332212455617298,0.00686213205831326,6.065097437864217e-18,9.606984881638565e-18,24.72822563332562,1.030722304572084,,-0.001995759575913917,0.007170370940155657,-2.794063406279484e-18,1.0038519316217921e-17,,,,0.03661141912804468,0.005002502199743436,5.1255986779262554e-17,7.003503079640811e-18,22.410958591785935,0.13905519626344898,0.15951737045953251,52.0,53.56221766172841,169.0,163.97300340245664,1462.9921193275807,47.22422497990752,56.481998193363026,0.9720608765597659,155.19544982910156,257.6405029296875,283.188089775132,52.54367612858796,0.7718055458777204,7.461538314819336,0.0
