t0,t1,t_mean,t0_data,t1_data,cps_bgsub,cps_bgsub_err,flux_bgsub,flux_bgsub_err,mag_bgsub,mag_bgsub_err_1,mag_bgsub_err_2,cps_mcatbgsub,cps_mcatbgsub_err,flux_mcatbgsub,flux_mcatbgsub_err,mag_mcatbgsub,mag_mcatbgsub_err_1,mag_mcatbgsub_err_2,cps,cps_err,flux,flux_err,mag,mag_err_1,mag_err_2,counts,flat_counts,bg_counts,bg_flat_counts,exptime,bg,mcat_bg,responses,detxs,detys,detrad,racent,deccent,q_mean,flags
749492997.995,749493109.995,5e-324,2.315841784746324e+77,5e-324,-0.015534554766480127,0.011882717227453644,-2.174837667307218e-17,1.6635804118435102e-17,,,,-0.011606727123915877,0.010271201380254004,-1.6249417973482228e-17,1.4379681932355606e-17,,,,0.0,0.0,0.0,0.0,inf,,,5e-324,5e-324,7.0,5.9343561725138425,110.01889679978511,1.709094577683987,1.2769593136293675,5e-324,5e-324,5e-324,565.685424949238,160000.0,5e-324,5e-324,0.0
875753018.995,875753279.995,875753210.5350001,875753205.12,875753215.95,-0.0062345565584858076,0.009437101661146944,-8.728379181880131e-18,1.3211942325605723e-17,,,,-0.004705361581852449,0.009116844370784274,-6.587506214593429e-18,1.2763582119097984e-17,,,,0.008342463192422139,0.0056935530973387235,1.1679448469390995e-17,7.970974336274213e-18,24.01676425202252,0.5648739109531036,1.245567701868005,2.0,2.146949593097171,14.0,13.025781933063737,257.35200067137833,3.751425196722357,3.3578838100691404,0.9315972558691661,462.866455078125,574.7918090820312,185.75351328106603,15.044996332985999,0.4755422789544585,20.0,0.0
878744980.995,878746631.995,878745837.099375,878745004.75,878746468.07,-0.0012507858595130542,0.0038005121259806806,-1.751100203318276e-18,5.320716976372953e-18,,,,-0.002247235882607341,0.003880414838379464,-3.1461302356502777e-18,5.43258077373125e-18,,,,0.011100194605733542,0.0026147195526265835,1.554027244802696e-17,3.660607373677217e-18,23.70667351802089,0.22965625227124065,0.29163607949699255,16.0,18.02233078567483,78.0,69.62886418335191,1623.6049389950174,20.05311288480535,21.670954063762935,0.8885951505575262,332.57391357421875,172.56121826171875,237.2228415842169,15.045550734566119,0.47448397446315166,8.1875,0.0
