t0,t1,t_mean,t0_data,t1_data,cps_bgsub,cps_bgsub_err,flux_bgsub,flux_bgsub_err,mag_bgsub,mag_bgsub_err_1,mag_bgsub_err_2,cps_mcatbgsub,cps_mcatbgsub_err,flux_mcatbgsub,flux_mcatbgsub_err,mag_mcatbgsub,mag_mcatbgsub_err_1,mag_mcatbgsub_err_2,cps,cps_err,flux,flux_err,mag,mag_err_1,mag_err_2,counts,flat_counts,bg_counts,bg_flat_counts,exptime,bg,mcat_bg,responses,detxs,detys,detrad,racent,deccent,q_mean,flags
753629995.995,753630115.995,753630002.861,753630002.861,753630002.861,-0.005941781091947199,0.014573954433985797,-8.318493528726079e-18,2.0403536207580118e-17,,,,,,,,,,,0.009539392543565457,0.00899889534331416,1.3355149560991641e-17,1.2598453480639825e-17,23.871198199344857,0.7213722547701096,3.1168181789769704,1.0,1.1237327509767316,7.0,6.332186713007143,117.79919380031338,1.8236697733460574,,0.8898913012287085,370.435302734375,334.88885498046875,71.50896817995967,35.0708255426612,0.41192290618118,7.0,0.0
908881353.995,908883049.995,908882272.2521112,908881382.115,908883025.85,0.016861293410394006,0.004728574609220676,2.360581077455161e-17,6.620004452908946e-18,23.252772785510114,0.26839775418401146,0.3573318842031412,0.01588169950180243,0.004790194596294918,2.22343793025234e-17,6.706272434812886e-18,23.317757563846275,0.2862082424324903,0.38976624710700847,0.027101930160874897,0.00402835998072296,3.794270222522486e-17,5.6397039730121445e-18,22.737499445473887,0.15045736654314368,0.17471355894966933,45.0,45.26305863280007,59.0,59.38518991631147,1670.104614841901,17.102934695897705,18.738959003307514,0.995276179540192,413.56927490234375,464.050048828125,65.47162726143725,35.06921686532383,0.41145920187503654,11.622221946716309,0.0
