t0,t1,t_mean,t0_data,t1_data,cps_bgsub,cps_bgsub_err,flux_bgsub,flux_bgsub_err,mag_bgsub,mag_bgsub_err_1,mag_bgsub_err_2,cps_mcatbgsub,cps_mcatbgsub_err,flux_mcatbgsub,flux_mcatbgsub_err,mag_mcatbgsub,mag_mcatbgsub_err_1,mag_mcatbgsub_err_2,cps,cps_err,flux,flux_err,mag,mag_err_1,mag_err_2,counts,flat_counts,bg_counts,bg_flat_counts,exptime,bg,mcat_bg,responses,detxs,detys,detrad,racent,deccent,q_mean,flags
745792784.995,745794267.995,745793525.575,745792805.07,745794260.73,0.006677425060941015,0.004239592005303379,9.348395085317422e-18,5.935428807424731e-18,24.25847744314196,0.5337374162067796,1.0940126530141399,,,,,,,,0.016499107070607855,0.003356640516694669,2.3098749898851e-17,4.699296723372537e-18,23.27634889776845,0.20106450601235437,0.2469589010773774,20.0,24.16079479987571,60.0,49.93949626453617,1464.3698411362323,14.38257492418642,,0.829325856981915,564.4561157226562,400.205322265625,164.45624389428474,348.8128998708275,-0.08082281499483138,14.699999809265137,0.0
750960374.995,750960478.995,750960444.641,750960441.003,750960448.279,-0.0016895070707567885,0.019633932904873544,-2.365309899059504e-18,2.7487506066822963e-17,,,,,,,,,,,0.01876548044960877,0.013580969095357826,2.627167262945228e-17,1.9013356733500956e-17,23.136600779840172,0.5911673248364693,1.396629645325433,2.0,1.909228260724777,7.0,7.226115472947789,101.74150701079338,2.081121256208964,,1.0475803653830207,246.306396484375,444.1087646484375,159.89780136208685,348.8130829204715,-0.08063596284746825,7.0,0.0
907597619.995,907599316.995,907598410.3778125,907597636.7,907599142.785,4.9729139195537445e-05,0.003582676437980993,6.962079487375243e-20,5.0157470131733905e-18,29.57847264569903,4.658958480244497,,,,,,,,,0.010693690886521504,0.0025362851577403304,1.4971167241130107e-17,3.550799220836463e-18,23.747180934593835,0.23107857910372331,0.29393890651556376,16.0,17.7770253557875,67.0,61.43873752945093,1662.3844418575763,17.69435640848187,,0.9009493731948842,356.6329345703125,237.558837890625,168.1304062667638,348.8132240105298,-0.08057118844509084,8.75,0.0
