t0,t1,t_mean,t0_data,t1_data,cps_bgsub,cps_bgsub_err,flux_bgsub,flux_bgsub_err,mag_bgsub,mag_bgsub_err_1,mag_bgsub_err_2,cps_mcatbgsub,cps_mcatbgsub_err,flux_mcatbgsub,flux_mcatbgsub_err,mag_mcatbgsub,mag_mcatbgsub_err_1,mag_mcatbgsub_err_2,cps,cps_err,flux,flux_err,mag,mag_err_1,mag_err_2,counts,flat_counts,bg_counts,bg_flat_counts,exptime,bg,mcat_bg,responses,detxs,detys,detrad,racent,deccent,q_mean,flags
753629556.995,753629671.995,753629632.631,753629617.27,753629647.992,0.012082848412162428,0.015235402525660992,1.69159877770274e-17,2.132956353592539e-17,23.61457668252775,0.8857089075726847,,,,,,,,,0.019137054938552618,0.013023067054940642,2.6791876913973668e-17,1.82322938769169e-17,23.11531224089466,0.5636064596336148,1.2388763247844317,2.0,2.159353047061736,3.0,2.763784856110907,112.83622553184003,0.7959700385599413,,0.9303833414817377,443.2113342285156,234.3477783203125,171.19543788671712,33.0131911624833,0.2350465600603605,10.0,0.0
911070896.995,911072029.995,911071373.9453847,911070925.095,911071912.195,0.0070109522347736545,0.004243538347910595,9.815333128683117e-18,5.940953687074834e-18,24.205557479255255,0.5138720845188303,1.0092572310070018,,,,,,,,0.013605881875526513,0.0034826278685451207,1.9048234625737118e-17,4.875679015963169e-18,23.485683259616366,0.2474437355892931,0.3210164052399165,13.0,15.262977019152114,30.0,25.687996475074524,1121.792556982748,7.398142984821464,,0.853525476769347,525.5476684570312,509.1834716796875,166.38283427993935,33.01270326757992,0.23464295682264885,18.384614944458008,64.0
