t0,t1,t_mean,t0_data,t1_data,cps_bgsub,cps_bgsub_err,flux_bgsub,flux_bgsub_err,mag_bgsub,mag_bgsub_err_1,mag_bgsub_err_2,cps_mcatbgsub,cps_mcatbgsub_err,flux_mcatbgsub,flux_mcatbgsub_err,mag_mcatbgsub,mag_mcatbgsub_err_1,mag_mcatbgsub_err_2,cps,cps_err,flux,flux_err,mag,mag_err_1,mag_err_2,counts,flat_counts,bg_counts,bg_flat_counts,exptime,bg,mcat_bg,responses,detxs,detys,detrad,racent,deccent,q_mean,flags
749327273.995,749327387.995,749327336.0322727,749327288.17,749327381.058,-0.008298026442989662,0.04864918270612834,-1.7093934472558703e-18,1.0021731637462438e-17,,,,,,,,,,,0.1147988280195278,0.03379488677356439,2.3648558572022728e-17,6.961746675354264e-18,22.43015636406223,0.2801574641982256,0.3785782609716186,11.0,11.5391260453722,45.0,42.96253812770622,100.51606139576043,12.373210980779392,,0.9536248363129257,467.0173034667969,615.4015502929688,225.58622926183924,12.822128128547162,-0.6051023794870232,14.0,0.0
874668855.995,874670452.995,874669612.3445146,874668856.44,874670445.715,0.033328697215811644,0.014223572062564646,6.865711626457198e-18,2.9300558448883173e-18,23.772954155320775,0.3858822729922977,0.6041711271886143,,,,,,,,0.15958026830843947,0.010627790158105919,3.287353527153853e-17,2.189324772569819e-18,22.072552022665782,0.07000231721794137,0.07482864470929229,206.0,225.46152499839275,679.0,619.3520119851019,1412.8408692897851,178.37337945170938,,0.9139446632272029,718.8450927734375,493.35595703125,332.2311362574594,12.822422104719218,-0.6051399741709311,7.1019415855407715,32.0
876893370.995,876895067.995,876894241.4658372,876893371.43,876895018.975,0.0696844766221553,0.013288680982669892,1.435500218416399e-17,2.737468282429998e-18,22.97215989364298,0.1895039381511161,0.22972328605434456,0.027430544326189292,0.014296174762562869,5.650692131194994e-18,2.945012001087951e-18,23.984413935644632,0.45544953092095497,0.7995629845324572,0.16908404759747006,0.010545672914770945,3.483131380507883e-17,2.1724086204428148e-18,22.00974341103518,0.0656888964654243,0.06992058510781263,209.0,257.07312504292014,646.0,524.7422867345558,1520.386628399867,151.1257785795521,215.3680922396521,0.8133737878897396,381.8790283203125,167.26585388183594,233.43854091380663,12.822362709323913,-0.6051558909240522,10.875597953796387,0.0
