t0,t1,t_mean,t0_data,t1_data,cps_bgsub,cps_bgsub_err,flux_bgsub,flux_bgsub_err,mag_bgsub,mag_bgsub_err_1,mag_bgsub_err_2,cps_mcatbgsub,cps_mcatbgsub_err,flux_mcatbgsub,flux_mcatbgsub_err,mag_mcatbgsub,mag_mcatbgsub_err_1,mag_mcatbgsub_err_2,cps,cps_err,flux,flux_err,mag,mag_err_1,mag_err_2,counts,flat_counts,bg_counts,bg_flat_counts,exptime,bg,mcat_bg,responses,detxs,detys,detrad,racent,deccent,q_mean,flags
751314730.995,751316357.995,751315553.4858965,751314741.71,751316357.735,0.0046049769127343414,0.01987364817153793,9.486252440232742e-19,4.0939715233368136e-18,25.92193135704308,1.813898908794414,,-0.053722482253149524,0.02100782588088346,-1.1066831344148801e-17,4.327612131461993e-18,,,,0.2507248023525627,0.01411776494460199,5.164930928462792e-17,2.90825957858801e-18,21.5820067559295,0.0594762287751216,0.062924099786283,290.0,315.4007354583178,1170.0,1075.027353283786,1257.9558643536568,309.60787774573043,382.9812470563025,0.9196344522985563,301.1712951660156,473.7627258300781,123.32093342594388,40.808208226515426,-0.16185764951753626,14.71379280090332,0.0
1006023897.995,1006023996.995,1006023958.2613158,1006023910.515,1006023994.665,0.01617666214404887,0.08246427510574189,3.3323924016740675e-18,1.6987640671782828e-17,24.557777712057444,1.962920687340464,,-0.07466458888132944,0.08921257947562403,-1.5380905309553867e-17,1.8377791371978547e-17,,,,0.27469953263378916,0.059188946771049966,5.658810372256057e-17,1.2192923034836292e-17,21.482855198688664,0.2118587843807198,0.2634732824840711,19.0,21.53945036467731,80.0,70.38549643852458,78.41094652822817,20.271022974295082,27.393971451003374,0.8823991695702618,295.887451171875,511.7377624511719,152.7244262751811,40.80828759795064,-0.16190523728123768,12.052631378173828,0.0
