t0,t1,t_mean,t0_data,t1_data,cps_bgsub,cps_bgsub_err,flux_bgsub,flux_bgsub_err,mag_bgsub,mag_bgsub_err_1,mag_bgsub_err_2,cps_mcatbgsub,cps_mcatbgsub_err,flux_mcatbgsub,flux_mcatbgsub_err,mag_mcatbgsub,mag_mcatbgsub_err_1,mag_mcatbgsub_err_2,cps,cps_err,flux,flux_err,mag,mag_err_1,mag_err_2,counts,flat_counts,bg_counts,bg_flat_counts,exptime,bg,mcat_bg,responses,detxs,detys,detrad,racent,deccent,q_mean,flags
753629849.995,753629969.995,753629902.4113332,753629853.219,753629966.046,0.041792755892369866,0.04874862478326192,8.609307713828193e-18,1.0042216705351954e-17,23.527247474307348,0.8393652563443865,,,,,,,,,0.14678928616757006,0.03722150394471182,3.023859295051943e-17,7.667629812610634e-18,22.163264103694708,0.24537232900154038,0.31752871850203235,15.0,15.552524106670123,40.0,38.62682255045964,105.95135730080361,11.124524894532378,,0.964654729524417,493.1665344238281,621.0469360351562,239.8786173611079,34.14041722345449,-0.120186369315849,11.066666603088379,0.0
908863633.995,908865004.995,908864288.8658242,908863638.84,908864998.665,0.108371395350253,0.014944584184226669,2.2324507442152118e-17,3.0785843419506936e-18,22.492713336950334,0.140261729453254,0.16110784853068694,0.052649416512977554,0.0163965659274099,1.0845779801673375e-17,3.3776925810464396e-18,23.276516093798243,0.2943621274885011,0.40512850342327056,0.1909233508059308,0.012486890434672535,3.933021026602175e-17,2.572299429542542e-18,21.877852380351804,0.06878441753044484,0.0734386206664901,188.0,233.78115159776945,436.0,350.9823868891313,1224.476475040513,101.08292742406982,169.31317965301892,0.8044293961961841,435.8636474609375,257.8150939941406,146.6381556931806,34.14085605539958,-0.1201491098620426,12.744680404663086,0.0
908887268.995,908888965.995,908888071.0539399,908887277.95,908888962.345,0.07396876962426467,0.014002343588742278,1.523756654259852e-17,2.884482779280909e-18,22.907379012926064,0.18822923217344822,0.22785057230414552,0.050086353342361986,0.014559735128692944,1.0317788788526569e-17,2.9993054365107463e-18,23.330701467539118,0.27705709812737567,0.37291386027870743,0.1840460719994886,0.011076415449217685,3.791349083189465e-17,2.281741582538843e-18,21.91768361760456,0.06345192707366465,0.0673915746976661,250.0,276.0925147746093,633.0,573.3678926114725,1500.1271788912532,165.12995307210412,200.95661483418132,0.9057458162928426,169.2928466796875,332.8072509765625,240.2928548968713,34.14077636678322,-0.1201489877847057,9.343999862670898,0.0
