t0,t1,t_mean,t0_data,t1_data,cps_bgsub,cps_bgsub_err,flux_bgsub,flux_bgsub_err,mag_bgsub,mag_bgsub_err_1,mag_bgsub_err_2,cps_mcatbgsub,cps_mcatbgsub_err,flux_mcatbgsub,flux_mcatbgsub_err,mag_mcatbgsub,mag_mcatbgsub_err_1,mag_mcatbgsub_err_2,cps,cps_err,flux,flux_err,mag,mag_err_1,mag_err_2,counts,flat_counts,bg_counts,bg_flat_counts,exptime,bg,mcat_bg,responses,detxs,detys,detrad,racent,deccent,q_mean,flags
751231868.995,751233518.995,751232671.0815178,751231869.405,751233517.22,0.07248643905557721,0.01581078582847274,1.4932206445448905e-17,3.257021880665384e-18,22.92935808682092,0.21422572242160598,0.2671505772306837,0.03876645676289725,0.016541883745043704,7.985890093156833e-18,3.4076280514790028e-18,23.60885972875892,0.38583629858686663,0.604056706277337,0.21443127370191048,0.012264313062777393,4.417284238259356e-17,2.526448490932143e-18,21.7517796868408,0.06038735060658951,0.06394485817371631,280.0,305.69602717470616,767.0,702.6333749983596,1425.6130735839702,202.3584119995276,250.43005959699212,0.9161841895024273,479.70501708984375,548.0233154296875,168.11838584785735,41.84478126341481,1.1570467949372218,14.442856788635254,0.0
876746044.995,876746154.995,876746106.9557693,876746055.715,876746148.62,0.05772948744646401,0.053590703095172644,1.1892274413971585e-17,1.1039684837605565e-17,23.176505745962434,0.7129405985236339,2.861312258151674,,,,,,,,0.16668592403351143,0.041674072033983676,3.433730035090335e-17,8.584858839000636e-18,22.02525268268374,0.24228853409363182,0.3123693445163447,13.0,15.998010507784652,44.0,36.31010077446439,95.97697346398805,10.457309023045745,,0.8133342370230061,295.18963623046875,250.66148376464844,182.4478138670832,41.845253473707345,1.1570351985513492,11.384614944458008,0.0
908650676.995,908652338.995,908651505.112793,908650678.68,908652324.67,0.06893671962740755,0.015053311305175166,1.4200964243245956e-17,3.100982128866084e-18,22.983873466144193,0.21444281915898245,0.26748888727879816,,,,,,,,0.19617640662828484,0.011723967802136756,4.0412339765426673e-17,2.4151373672401717e-18,21.84838306179986,0.06302124055084946,0.06690593361761188,256.0,279.9911578246641,692.0,630.5617829602995,1427.2417495911807,181.6017934925663,,0.914488868895061,245.92630004882812,490.4915771484375,178.68248529572045,41.84478595320088,1.1570838147300615,12.07421875,0.0
