t0,t1,t_mean,t0_data,t1_data,cps_bgsub,cps_bgsub_err,flux_bgsub,flux_bgsub_err,mag_bgsub,mag_bgsub_err_1,mag_bgsub_err_2,cps_mcatbgsub,cps_mcatbgsub_err,flux_mcatbgsub,flux_mcatbgsub_err,mag_mcatbgsub,mag_mcatbgsub_err_1,mag_mcatbgsub_err_2,cps,cps_err,flux,flux_err,mag,mag_err_1,mag_err_2,counts,flat_counts,bg_counts,bg_flat_counts,exptime,bg,mcat_bg,responses,detxs,detys,detrad,racent,deccent,q_mean,flags
777384471.995,777386165.995,777385273.209233,777384478.36,777386143.4,0.11673269108532475,0.016949583862422884,2.4046934363576898e-17,3.491614275659114e-18,22.41201875599284,0.147203324957502,0.1703386848982973,0.06875033389317528,0.017910312651920026,1.4162568781994107e-17,3.6895244062955255e-18,22.986812970740196,0.2513677828184129,0.32767272092790733,0.26416511105159185,0.013578768647701918,5.441801287662792e-17,2.797226341426595e-18,21.52531135323745,0.05442259749824885,0.05729515390276063,326.0,378.468849065283,850.0,733.4241178512009,1432.698086278954,211.22614594114592,279.97037726549166,0.8616550327197229,310.163818359375,272.3388366699219,156.10224903746985,338.0986017440559,-0.5046980642535728,13.647239685058594,0.0
1002457375.995,1002457473.995,1002457427.3637501,1002457394.14,1002457471.61,-0.0007102304497460617,0.06536514241423795,-1.4630747264768872e-19,1.3465219337333017e-17,,,,,,,,,,,0.16921471490054724,0.04617171270095077,3.485823126951273e-17,9.51137281639586e-18,22.008904683587666,0.261950516374565,0.34595301842052706,12.0,13.431492807379126,53.0,46.83287383100815,79.37544211372654,13.48786766333035,,0.8934834308875749,300.4630432128906,517.8577270507812,154.2661647673116,338.09873643091805,-0.5048898406000292,13.416666984558105,0.0
