t0,t1,t_mean,t0_data,t1_data,cps_bgsub,cps_bgsub_err,flux_bgsub,flux_bgsub_err,mag_bgsub,mag_bgsub_err_1,mag_bgsub_err_2,cps_mcatbgsub,cps_mcatbgsub_err,flux_mcatbgsub,flux_mcatbgsub_err,mag_mcatbgsub,mag_mcatbgsub_err_1,mag_mcatbgsub_err_2,cps,cps_err,flux,flux_err,mag,mag_err_1,mag_err_2,counts,flat_counts,bg_counts,bg_flat_counts,exptime,bg,mcat_bg,responses,detxs,detys,detrad,racent,deccent,q_mean,flags
753712846.995,753712963.995,753712848.052,753712848.052,753712848.052,0.001163475646477522,0.014159590955641933,1.628865905068531e-18,1.9823427337898708e-17,26.155606757009135,2.7989709801563585,,,,,,,,,0.01204994008325466,0.010263145396916699,1.6869916116556527e-17,1.436840355568338e-17,23.61753778139012,0.6689368543833609,2.072275587923805,1.0,1.3785064794592543,6.0,4.324324684516125,114.3994467968278,1.2454055091406442,,0.7254227781303351,644.0255126953125,455.8404846191406,250.33299936027333,51.2168264825777,-0.155450417547788,16.0,8.0
913341877.995,913343578.995,913342806.1426388,913341995.72,913343562.095,0.005288333263993748,0.005022137073910207,7.403666569591248e-18,7.030991903474291e-18,24.51170295994404,0.7248991528563238,3.245292451630206,,,,,,,,0.023590071767429874,0.0037686745012225865,3.302610047440182e-17,5.2761443017116215e-18,22.88817684467544,0.1609173239073307,0.18898749064583598,36.0,39.18151872373603,117.0,105.54845041835806,1660.9325783329245,30.397953720487127,,0.919846932245832,461.48736572265625,639.210205078125,246.9862715962778,51.215717947222615,-0.15633216425932367,16.94444465637207,64.0
913353706.995,913355013.995,913354458.6730771,913353832.345,913354992.36,0.0010604646539067995,0.004591595079571072,1.4846505154695194e-18,6.4282331113995014e-18,26.256259505678674,1.8167763632230987,,,,,,,,,0.014005330521878821,0.003310009924384206,1.9607462730630352e-17,4.634013894137888e-18,23.454266593728253,0.2303441808978981,0.29274888803841037,13.0,17.903095700316882,79.0,57.456588706436555,1278.305833078988,16.54749754745373,,0.727169387624849,634.561767578125,408.1266784667969,234.702504699624,51.21573324152367,-0.15627604195514497,14.461538314819336,8.0
