t0,t1,t_mean,t0_data,t1_data,cps_bgsub,cps_bgsub_err,flux_bgsub,flux_bgsub_err,mag_bgsub,mag_bgsub_err_1,mag_bgsub_err_2,cps_mcatbgsub,cps_mcatbgsub_err,flux_mcatbgsub,flux_mcatbgsub_err,mag_mcatbgsub,mag_mcatbgsub_err_1,mag_mcatbgsub_err_2,cps,cps_err,flux,flux_err,mag,mag_err_1,mag_err_2,counts,flat_counts,bg_counts,bg_flat_counts,exptime,bg,mcat_bg,responses,detxs,detys,detrad,racent,deccent,q_mean,flags
849774280.995,849774389.995,849774351.1875,849774314.935,849774387.44,-0.014552221520818868,0.02297277566437047,-2.0373110129146415e-17,3.216188593011866e-17,,,,,,,,,,,0.019412049476930426,0.013853989377145106,2.71768692677026e-17,1.9395585128003148e-17,23.09982152609195,0.5848242521717815,1.357870377581559,2.0,1.9633289864956276,12.0,11.92755694413487,101.13970649152103,3.4351363999108435,,1.0186787087873848,132.63824462890625,250.54269409179688,306.30017062426,52.342549633386696,0.10994219396500499,7.5,32.0
882643838.995,882645508.995,882644856.7387928,882643863.355,882645502.185,0.013150168092681122,0.006340972790357109,1.8410235329753572e-17,8.877361906499953e-18,23.522671739369535,0.42726489087147357,0.7145887834952198,-0.00366999603440091,0.007344688265576544,-5.137994448161275e-18,1.0282563571807162e-17,,,,0.03119211165517472,0.005047141420387046,4.366895631724461e-17,7.065997988541865e-18,22.584888058045667,0.16283615276339702,0.19164156261538423,29.0,38.19430448592681,100.0,76.70870683161915,1224.486014546259,22.09210756750632,42.68816330349095,0.7616866048244478,587.5082397460938,621.8259887695312,290.4584467118469,52.34184352367056,0.10994518115605091,17.724138259887695,104.0
913679056.995,913680694.995,913679928.3256977,913679059.535,913680688.295,0.007434139176112662,0.007697448703601402,1.0407794846557727e-17,1.0776428185041963e-17,24.1419232816103,0.771634542714768,,0.0022007316473677337,0.007986422959613734,3.0810243063148272e-18,1.1180992143459228e-17,25.463582277956338,1.663714521326444,,0.037925703530129036,0.005731004673044055,5.3095984942180654e-17,8.023406542261677e-18,22.372665885521243,0.15279335051532783,0.17787319662496515,43.0,43.793107821125574,124.0,122.25294760347647,1154.7078562784034,35.208848909801226,41.25190569834954,0.9834884976021883,168.43411254882812,592.3172607421875,301.012772171593,52.34224270730227,0.11005688988497134,10.302325248718262,97.0
