t0,t1,t_mean,t0_data,t1_data,cps_bgsub,cps_bgsub_err,flux_bgsub,flux_bgsub_err,mag_bgsub,mag_bgsub_err_1,mag_bgsub_err_2,cps_mcatbgsub,cps_mcatbgsub_err,flux_mcatbgsub,flux_mcatbgsub_err,mag_mcatbgsub,mag_mcatbgsub_err_1,mag_mcatbgsub_err_2,cps,cps_err,flux,flux_err,mag,mag_err_1,mag_err_2,counts,flat_counts,bg_counts,bg_flat_counts,exptime,bg,mcat_bg,responses,detxs,detys,detrad,racent,deccent,q_mean,flags
746284402.995,746284511.995,746284438.433,746284438.433,746284438.433,-0.00011179500283700404,0.013819054751646336,-1.5651300397180565e-19,1.934667665230487e-17,,,,-0.011095270175957564,0.01715881896093306,-1.553337824634059e-17,2.4022346545306286e-17,,,,0.010080859620561737,0.009744568274522688,1.4113203468786432e-17,1.3642395584331764e-17,23.81125608228856,0.7343125061174618,3.691954688882518,1.0,1.0702122766648663,4.0,3.7572248163671738,106.1627992995731,1.0820807471137464,2.2481172175295883,0.9343940653683483,512.9710693359375,427.679931640625,116.3126868511551,326.086910384494,0.304729850570513,16.0,0.0
777242540.995,777244158.995,777243249.3057895,777242548.27,777244078.785,-0.004732774806704166,0.004255093859036434,-6.6258847293858324e-18,5.957131402651007e-18,,,,-0.009967445873396116,0.004625684736603568,-1.3954424222754562e-17,6.4759586312449954e-18,,,,0.012032599019636929,0.002750476301919162,1.6845638627491702e-17,3.850666822686827e-18,23.619101389261566,0.22351336349017714,0.2817803460611401,19.0,19.138287472237963,94.0,92.59006377880345,1590.5364619069173,26.6659383682954,34.99187356595812,0.9945515685957492,267.78515625,651.769287109375,284.3739419134598,326.08711275809327,0.3048671590515888,14.473684310913086,0.0
904906259.995,904907677.995,904906985.2369999,904906299.61,904907669.35,0.0037179723443794763,0.005495554243623291,5.205161282131267e-18,7.693775941072609e-18,24.89423461247812,0.9852993461019608,,0.0008955682339192807,0.005678274682279278,1.253795527486993e-18,7.94958455519099e-18,26.439753298446668,2.164301604152623,,0.022733821153381493,0.004055283261912767,3.182734961473409e-17,5.6773965666778745e-18,22.928318902289696,0.17821438974460335,0.21332390332294437,30.0,31.426968333385847,95.0,91.27530163847315,1382.388298093535,26.287286871880273,30.18894528667154,0.9556772963396221,469.8214416503906,494.40887451171875,117.42260983604632,326.0869049792026,0.3049866048278299,14.466666221618652,0.0
