t0,t1,t_mean,t0_data,t1_data,cps_bgsub,cps_bgsub_err,flux_bgsub,flux_bgsub_err,mag_bgsub,mag_bgsub_err_1,mag_bgsub_err_2,cps_mcatbgsub,cps_mcatbgsub_err,flux_mcatbgsub,flux_mcatbgsub_err,mag_mcatbgsub,mag_mcatbgsub_err_1,mag_mcatbgsub_err_2,cps,cps_err,flux,flux_err,mag,mag_err_1,mag_err_2,counts,flat_counts,bg_counts,bg_flat_counts,exptime,bg,mcat_bg,responses,detxs,detys,detrad,racent,deccent,q_mean,flags
750688013.995,750688124.995,750688077.6933333,750688026.892,750688122.945,0.017536586209428752,0.018766619891787736,2.4551220693200253e-17,2.6273267848502832e-17,23.210137363614177,0.7899998167403162,,0.015803043891065408,0.019185865606679415,2.2124261447491574e-17,2.6860211849351182e-17,23.323148134232245,0.8629741517361502,,0.02795355412287328,0.016017905256320422,3.9134975772022594e-17,2.2425067358848593e-17,22.70390741597143,0.49183461537508677,0.9239774993826906,3.0,3.045528206594094,4.0,3.9407095938857597,108.94958806336757,1.1349243630390988,1.3237930845152004,0.98519695331184,391.0539245605469,624.571044921875,224.74916347579847,359.14884605847766,0.20456865682402867,13.0,0.0
845560507.995,845562190.995,845561371.143,845560553.51,845562043.855,-0.00261755559301215,0.0030948631694200355,-3.66457783021701e-18,4.33280843718805e-18,,,,-0.005317504489474603,0.0033474224437371504,-7.444506285264444e-18,4.686391421232011e-18,,,,0.006638257790299366,0.0020000964216716653,9.293560906419112e-18,2.8001349903403317e-18,24.26486471548794,0.28594223582199874,0.38927064870031103,10.0,11.015554458839027,59.0,53.33033970446808,1659.4044411677266,15.35913783488681,19.839445024602508,0.9095739683027277,438.35369873046875,623.8867797851562,227.14818152227107,359.1484535873451,0.20390653690728242,16.899999618530273,64.0
878685823.995,878687191.995,878686726.258889,878686183.325,878687177.765,0.0009360809416423752,0.00335400916139803,1.3105133182993254e-18,4.695612825957243e-18,26.391716491966697,1.6528825259496713,,-0.004470858859845713,0.0039066981325910815,-6.259202403783999e-18,5.4693773856275145e-18,,,,0.008046663413772566,0.0024437794829128084,1.1265328779281593e-17,3.421291276077932e-18,24.055960411308707,0.28794497152713205,0.3930105243612303,9.0,10.84195604728658,40.0,33.26629979564777,1347.3853061543034,9.58069434114656,16.865925580932476,0.8321456613485142,538.7966918945312,583.9341430664062,230.4263237272136,359.14834603279843,0.20458761767130446,19.66666603088379,0.0
