t0,t1,t_mean,t0_data,t1_data,cps_bgsub,cps_bgsub_err,flux_bgsub,flux_bgsub_err,mag_bgsub,mag_bgsub_err_1,mag_bgsub_err_2,cps_mcatbgsub,cps_mcatbgsub_err,flux_mcatbgsub,flux_mcatbgsub_err,mag_mcatbgsub,mag_mcatbgsub_err_1,mag_mcatbgsub_err_2,cps,cps_err,flux,flux_err,mag,mag_err_1,mag_err_2,counts,flat_counts,bg_counts,bg_flat_counts,exptime,bg,mcat_bg,responses,detxs,detys,detrad,racent,deccent,q_mean,flags
753889659.995,753889785.995,753889716.5012045,753889664.581,753889779.051,0.3506329733984795,0.08017448028888446,7.223039252008677e-17,1.65159429395102e-17,21.217868113562943,0.22357613533723253,0.2818803264777401,0.2942881756949276,0.08355178489406538,6.062336419315509e-17,1.7211667688177468e-17,21.408067968040207,0.27133768621293086,0.3625831874892427,0.5028136539380981,0.07024588896651515,1.035796127112482e-16,1.447065312710212e-17,20.82648234382628,0.1419817164211743,0.163382274660691,44.0,51.235655768477926,63.0,53.843374551117265,101.89790067790324,15.506891870721775,21.248308470834854,0.8590940430527388,487.6029052734375,188.31478881835938,229.09582633771976,53.65472682586463,0.8918429850026904,13.204545021057129,0.0
912217990.995,912219695.995,912218857.3681387,912217991.78,912219692.95,0.22705869375662371,0.01871405009998868,4.6774090913864485e-17,3.855094320597668e-18,21.689654662306175,0.08598895745140567,0.09338948860077778,0.18817133177295278,0.019400092830850858,3.876329434522827e-17,3.9964191231552764e-18,21.893616353456657,0.10653526841276317,0.11813755019398542,0.37395078771870843,0.01585702268408683,7.703386227005393e-17,3.2665466729218872e-18,21.147963869020682,0.04509021059791252,0.04704423262878521,505.0,556.1418917819851,833.0,758.5375620236016,1487.2060978256948,218.4588178627973,276.29233973326785,0.9082306115104435,628.3123168945312,426.4181213378906,229.8356612468404,53.65498957451995,0.8919536082511322,10.849505424499512,0.0
