t0,t1,t_mean,t0_data,t1_data,cps_bgsub,cps_bgsub_err,flux_bgsub,flux_bgsub_err,mag_bgsub,mag_bgsub_err_1,mag_bgsub_err_2,cps_mcatbgsub,cps_mcatbgsub_err,flux_mcatbgsub,flux_mcatbgsub_err,mag_mcatbgsub,mag_mcatbgsub_err_1,mag_mcatbgsub_err_2,cps,cps_err,flux,flux_err,mag,mag_err_1,mag_err_2,counts,flat_counts,bg_counts,bg_flat_counts,exptime,bg,mcat_bg,responses,detxs,detys,detrad,racent,deccent,q_mean,flags
780823874.995,780823969.995,780823923.34,780823877.093,780823967.679,0.16013728246148523,0.06682727639979726,3.2988280187065954e-17,1.3766418938358234e-17,22.068768864419056,0.37866397994968537,0.586410591478085,,,,,,,,0.26828031488314896,0.05641698705983575,5.526574486592869e-17,1.1621899334326164e-17,21.50852798148884,0.2072246812172125,0.2563325444109559,21.0,22.612981987006346,34.0,31.65009988966993,84.28863667040036,9.115228768224942,,0.9290070508322399,190.9810333251953,386.6542663574219,209.44459180475812,27.038553754595608,0.29613154265360286,11.2380952835083,0.0
781989535.995,781989646.995,781989593.6066666,781989541.728,781989643.166,0.10665366042115347,0.06531421177323839,2.1970654046757614e-17,1.3454727625287107e-17,22.510060586742934,0.5186788808724998,1.0290277131024794,0.12477385190949157,0.06389193576560584,2.570341349335526e-17,1.3161738767714803e-17,22.339691043870317,0.44892392662208636,0.7790881746791847,0.2636470881486336,0.05170870113599958,5.4311300158618513e-17,1.0651992434015914e-17,21.52744255218312,0.19444457257632664,0.23703338593732326,24.0,25.996728608468164,58.0,53.75077188363841,98.60426978739191,15.480222302487864,13.693494052372571,0.9233558126274222,437.916748046875,595.0292358398438,198.68085618580264,27.03859415591712,0.2959884091524141,13.5,0.0
908437725.995,908439356.995,908438557.6712028,908437731.995,908439348.045,0.15781711820212535,0.016102055907891526,3.251032634963782e-17,3.3170235170256543e-18,22.084614728141077,0.10548338917334732,0.11684524180086342,,,,,,,,0.2691068759544724,0.013543327950491258,5.5436016446621316e-17,2.789925557801199e-18,21.505188013571523,0.05331127131649893,0.056064714333093235,345.0,394.81968633913516,649.0,566.9394967857295,1467.1482656798812,163.27857507429013,,0.8739904556092388,411.9925842285156,540.6038208007812,141.11433839357449,27.03854677166089,0.29636145845871514,13.736231803894043,0.0
