t0,t1,t_mean,t0_data,t1_data,cps_bgsub,cps_bgsub_err,flux_bgsub,flux_bgsub_err,mag_bgsub,mag_bgsub_err_1,mag_bgsub_err_2,cps_mcatbgsub,cps_mcatbgsub_err,flux_mcatbgsub,flux_mcatbgsub_err,mag_mcatbgsub,mag_mcatbgsub_err_1,mag_mcatbgsub_err_2,cps,cps_err,flux,flux_err,mag,mag_err_1,mag_err_2,counts,flat_counts,bg_counts,bg_flat_counts,exptime,bg,mcat_bg,responses,detxs,detys,detrad,racent,deccent,q_mean,flags
753712552.995,753712666.995,753712604.0671667,753712554.4,753712645.841,0.019412651586831794,0.028918246965560064,2.7177712221564512e-17,4.048554575178409e-17,23.099787849978483,0.9903500236687357,,,,,,,,,0.05580519918233019,0.022498270802330904,7.812727885526227e-17,3.149757912326327e-17,21.953313343560662,0.36776586370549325,0.5603501984824995,6.0,6.152491825652172,14.0,13.931451061302408,110.2494376115453,4.012257905655094,,0.9761693395531155,180.30284118652344,288.399169921875,246.41750519157617,52.50640037417616,0.6209263796719297,7.666666507720947,0.0
882815355.995,882817031.995,882816100.7807693,882815390.7,882817030.845,0.01073064139904241,0.007350877160144624,1.5022897958659373e-17,1.0291228024202474e-17,23.743435795798163,0.5665230495011677,1.254348188209505,0.007769222307143217,0.007474003836033486,1.0876911230000505e-17,1.0463605370446882e-17,24.09405612887284,0.7317483606701707,3.55058505422128,0.04919868817069041,0.005506789945841383,6.887816343896657e-17,7.709505924177937e-18,22.090116192666244,0.11519323778028934,0.12888152397199804,78.0,79.81968769714831,221.0,216.7026134373653,1622.394634186609,62.41035266996122,67.21494311423625,0.9783696645548116,155.18270874023438,356.23614501953125,248.69817269638395,52.5066210920755,0.6212421213408377,7.807692527770996,0.0
912295094.995,912296592.995,912295931.7845238,912295104.765,912296540.305,0.013668340736738147,0.007340014908866159,1.9135677031433407e-17,1.0276020872412624e-17,23.480710508133463,0.46669066033019035,0.8360674126700083,,,,,,,,0.04624411957735832,0.005622212603496745,6.474176740830166e-17,7.871097644895444e-18,22.157358711229726,0.12457255417798407,0.14074052059205755,63.0,67.65478250691751,179.0,165.47954071106062,1462.9921193275807,47.65810772478547,,0.9327906588997555,236.07708740234375,210.825439453125,250.31527247174137,52.50670270280317,0.6212003628861396,7.269841194152832,0.0
