t0,t1,t_mean,t0_data,t1_data,cps_bgsub,cps_bgsub_err,flux_bgsub,flux_bgsub_err,mag_bgsub,mag_bgsub_err_1,mag_bgsub_err_2,cps_mcatbgsub,cps_mcatbgsub_err,flux_mcatbgsub,flux_mcatbgsub_err,mag_mcatbgsub,mag_mcatbgsub_err_1,mag_mcatbgsub_err_2,cps,cps_err,flux,flux_err,mag,mag_err_1,mag_err_2,counts,flat_counts,bg_counts,bg_flat_counts,exptime,bg,mcat_bg,responses,detxs,detys,detrad,racent,deccent,q_mean,flags
780823582.995,780823688.995,780823627.3843848,780823584.603,780823680.404,-0.002323172325265032,0.055659903693572876,-4.785734990045966e-19,1.1465940160876012e-17,,,,0.011189864571855106,0.054357175475374206,2.3051121018021517e-18,1.1197578147927086e-17,24.95793792399457,1.9193206358302533,,0.1448858498205695,0.03920066825489214,2.984648506303732e-17,8.075337660507781e-18,22.177435068843202,0.25999002706911867,0.34252968652613447,13.0,13.660449932963225,50.0,48.19266817046667,94.2842240969749,13.879488433094403,12.605422234055638,0.9518738294347215,426.6097106933594,678.0122680664062,279.28282779041683,27.270063783937307,0.05726415677590186,10.230769157409668,0.0
781989241.995,781989355.995,781989304.2646668,781989246.746,781989353.418,0.03632034682925658,0.053249548449187084,7.481991446826856e-18,1.0969406980532539e-17,23.679625032445585,0.9800301985829307,,,,,,,,,0.16204791996862436,0.03995864532580823,3.338187151353662e-17,8.231480937116495e-18,22.055891347894548,0.2393050589468757,0.3074148683290936,15.0,16.44619399955695,48.0,44.305739831976396,101.48969516388273,12.760053071609205,,0.9125366900726585,664.934814453125,296.95294189453125,284.26950609149696,27.270533083929834,0.05746008718911019,11.866666793823242,0.0
908437725.995,908439356.995,908438558.1725453,908437733.89,908439355.85,0.020142691578298032,0.012715831669316016,4.1493944651293944e-18,2.6194613238790993e-18,24.31970624266119,0.5313263455347865,1.0832806773296326,-0.007048629977030421,0.01342482129368337,-1.4520177752682666e-18,2.765513186498774e-18,,,,0.1286846895976935,0.009365402293772883,2.650904605712486e-17,1.9292728725172138e-18,22.30618280171283,0.07627455185917498,0.08204057166307166,165.0,188.79951916280984,633.0,552.9416810680038,1467.1482656798812,159.24720414758514,199.14090440902925,0.8741348687424565,268.22650146484375,402.2251892089844,131.79228499123386,27.270170020217606,0.05719759694430329,13.018181800842285,0.0
