t0,t1,t_mean,t0_data,t1_data,cps_bgsub,cps_bgsub_err,flux_bgsub,flux_bgsub_err,mag_bgsub,mag_bgsub_err_1,mag_bgsub_err_2,cps_mcatbgsub,cps_mcatbgsub_err,flux_mcatbgsub,flux_mcatbgsub_err,mag_mcatbgsub,mag_mcatbgsub_err_1,mag_mcatbgsub_err_2,cps,cps_err,flux,flux_err,mag,mag_err_1,mag_err_2,counts,flat_counts,bg_counts,bg_flat_counts,exptime,bg,mcat_bg,responses,detxs,detys,detrad,racent,deccent,q_mean,flags
780823161.995,780823267.995,5e-324,-1.2882297539194267e-231,5e-324,-0.006732606365472462,0.00800208755368094,-9.425648911661446e-18,1.1202922575153316e-17,,,,,,,,,,,0.0,0.0,0.0,0.0,inf,,,5e-324,5e-324,3.0,2.4579178372551787,105.14209485939787,0.7078803371294915,,5e-324,5e-324,5e-324,565.685424949238,160000.0,5e-324,5e-324,0.0
781988806.995,781988916.995,781988880.208,781988880.208,781988880.208,-0.010285506918012692,0.016405833538414086,-1.439970968521777e-17,2.296816695377972e-17,,,,,,,,,,,0.009543109396137549,0.009351440606951608,1.336035315459257e-17,1.3092016849732252e-17,23.87077524417168,0.7416166269711759,4.242846257512472,1.0,1.0414124488650625,8.0,7.5133355300851115,109.12716239914013,2.1638406326645128,,0.9602343443174757,392.928466796875,217.0093231201172,183.1272628714812,26.3783435498548,-1.12668437611184,11.0,0.0
908479111.995,908480771.995,908480126.5210713,908479744.395,908480666.805,0.004582155566231137,0.0031521934016239513,6.4150177927235915e-18,4.413070762273532e-18,24.667325426010997,0.5683848340382376,1.2643632074586932,0.00040586092484420455,0.003531751618672945,5.682052947818864e-19,4.944452266142123e-18,27.299056898323155,2.4671393479077572,,0.010469613971982145,0.0025218857194830246,1.4657459560775004e-17,3.530640007276234e-18,23.770173327543276,0.234321545898311,0.2992191490528029,14.0,17.234970053695605,41.0,33.652336918322554,1646.1896398299218,9.691873032476899,16.566846004005285,0.8140869053628031,562.190673828125,441.57550048828125,167.43457503655662,26.377116039363973,-1.1267880400897163,14.857142448425293,0.0
