t0,t1,t_mean,t0_data,t1_data,cps_bgsub,cps_bgsub_err,flux_bgsub,flux_bgsub_err,mag_bgsub,mag_bgsub_err_1,mag_bgsub_err_2,cps_mcatbgsub,cps_mcatbgsub_err,flux_mcatbgsub,flux_mcatbgsub_err,mag_mcatbgsub,mag_mcatbgsub_err_1,mag_mcatbgsub_err_2,cps,cps_err,flux,flux_err,mag,mag_err_1,mag_err_2,counts,flat_counts,bg_counts,bg_flat_counts,exptime,bg,mcat_bg,responses,detxs,detys,detrad,racent,deccent,q_mean,flags
777384471.995,777386165.995,777385373.7070793,777384488.985,777386157.94,0.06690524946423868,0.016566403872954407,1.3782481389633166e-17,3.412679197828608e-18,23.016349514103943,0.2401970534311637,0.3088923565086077,0.03816010710388869,0.01716127559024425,7.86098206340107e-18,3.535222771590315e-18,23.62597603758216,0.4032086032382374,0.6485361400229479,0.2300515660276728,0.012671710914417048,4.739062260170059e-17,2.610372448369912e-18,21.67543701505184,0.05821558199174959,0.06151474756098452,315.0,329.59443839332323,851.0,811.5951927912931,1432.698086278954,233.73941552389246,274.922525973382,0.9559251448372408,548.0867919921875,579.7109375,232.86416430972437,338.0839023006923,-1.1516985535633213,12.057143211364746,0.0
1002457375.995,1002457473.995,1002457428.0242105,1002457382.11,1002457466.68,0.15533598760192419,0.07431010735606,3.199921344599638e-17,1.530788211534836e-17,22.101819792643564,0.4244674546659297,0.7066208128522184,,,,,,,,0.29682327416869975,0.06115132858412695,6.114559447875214e-17,1.2597173688330151e-17,21.39875512163326,0.20338566117896306,0.25047516052611485,19.0,23.56047861678441,48.0,38.99519418301851,79.37544211372654,11.230615924709333,,0.8070580789104801,540.9465942382812,213.0952606201172,234.09255440964503,338.0839436841732,-1.1517783622717728,11.210526466369629,0.0
