t0,t1,t_mean,t0_data,t1_data,cps_bgsub,cps_bgsub_err,flux_bgsub,flux_bgsub_err,mag_bgsub,mag_bgsub_err_1,mag_bgsub_err_2,cps_mcatbgsub,cps_mcatbgsub_err,flux_mcatbgsub,flux_mcatbgsub_err,mag_mcatbgsub,mag_mcatbgsub_err_1,mag_mcatbgsub_err_2,cps,cps_err,flux,flux_err,mag,mag_err_1,mag_err_2,counts,flat_counts,bg_counts,bg_flat_counts,exptime,bg,mcat_bg,responses,detxs,detys,detrad,racent,deccent,q_mean,flags
753629849.995,753629969.995,753629906.617,753629906.617,753629906.617,-0.005806217759255584,0.014116578142048475,-8.128704862957818e-18,1.9763209398867866e-17,,,,,,,,,,,0.008836329997265807,0.008660176283013545,1.237086199617213e-17,1.2124246796218963e-17,23.954320183870156,0.7416985263467168,4.250950304031903,1.0,1.0410950654982767,6.0,5.990217933439067,117.8198489441226,1.7251827648304516,,0.9605270768634292,226.24583435058594,623.094482421875,282.7749249272437,34.5201516123064,0.113657041853249,11.0,0.0
908863633.995,908865004.995,908864348.6141666,908863686.82,908864966.475,0.004131378782861511,0.004822425023900199,5.783930296006115e-18,6.751395033460278e-18,24.779762462954825,0.8397813979867621,,0.00573173355955064,0.004697112296563921,8.024426983370896e-18,6.5759572151894895e-18,24.424285015115533,0.649875636120651,1.8587614859986594,0.017665029257787023,0.003628729177855946,2.4731040960901834e-17,5.080220848998325e-18,23.202214097315704,0.20284490471621552,0.24965429178806176,24.0,23.698431811514492,62.0,63.041670939175816,1341.5450076918412,18.156001230482637,16.009053269279544,1.014566806390125,291.4298095703125,484.838134765625,137.78604922287653,34.520443510444174,0.11188999642764946,11.333333015441895,0.0
908887268.995,908888965.995,908888209.7139286,908887330.595,908888914.055,0.011385613859578939,0.004222021246951423,1.5939859403410515e-17,5.910829745731993e-18,23.679108873175267,0.3424516308327341,0.5030639270140824,0.007870001454668972,0.0044663949591180335,1.1018002036536561e-17,6.2529529427652474e-18,24.080062968417888,0.48803375944298466,0.9100886720647487,0.020450440360446093,0.0035143773355629172,2.863061650462453e-17,4.9201282697880845e-18,23.04324333967305,0.1721786636645426,0.2047255073952705,28.0,33.86168374961663,63.0,52.11621818803205,1655.7924011802547,15.009470838153232,20.830595143698197,0.8276723538988374,336.7197570800781,123.2667236328125,283.8761972989678,34.52050703533304,0.11219758337752071,7.642857074737549,0.0
