t0,t1,t_mean,t0_data,t1_data,cps_bgsub,cps_bgsub_err,flux_bgsub,flux_bgsub_err,mag_bgsub,mag_bgsub_err_1,mag_bgsub_err_2,cps_mcatbgsub,cps_mcatbgsub_err,flux_mcatbgsub,flux_mcatbgsub_err,mag_mcatbgsub,mag_mcatbgsub_err_1,mag_mcatbgsub_err_2,cps,cps_err,flux,flux_err,mag,mag_err_1,mag_err_2,counts,flat_counts,bg_counts,bg_flat_counts,exptime,bg,mcat_bg,responses,detxs,detys,detrad,racent,deccent,q_mean,flags
753629849.995,753629969.995,753629904.1137826,753629851.093,753629969.839,0.06812877559831712,0.05882775651661882,1.4034527773253327e-17,1.2118517842423476e-17,22.996673540189033,0.6758111675003136,2.1620001214069866,,,,,,,,0.21739758043380014,0.045297485096945936,4.478390156936283e-17,9.331281929970862e-18,21.73686323445707,0.20549302212366172,0.2536839882676354,23.0,23.03356872087175,55.0,54.91400164926451,105.95135730080361,15.815232474988182,,0.9986466168938347,215.1867218017578,559.365478515625,244.03545549959537,34.58987744148554,0.02992808738560361,11.1304349899292,0.0
908863633.995,908865004.995,908864302.349618,908863648.505,908864985.8,0.030900276300459908,0.014401315864018879,6.365456917894741e-18,2.966671067987889e-18,23.855094093086084,0.41537775794687093,0.6812644540973665,0.005159807051681349,0.015113553868076253,1.0629202526463578e-18,3.1133920968237082e-18,25.798416345717254,1.4857307258253876,,0.14242706206383043,0.010785021993266402,2.933997478514907e-17,2.221714530612879e-18,22.19601871023885,0.07925126043120301,0.08549477980658082,157.0,174.39858690629546,525.0,474.1733524448972,1224.476475040513,136.56192550413041,168.0805245557635,0.900536298779823,233.3765106201172,457.8053283691406,176.36565198754573,34.58973514498605,0.02995170782380739,12.095541000366211,0.0
908887268.995,908888965.995,908888107.717165,908887270.435,908888961.74,0.06058972229949644,0.012957517574991079,1.2481482793696266e-17,2.6692486204481624e-18,23.124002594995375,0.21041854225071077,0.26124569521437024,0.012873201697417916,0.014131722419552274,2.6518795496680906e-18,2.9111348184277685e-18,24.805783565413133,0.804390968574161,,0.15622848392319433,0.010205071911203758,3.218306768817803e-17,2.102244813707974e-18,22.095599454269436,0.06870168410395294,0.0733443156448601,194.0,234.362594850159,603.0,498.1607835667046,1500.1271788912532,143.47030566721097,215.05115510451338,0.8280630958479074,391.70245361328125,155.8495330810547,244.29142386252278,34.58983624536701,0.030022369162734937,10.34536075592041,0.0
