t0,t1,t_mean,t0_data,t1_data,cps_bgsub,cps_bgsub_err,flux_bgsub,flux_bgsub_err,mag_bgsub,mag_bgsub_err_1,mag_bgsub_err_2,cps_mcatbgsub,cps_mcatbgsub_err,flux_mcatbgsub,flux_mcatbgsub_err,mag_mcatbgsub,mag_mcatbgsub_err_1,mag_mcatbgsub_err_2,cps,cps_err,flux,flux_err,mag,mag_err_1,mag_err_2,counts,flat_counts,bg_counts,bg_flat_counts,exptime,bg,mcat_bg,responses,detxs,detys,detrad,racent,deccent,q_mean,flags
746284258.995,746284368.995,746284317.9569091,746284261.942,746284367.541,0.12369415420600541,0.06191826814777353,2.5480995766437114e-17,1.2755163238441346e-17,22.34912706168033,0.4406446581326193,0.753825480190585,,,,,,,,0.24321571531506198,0.050701233274401736,5.0102437354902763e-17,1.0444454054526757e-17,21.615020916692046,0.2055824921717324,0.2538205703359466,22.0,23.011568398236513,41.0,39.265248988979565,94.61382200746073,11.308391708826118,,0.9561062326347678,597.7326049804688,500.4820556640625,221.79906803870446,325.5385263791408,0.9625182708014194,14.909090995788574,0.0
777301650.995,777303329.995,777302473.1090857,777301652.825,777303329.905,0.1034652071115654,0.01645613703525032,2.1313832664982473e-17,3.3899642292615657e-18,22.543014171406526,0.16025539062585992,0.18807451087519667,0.09675638609720394,0.01659480341027327,1.993181553602401e-17,3.418529502516293e-18,22.615800902846313,0.17186610777907774,0.2042833891748792,0.2499387034870112,0.013066857220827108,5.14873729183243e-17,2.691772587490384e-18,21.58541621833392,0.05532854544424026,0.05830016888240053,350.0,365.86825917576573,779.0,744.4881371941997,1463.8319478790893,214.41258351192954,224.23317004535446,0.9568024339588356,590.6845703125,541.9236450195312,237.70344206782676,325.53851712358676,0.9625236751933705,12.037142753601074,0.0
904911894.995,904913592.995,904912707.9414483,904911902.455,904913588.18,0.12259477515739947,0.01495967253909518,2.5254523682424292e-17,3.081692543053607e-18,22.35882009633567,0.12500668999863862,0.14129508065243712,0.07819385666790354,0.015919867508223502,1.610793447358813e-17,3.2794927066940414e-18,22.847068415305433,0.2012008133888621,0.2471648678559042,0.2288595219376198,0.012362424169186545,4.714506151914968e-17,2.546659378852428e-18,21.681077533971788,0.0571195762190726,0.06029226894219519,290.0,342.713089038889,654.0,552.5332641930908,1497.4823251282603,159.12958008761015,225.61917074509088,0.8464359219877938,569.9074096679688,258.9881896972656,220.80049480228368,325.5383800006331,0.9625217137041148,11.724138259887695,0.0
