t0,t1,t_mean,t0_data,t1_data,cps_bgsub,cps_bgsub_err,flux_bgsub,flux_bgsub_err,mag_bgsub,mag_bgsub_err_1,mag_bgsub_err_2,cps_mcatbgsub,cps_mcatbgsub_err,flux_mcatbgsub,flux_mcatbgsub_err,mag_mcatbgsub,mag_mcatbgsub_err_1,mag_mcatbgsub_err_2,cps,cps_err,flux,flux_err,mag,mag_err_1,mag_err_2,counts,flat_counts,bg_counts,bg_flat_counts,exptime,bg,mcat_bg,responses,detxs,detys,detrad,racent,deccent,q_mean,flags
753889659.995,753889785.995,753889757.0454999,753889721.7,753889785.958,0.005816016793211032,0.02592211743707715,8.142423510495445e-18,3.629096441190801e-17,24.408435870405064,1.8423893518375358,,0.004595554068067011,0.026123144641861357,6.433775695293816e-18,3.65724024986059e-17,24.664155299814542,2.0626623357761,,0.04210018993240512,0.01899755823647522,5.894026590536717e-17,2.6596581531065307e-17,22.25928986216799,0.40435287239585094,0.6515565013137241,4.0,4.911029481509612,18.0,14.696476650640015,116.65100536113073,4.232585275384325,4.374953479278161,0.8155801580744327,486.7497863769531,188.22454833984375,228.85446764769566,53.65510741791217,0.8908903824135161,12.75,0.0
912217990.995,912219695.995,912218796.3694737,912217996.145,912219690.055,0.05006514622190017,0.006834606308097678,7.009120471066024e-17,9.56844883133675e-18,22.071161277705286,0.13893722158882937,0.15936207342583586,0.028807074663879585,0.007714195548652453,4.032990452943142e-17,1.0799873768113435e-17,22.671252104371824,0.2576167891712515,0.3384082364033105,0.06383096609811185,0.006198796015834887,8.936335253735661e-17,8.678314422168842e-18,21.807421455904034,0.10062808361266207,0.11091611205154805,76.0,106.03473243064006,110.0,79.40106397025268,1661.1801279595018,22.867506423432776,58.18099245435765,0.7184354721922995,628.715576171875,425.623046875,230.14637801797187,53.654946954462105,0.8918872324651266,16.223684310913086,73.0
