t0,t1,t_mean,t0_data,t1_data,cps_bgsub,cps_bgsub_err,flux_bgsub,flux_bgsub_err,mag_bgsub,mag_bgsub_err_1,mag_bgsub_err_2,cps_mcatbgsub,cps_mcatbgsub_err,flux_mcatbgsub,flux_mcatbgsub_err,mag_mcatbgsub,mag_mcatbgsub_err_1,mag_mcatbgsub_err_2,cps,cps_err,flux,flux_err,mag,mag_err_1,mag_err_2,counts,flat_counts,bg_counts,bg_flat_counts,exptime,bg,mcat_bg,responses,detxs,detys,detrad,racent,deccent,q_mean,flags
745260582.995,745260713.995,745260667.2663125,745260585.322,745260708.208,0.0202775055525215,0.05051002714042037,4.177166143819429e-18,1.0405065590926596e-17,24.31246367751409,1.3573556155436393,,,,,,,,,0.15344966853425038,0.03695778594763259,3.1610631718055575e-17,7.613303905212314e-18,22.115085113370416,0.2342949810673609,0.2991757271013853,16.0,17.23931549563575,56.0,51.94874126606671,112.34508135667879,14.961237484627217,,0.9282878613057076,573.50634765625,475.455322265625,189.20348394049412,327.8816161571463,-0.4655094393796335,13.6875,0.0
777224737.995,777226407.995,777225576.0378472,777224741.145,777226399.455,0.03485117060932482,0.01452101720397543,7.179341145520912e-18,2.9913295440189384e-18,23.724456574716072,0.37816250569742493,0.5851917860123201,,,,,,,,0.17033610459571452,0.01083719071206452,3.508923754671719e-17,2.232461286685291e-18,22.001733222066537,0.06696868120256383,0.07137245280380711,216.0,247.0472307724173,781.0,682.294381879818,1450.3515350358243,196.50078198138763,,0.8745967036390252,563.7219848632812,339.7516784667969,174.45557765557604,327.8820193578667,-0.4657904626606345,14.384259223937988,0.0
905686822.995,905688432.995,905687614.7396792,905686824.185,905688428.375,0.05446375729788898,0.013907283483523828,1.121953400336513e-17,2.8649003976059086e-18,23.239731003089975,0.2469114806367685,0.3201185264084252,,,,,,,,0.1636063074691789,0.010771119857886912,3.3702899338650855e-17,2.218850690724704e-18,22.0454998927642,0.06922555781968853,0.07394172120960008,187.0,230.71634793906424,656.0,534.4165941916999,1410.1922566923522,153.9119791272096,,0.8107559063660402,411.2942810058594,207.96348571777344,192.36835394915434,327.88204336954175,-0.4657850290014176,12.262032508850098,0.0
