t0,t1,t_mean,t0_data,t1_data,cps_bgsub,cps_bgsub_err,flux_bgsub,flux_bgsub_err,mag_bgsub,mag_bgsub_err_1,mag_bgsub_err_2,cps_mcatbgsub,cps_mcatbgsub_err,flux_mcatbgsub,flux_mcatbgsub_err,mag_mcatbgsub,mag_mcatbgsub_err_1,mag_mcatbgsub_err_2,cps,cps_err,flux,flux_err,mag,mag_err_1,mag_err_2,counts,flat_counts,bg_counts,bg_flat_counts,exptime,bg,mcat_bg,responses,detxs,detys,detrad,racent,deccent,q_mean,flags
780112827.995,780112935.995,780112895.5205,780112835.627,780112935.802,-0.006146664361971689,0.04585290636570566,-1.266212858566168e-18,9.445698711335366e-18,,,,-0.0410444536516585,0.049795547795924947,-8.45515745224165e-18,1.0257882845960538e-17,,,,0.0942095481289839,0.031906643560025164,1.9407166914570683e-17,6.572768573365184e-18,22.644762698177324,0.31668981805498575,0.44896656684142755,8.0,8.71821550361862,35.0,32.24663886838495,92.54067848497014,9.287031994094866,12.516497092588008,0.9177814735759066,167.2263946533203,312.7834777832031,248.5764934455485,21.636997894694186,1.0267885286812102,12.0,0.0
781402923.995,781403036.995,781402978.3734665,781402938.067,781403022.986,0.06524734209803172,0.053369488211943726,1.3440952472194535e-17,1.0994114571660407e-17,23.043592937394465,0.6489587238810657,1.8495621162169975,0.03213662340876175,0.056378905852379924,6.62014442220492e-18,1.1614054605590264e-17,23.81249939111423,1.1000480673157433,,0.17539600257693375,0.04182788063829622,3.613157653084835e-17,8.61654341148902e-18,21.969950771988263,0.23221970478623533,0.2957921791844029,15.0,17.583594602801565,45.0,38.34199475454564,100.25082866463215,11.042494489309146,14.361871475589984,0.8531175684666046,480.0060119628906,162.61178588867188,250.50773670522028,21.636885782594582,1.0270356932721265,12.133333206176758,0.0
875378931.995,875380467.995,875379686.4433244,875378932.065,875380463.645,0.05566512757797504,0.014209516621605923,1.1467016281062858e-17,2.9271604240508203e-18,23.216041978105334,0.2468410018065761,0.31999972192424764,0.028259722216847385,0.014891663713248102,5.821502776670561e-18,3.067682724929109e-18,23.952080278572087,0.45956715078166255,0.8127488776184606,0.167204780419091,0.011005266096458672,3.444418476633275e-17,2.2670848158704863e-18,22.021878275377166,0.06920873427125329,0.07392252668718058,188.0,230.83214329174126,654.0,534.6682494579661,1380.5355487634458,153.98445584389427,191.8185921732033,0.8148718532820183,387.91357421875,151.5426025390625,248.75120108499564,21.63682929103637,1.027251622282803,10.489361763000488,0.0
