t0,t1,t_mean,t0_data,t1_data,cps_bgsub,cps_bgsub_err,flux_bgsub,flux_bgsub_err,mag_bgsub,mag_bgsub_err_1,mag_bgsub_err_2,cps_mcatbgsub,cps_mcatbgsub_err,flux_mcatbgsub,flux_mcatbgsub_err,mag_mcatbgsub,mag_mcatbgsub_err_1,mag_mcatbgsub_err_2,cps,cps_err,flux,flux_err,mag,mag_err_1,mag_err_2,counts,flat_counts,bg_counts,bg_flat_counts,exptime,bg,mcat_bg,responses,detxs,detys,detrad,racent,deccent,q_mean,flags
780113115.995,780113223.995,5e-324,0.0,5e-324,-0.008479656022258539,0.008939562815603945,-1.1871518431161956e-17,1.2515387941845524e-17,,,,,,,,,,,0.0,0.0,0.0,0.0,inf,,,5e-324,5e-324,4.0,3.1241467256706996,106.10740042182914,0.8997542569931617,,5e-324,5e-324,5e-324,565.685424949238,160000.0,5e-324,5e-324,0.0
781403216.995,781403330.995,1.5e-323,0.0,1.5e-323,-0.0020970811622751683,0.004325444140798641,-2.935913627185236e-18,6.055621797118098e-18,,,,,,,,,,,0.0,0.0,0.0,0.0,inf,,,1.5e-323,1.5e-323,1.0,0.8161623837880658,112.08663296366986,0.235054766530963,,1.5e-323,1.5e-323,1.5e-323,565.685424949238,160000.0,1.5e-323,1.5e-323,0.0
875550533.995,875552080.995,875551369.4102778,875550650.48,875552068.395,0.009594094922237487,0.0038131518955968374,1.3431732891132482e-17,5.338412653835573e-18,23.8649899725448,0.36333898380659946,0.5500133043017499,0.004543209438308521,0.00422315094972174,6.360493213631929e-18,5.912411329610436e-18,24.676593105242155,0.7136414069358352,2.880333519665939,0.015941701419823453,0.003224802702040049,2.2318381987752835e-17,4.514723782856069e-18,23.31366332312645,0.20002059031957486,0.24538364583536065,18.0,24.43785273777169,46.0,33.78670819333412,1532.9513515654796,9.730571959680228,17.473333688871598,0.7372478442374301,597.5776977539062,230.69805908203125,260.19241696929856,21.719826965109984,0.33678134019728784,12.166666984558105,8.0
