t0,t1,t_mean,t0_data,t1_data,cps_bgsub,cps_bgsub_err,flux_bgsub,flux_bgsub_err,mag_bgsub,mag_bgsub_err_1,mag_bgsub_err_2,cps_mcatbgsub,cps_mcatbgsub_err,flux_mcatbgsub,flux_mcatbgsub_err,mag_mcatbgsub,mag_mcatbgsub_err_1,mag_mcatbgsub_err_2,cps,cps_err,flux,flux_err,mag,mag_err_1,mag_err_2,counts,flat_counts,bg_counts,bg_flat_counts,exptime,bg,mcat_bg,responses,detxs,detys,detrad,racent,deccent,q_mean,flags
777390387.995,777392082.995,777391274.6513498,777390389.8,777392079.575,0.058110261080914355,0.015871623726544118,1.1970713782668357e-17,3.269554487668088e-18,23.16936793333794,0.2621814120141295,0.34635731883153653,-0.01725508989906202,0.017444089575149355,-3.554548519206776e-18,3.593482452480767e-18,,,,0.21025342692671864,0.01208929144709297,4.331220594690404e-17,2.4903940381011517e-18,21.773142292234937,0.06069956989660952,0.06429506539760865,263.0,302.4715075945429,873.0,759.9785750926844,1438.6044119031924,218.87382962669315,327.29475605111975,0.8698887196556594,497.0328369140625,462.59283447265625,115.46962529995668,338.1229727590236,0.7531108945597221,14.749049186706543,65.0
1002452261.995,1002452343.995,1002452299.5492105,1002452264.62,1002452339.37,0.18377273173659417,0.0878845573324166,3.78571827377384e-17,1.8104218810477817e-17,21.919297322348633,0.4243507284803272,0.7062900520002167,0.09396596981149796,0.09513093775316044,1.935698978116858e-17,1.959697317715105e-17,22.64757349895085,0.7592845653973228,,0.3534005144501994,0.07224096942466078,7.280050597674107e-17,1.488163970148012e-17,21.209332056550213,0.20194192795826638,0.248285863783277,19.0,23.93135141897841,50.0,39.88453602683489,67.71736440794224,11.48674637572845,17.5682235993075,0.7941714748494055,365.7740783691406,300.3576965332031,105.3565486889684,338.12323535571477,0.7533317811609507,12.736842155456543,0.0
