t0,t1,t_mean,t0_data,t1_data,cps_bgsub,cps_bgsub_err,flux_bgsub,flux_bgsub_err,mag_bgsub,mag_bgsub_err_1,mag_bgsub_err_2,cps_mcatbgsub,cps_mcatbgsub_err,flux_mcatbgsub,flux_mcatbgsub_err,mag_mcatbgsub,mag_mcatbgsub_err_1,mag_mcatbgsub_err_2,cps,cps_err,flux,flux_err,mag,mag_err_1,mag_err_2,counts,flat_counts,bg_counts,bg_flat_counts,exptime,bg,mcat_bg,responses,detxs,detys,detrad,racent,deccent,q_mean,flags
750688013.995,750688124.995,750688084.325647,750688020.306,750688124.529,0.06919872149135116,0.0559255707942825,1.425493662721834e-17,1.1520667583622194e-17,22.979754823626187,0.6431089088393662,1.792810113384654,,,,,,,,0.18707424100154307,0.04380294122705779,3.853729364631787e-17,9.023405892773904e-18,21.899965020307224,0.2284175537491464,0.2896369774942755,17.0,18.23985736435941,43.0,39.90603489646737,97.50063539859,11.492938050182605,,0.9323289941865196,250.76998901367188,424.0820007324219,151.16063951391573,359.3268350949162,0.5710861855120832,13.764705657958984,0.0
845560507.995,845562190.995,845561381.5961674,845560514.86,845562189.18,0.02971438626519048,0.013275801300267336,6.1211635706292386e-18,2.734815067855071e-18,23.897583088585414,0.4010064384368768,0.6427558346658699,0.004727185389691398,0.013891055221584788,9.738001902764279e-19,2.861557375646466e-18,25.89349341324992,1.4883400096811954,,0.1465964837068449,0.009902614263683511,3.0198875643610044e-17,2.0399385383188032e-18,22.164691116614932,0.0709707133730042,0.07593628984607648,197.0,219.1529808039635,675.0,606.7074632648444,1494.9402281859152,174.7317494202752,212.0861211988211,0.8990543049333914,255.6593017578125,456.8767395019531,155.14251727175005,359.3266819845957,0.5708486502598455,13.61928939819336,0.0
878685823.995,878687191.995,878686543.7869205,878685829.12,878687183.035,0.028213866286025888,0.014353913394737657,5.812056454921333e-18,2.9569061593159574e-18,23.953843490599432,0.4465459859306904,0.7717521240228464,-0.0031774984706239664,0.015227201037534879,-6.54564684948537e-19,3.136803413732185e-18,,,,0.1392909832963538,0.010706371937359665,2.8693942559048885e-17,2.2055126190960908e-18,22.22019248947454,0.08040149348824244,0.08683501910491387,151.0,169.26273543726506,526.0,468.6735693888509,1215.1736704819127,134.9779879839891,173.12394791676385,0.8922683131692473,302.9471740722656,521.1708374023438,155.2469737461711,359.32676754711315,0.5709169132437837,13.56291389465332,0.0
