t0,t1,t_mean,t0_data,t1_data,cps_bgsub,cps_bgsub_err,flux_bgsub,flux_bgsub_err,mag_bgsub,mag_bgsub_err_1,mag_bgsub_err_2,cps_mcatbgsub,cps_mcatbgsub_err,flux_mcatbgsub,flux_mcatbgsub_err,mag_mcatbgsub,mag_mcatbgsub_err_1,mag_mcatbgsub_err_2,cps,cps_err,flux,flux_err,mag,mag_err_1,mag_err_2,counts,flat_counts,bg_counts,bg_flat_counts,exptime,bg,mcat_bg,responses,detxs,detys,detrad,racent,deccent,q_mean,flags
746284258.995,746284368.995,746284319.0026666,746284302.462,746284334.528,0.0014397660536730297,0.021778551322512583,2.0156724751422417e-18,3.0489971851517616e-17,25.92427017575666,3.0188470341687506,,,,,,,,,0.02641139254111815,0.015614023506006061,3.697594955756541e-17,2.1859632908408486e-17,22.765521750013754,0.5043018040180378,0.9711833873638547,3.0,2.861231135454381,9.0,9.393252243954866,108.3332176067551,2.7052566462590018,,1.0485502782971452,433.3018493652344,496.9452209472656,102.50555612091918,325.40485554994467,1.20389289584607,14.0,0.0
777301650.995,777303329.995,777302405.0218182,777301666.34,777303283.995,-0.001214239149546641,0.004913758817429159,-1.6999348093652973e-18,6.8792623444008225e-18,,,,0.0010991082510502703,0.004769377786047052,1.5387515514703786e-18,6.677128900465873e-18,26.21739882963606,1.8187140186412023,,0.019369055461971166,0.0034213451789319852,2.7116677646759634e-17,4.7898832505047796e-18,23.102228893175848,0.17660879285386955,0.21102526339207017,33.0,32.04963595880947,116.0,118.25977832615376,1654.6824403355708,34.05881615793229,30.230960835768645,1.030769491893787,430.5650939941406,503.9419860839844,108.34279598549159,325.4048450359896,1.2040069430555236,14.121212005615234,0.0
904911894.995,904913592.995,904912911.9442425,904912141.535,904913530.125,0.008637104311037473,0.00461072030214796,1.2091946035452463e-17,6.4550084230071445e-18,23.97907958839871,0.46444101312731334,0.828632430209371,0.003838940599647157,0.004911801117382473,5.3745168395060196e-18,6.8765215643354624e-18,24.859471519292995,0.8945836832662195,,0.022107390148184403,0.0036345339311297446,3.095034620745817e-17,5.088347503581643e-18,22.9586563108014,0.1652588235742023,0.1950085643764865,33.0,36.99793593154027,87.0,78.27522849224347,1673.555118154857,22.543265805766126,30.573257242708294,0.8934580272804301,499.873291015625,408.2438049316406,100.21294615987829,325.40496094134926,1.2040926177446583,12.545454978942871,0.0
