t0,t1,t_mean,t0_data,t1_data,cps_bgsub,cps_bgsub_err,flux_bgsub,flux_bgsub_err,mag_bgsub,mag_bgsub_err_1,mag_bgsub_err_2,cps_mcatbgsub,cps_mcatbgsub_err,flux_mcatbgsub,flux_mcatbgsub_err,mag_mcatbgsub,mag_mcatbgsub_err_1,mag_mcatbgsub_err_2,cps,cps_err,flux,flux_err,mag,mag_err_1,mag_err_2,counts,flat_counts,bg_counts,bg_flat_counts,exptime,bg,mcat_bg,responses,detxs,detys,detrad,racent,deccent,q_mean,flags
750267257.995,750268922.995,750268143.7989999,750267333.955,750268856.13,0.002903506625868205,0.0032812678636202452,4.0649092762154876e-18,4.593775009068344e-18,25.162692946399083,0.8210026186982375,,-0.0005394248226862038,0.0035850917457299963,-7.551947517606853e-19,5.019128444021995e-18,,,,0.010336259553222024,0.0025026017393659098,1.4470763374510833e-17,3.503642435112274e-18,23.784091484170467,0.23540775139282033,0.3009970233806456,15.0,17.05859775273738,48.0,42.59289219312948,1650.3646860744577,12.266752951621292,17.948845430890668,0.8810076102940588,506.3980712890625,341.4920349121094,121.42376848359737,32.04550210171893,-1.0520073726107664,11.066666603088379,0.0
780947861.995,780947973.995,1.5e-323,-1.4916681462400413e-154,1.5e-323,-0.007730092719828139,0.008382726993094378,-1.0822129807759395e-17,1.1735817790332129e-17,,,,,,,,,,,0.0,0.0,0.0,0.0,inf,,,1.5e-323,1.5e-323,3.0,2.952611274821255,110.00541364365773,0.8503520471485216,,1.5e-323,1.5e-323,1.5e-323,565.685424949238,160000.0,1.5e-323,1.5e-323,0.0
782048407.995,782048519.995,2.5e-323,6.93623587113865e-310,2.5e-323,0.0,0.0,0.0,0.0,inf,,,-0.010719139980920108,0.01055721226011585,-1.500679597328815e-17,1.4780097164162192e-17,,,,0.0,0.0,0.0,0.0,inf,,,2.5e-323,2.5e-323,4.634658565805396e+88,2.5e-323,96.17483181829382,0.0,1.0309114849017407,2.5e-323,2.5e-323,2.5e-323,565.685424949238,160000.0,2.5e-323,2.5e-323,0.0
908325297.995,908326948.995,908326138.1903335,908325349.66,908326871.965,-0.0021758959348309836,0.003492452230283269,-3.046254308763377e-18,4.889433122396577e-18,,,,-0.0018785004364334132,0.0034660910249858425,-2.6299006110067786e-18,4.85252743498018e-18,,,,0.008799443954239292,0.0023297118935520543,1.231922153593501e-17,3.2615966509728763e-18,23.958861926225524,0.25501748653454115,0.3339223361578121,15.0,14.266125011948038,59.0,61.78403767153476,1621.2530116832068,17.793802849402017,17.311649501963927,1.0524589895651866,308.8267517089844,481.4320068359375,122.24456201100871,32.04549123166871,-1.0515995291274527,10.466666221618652,0.0
