t0,t1,t_mean,t0_data,t1_data,cps_bgsub,cps_bgsub_err,flux_bgsub,flux_bgsub_err,mag_bgsub,mag_bgsub_err_1,mag_bgsub_err_2,cps_mcatbgsub,cps_mcatbgsub_err,flux_mcatbgsub,flux_mcatbgsub_err,mag_mcatbgsub,mag_mcatbgsub_err_1,mag_mcatbgsub_err_2,cps,cps_err,flux,flux_err,mag,mag_err_1,mag_err_2,counts,flat_counts,bg_counts,bg_flat_counts,exptime,bg,mcat_bg,responses,detxs,detys,detrad,racent,deccent,q_mean,flags
753629995.995,753630115.995,753630056.8571668,753630009.181,753630105.625,0.026004465243657616,0.05638360541602632,5.356919840193469e-18,1.1615022715701421e-17,24.042380181594297,1.25204101357577,,,,,,,,,0.18127708683753102,0.041380876990378894,3.734307988853139e-17,8.524460660018052e-18,21.934142716579988,0.22323829956947705,0.28134241221483336,18.0,19.19050687240805,61.0,57.075001325346804,105.86283797470487,16.43760038169988,,0.9382638858043906,547.7252197265625,522.7772216796875,192.08588367353883,34.65511327556223,0.531679657029232,14.0,0.0
908881353.995,908883049.995,908882234.2306398,908881356.78,908883039.1,0.053499185783751624,0.013421662343193558,1.1020832271452834e-17,2.7648624426978726e-18,23.25913206888686,0.24303565986821596,0.3136157391180241,0.021624863647233684,0.014184581761734797,4.454721911330139e-18,2.922023842917368e-18,24.24261655560477,0.5476105431603742,1.1584099701146684,0.16306269036900617,0.010380058938493591,3.359091421601527e-17,2.1382921413296798e-18,22.04911349133601,0.06700386403889169,0.07141241803514475,211.0,246.7797773145066,675.0,575.7426365470512,1513.4043033145783,165.81387932555077,214.05261561219214,0.8552971027834936,250.30364990234375,262.6899108886719,203.13310366437307,34.65520760627037,0.5314864811083072,10.838862419128418,0.0
