t0,t1,t_mean,t0_data,t1_data,cps_bgsub,cps_bgsub_err,flux_bgsub,flux_bgsub_err,mag_bgsub,mag_bgsub_err_1,mag_bgsub_err_2,cps_mcatbgsub,cps_mcatbgsub_err,flux_mcatbgsub,flux_mcatbgsub_err,mag_mcatbgsub,mag_mcatbgsub_err_1,mag_mcatbgsub_err_2,cps,cps_err,flux,flux_err,mag,mag_err_1,mag_err_2,counts,flat_counts,bg_counts,bg_flat_counts,exptime,bg,mcat_bg,responses,detxs,detys,detrad,racent,deccent,q_mean,flags
754203890.995,754204006.995,754203947.3050435,754203896.277,754204006.418,0.06774494985876377,0.0646009583934105,1.3955459670905335e-17,1.3307797429042562e-17,23.002807685828323,0.7270839826574438,3.333488918077528,,,,,,,,0.2392296755213461,0.04930336043921114,4.92813131573973e-17,1.0156492250477494e-17,21.632962371953766,0.20345123556169398,0.25057477250710036,23.0,23.543827124914465,60.0,58.599642192472984,98.41516138667205,16.876696951432223,,0.9771098708538417,589.5106201171875,590.3817749023438,268.62519493183737,55.983188985424604,0.5846324227311072,10.65217399597168,0.0
912490092.995,912491793.995,912490922.9305714,912490093.37,912491792.825,0.07870098718292068,0.017284402111492996,1.6212403359681658e-17,3.560586834967557e-18,22.840049550125013,0.21556237668939104,0.26923628780444986,0.05914760282667039,0.01766878879993278,1.2184406182294101e-17,3.639770492786153e-18,23.150157130136435,0.28379188703161873,0.38527704378506655,0.2567434635674014,0.013282086781518468,5.288915349488469e-17,2.7361098769928044e-18,21.556251510736097,0.05476366049050796,0.05767330515331537,350.0,373.6510133966417,962.0,899.7003868876304,1455.3477163735045,259.11371142363765,287.5706846938799,0.9369574385405911,401.5268249511719,671.341796875,271.3460925198395,55.98298575097244,0.5846337809067835,9.902856826782227,0.0
