t0,t1,t_mean,t0_data,t1_data,cps_bgsub,cps_bgsub_err,flux_bgsub,flux_bgsub_err,mag_bgsub,mag_bgsub_err_1,mag_bgsub_err_2,cps_mcatbgsub,cps_mcatbgsub_err,flux_mcatbgsub,flux_mcatbgsub_err,mag_mcatbgsub,mag_mcatbgsub_err_1,mag_mcatbgsub_err_2,cps,cps_err,flux,flux_err,mag,mag_err_1,mag_err_2,counts,flat_counts,bg_counts,bg_flat_counts,exptime,bg,mcat_bg,responses,detxs,detys,detrad,racent,deccent,q_mean,flags
846412385.995,846414071.995,846413234.5174257,846412386.29,846414070.025,0.10720011612987351,0.014905787322886496,2.2083223922753942e-17,3.070592188514618e-18,22.504511860429577,0.141353513636993,0.162550599993196,0.08990909661623561,0.015284050827244967,1.8521273902944536e-17,3.1485144704124634e-18,22.695490914983516,0.17045953913774525,0.20229755847861952,0.22180750518295161,0.012103345514689343,4.569234606768803e-17,2.4932891760260045e-18,21.71505940736529,0.057685328378219936,0.060922979715797965,303.0,335.8471069321102,669.0,602.5394759706926,1514.1377053724862,173.53136907955948,199.71235368949004,0.9024745963644901,495.50823974609375,580.2450561523438,203.98554881843683,25.410834985140305,0.5609655756100179,12.597359657287598,0.0
874699265.995,874699371.995,874699314.8225001,874699276.58,874699359.745,0.10108642183868848,0.0528705105901844,2.0823802898769827e-17,1.0891325181577985e-17,22.568267939819684,0.4567660629440482,0.8037561125540087,,,,,,,,0.18352833271094052,0.043918605164762946,3.7806836538453746e-17,9.047232663941167e-18,21.920742201960515,0.23294243767785971,0.29696859916179363,14.0,17.462610252480577,34.0,27.237146302609066,95.14939734119642,7.844298135151413,,0.8018820783434774,437.6164245605469,194.5894317626953,208.82647566889528,25.411058774044758,0.5608691562904202,11.857142448425293,0.0
907875665.995,907877334.995,907876490.2789276,907875666.62,907877332.22,0.12330795420743242,0.015316302369699136,2.5401438566731077e-17,3.155158288158022e-18,22.352522268831535,0.1271203440858919,0.14400227071353555,0.0986489553649073,0.015846011298839946,2.0321684805170904e-17,3.2642783275610286e-18,22.594768773283867,0.16173476075512383,0.19011678061996662,0.23687504345916005,0.012592310606711513,4.879625895258697e-17,2.5940159849825718e-18,21.643701732520984,0.05623603450678871,0.05930866929467982,317.0,353.8569735221654,658.0,589.0721067336739,1493.8550231154863,169.6527667392981,206.48973602520323,0.8960650123353564,455.1064758300781,593.8141479492188,201.49602384090025,25.410867950539718,0.5609693654566702,12.264984130859375,0.0
