t0,t1,t_mean,t0_data,t1_data,cps_bgsub,cps_bgsub_err,flux_bgsub,flux_bgsub_err,mag_bgsub,mag_bgsub_err_1,mag_bgsub_err_2,cps_mcatbgsub,cps_mcatbgsub_err,flux_mcatbgsub,flux_mcatbgsub_err,mag_mcatbgsub,mag_mcatbgsub_err_1,mag_mcatbgsub_err_2,cps,cps_err,flux,flux_err,mag,mag_err_1,mag_err_2,counts,flat_counts,bg_counts,bg_flat_counts,exptime,bg,mcat_bg,responses,detxs,detys,detrad,racent,deccent,q_mean,flags
754203594.995,754203710.995,754203650.1892308,754203598.155,754203709.697,0.06108317098598927,0.06978717783817594,1.2583133223113788e-17,1.4376158634664243e-17,23.11519606419084,0.8272992141670308,,,,,,,,,0.2675226816712169,0.05243051103545979,5.510967242427068e-17,1.0800685273304717e-17,21.511598477031608,0.19431459754953195,0.23684001712492275,26.0,26.034727528832903,70.0,69.75779765741537,97.31783251496171,20.09024572533563,,0.9987917259080663,230.96397399902344,564.6614379882812,235.98001450667684,56.48685571291282,0.6740242737549225,13.0,0.0
912904165.995,912905867.995,912904991.3583,912904166.445,912905865.07,0.029833171378751668,0.01702556086734247,6.1456333040228436e-18,3.507265538672549e-18,23.893251442602004,0.4902277792694356,0.9180782776319383,0.0034301731153190945,0.01755236208687054,7.066156617557334e-19,3.615786589895331e-18,26.241709903150653,1.9663548041438226,,0.22499451731387904,0.012458971175242153,4.634887056665908e-17,2.5665480620998833e-18,21.699570161714252,0.05851654745108803,0.06185089995702242,300.0,326.12155805597104,1066.0,982.2202646268967,1449.464466731936,282.8794362125463,321.1496440105768,0.9201139386694958,427.1355895996094,637.9273071289062,239.46971353499237,56.486709564473614,0.6738036362651805,10.953332901000977,0.0
913170345.995,913172050.995,913171178.1217273,913170352.51,913172015.135,0.030194529858532788,0.01649066976516133,6.220073150857754e-18,3.397077971623234e-18,23.88017932037467,0.47312737079817424,0.8577133892666673,,,,,,,,0.2115190187328363,0.012100497221069989,4.3572917858964274e-17,2.4927024275404178e-18,21.76662644236093,0.06040070002604381,0.06395982745422302,275.0,305.55712395129217,1010.0,909.5089240656259,1444.5846325395105,261.9385701309003,,0.9002435387102452,647.6809692382812,336.2409362792969,255.75590067358192,56.48676482257666,0.6738437966618233,10.316363334655762,0.0
