t0,t1,t_mean,t0_data,t1_data,cps_bgsub,cps_bgsub_err,flux_bgsub,flux_bgsub_err,mag_bgsub,mag_bgsub_err_1,mag_bgsub_err_2,cps_mcatbgsub,cps_mcatbgsub_err,flux_mcatbgsub,flux_mcatbgsub_err,mag_mcatbgsub,mag_mcatbgsub_err_1,mag_mcatbgsub_err_2,cps,cps_err,flux,flux_err,mag,mag_err_1,mag_err_2,counts,flat_counts,bg_counts,bg_flat_counts,exptime,bg,mcat_bg,responses,detxs,detys,detrad,racent,deccent,q_mean,flags
849774280.995,849774389.995,849774344.9328573,849774285.03,849774389.75,0.009033026329064917,0.06216577066551195,1.860803423787373e-18,1.2806148757095462e-17,25.19041680975855,2.241598448940902,,-0.007516559059646685,0.0636359130334048,-1.5484111662872171e-18,1.3108998084881387e-17,,,,0.17742404795611255,0.04452824785658033,3.654935387895919e-17,9.172819058455548e-18,21.95746879120959,0.24311789522386107,0.3137530683677241,14.0,15.876462949797984,59.0,52.31999752417682,89.48315142559012,15.068159286962926,16.54906834233174,0.8820378092001786,176.84190368652344,256.0632629394531,265.55097481630884,52.4117602111795,0.0818375638089108,9.428571701049805,0.0
882643838.995,882645508.995,882644631.8212351,882643843.25,882645478.165,0.012799548999043328,0.01697666035295424,2.6367070938029257e-18,3.497192032708573e-18,24.812013331872034,0.9166868550116654,,-0.014054855663038133,0.017687261710322467,-2.8953002665858554e-18,3.643575912326428e-18,,,,0.16350344101557795,0.012246374894544793,3.368170884920906e-17,2.5227532282762273e-18,22.046182757381526,0.07841995435286364,0.08452806189908202,166.0,178.25375762650555,611.0,570.484405447615,1090.214105093496,164.29950876891317,193.57655951540292,0.9316557858626539,546.88525390625,591.1581420898438,241.07408218708295,52.41169675749496,0.0818824886203803,10.463855743408203,0.0
913679056.995,913680694.995,913679900.3732624,913679058.3,913680682.02,0.001523517448598872,0.017925760228213558,3.1384459441136763e-19,3.692706607011993e-18,27.12288141877095,2.765140110714512,,-0.013371628329715605,0.018324517253121186,-2.7545554359214147e-18,3.7748505541429645e-18,,,,0.16631978723614999,0.012704553972082604,3.4261876170646894e-17,2.6171381182490164e-18,22.0276401981138,0.07992040871605965,0.08627409021109145,164.0,171.38349550749126,616.0,589.6305334466533,1030.4456153743845,169.81359363263618,185.1622312902626,0.957146729188388,190.5218963623047,553.3634033203125,259.6178140683606,52.41176467679119,0.08178887348165595,9.786585807800293,65.0
