t0,t1,t_mean,t0_data,t1_data,cps_bgsub,cps_bgsub_err,flux_bgsub,flux_bgsub_err,mag_bgsub,mag_bgsub_err_1,mag_bgsub_err_2,cps_mcatbgsub,cps_mcatbgsub_err,flux_mcatbgsub,flux_mcatbgsub_err,mag_mcatbgsub,mag_mcatbgsub_err_1,mag_mcatbgsub_err_2,cps,cps_err,flux,flux_err,mag,mag_err_1,mag_err_2,counts,flat_counts,bg_counts,bg_flat_counts,exptime,bg,mcat_bg,responses,detxs,detys,detrad,racent,deccent,q_mean,flags
749492278.995,749492390.995,749492285.306,749492285.306,749492285.306,-0.0023444609678333985,0.01311924348786357,-3.282245354966758e-18,1.8366940883008998e-17,,,,-0.0018978182402556653,0.012965079056525093,-2.6569455363579314e-18,1.815111067913513e-17,,,,0.008386145488112482,0.008689262879929075,1.1740603683357476e-17,1.2164968031900706e-17,24.01109401863498,0.7720217658243662,,1.0,0.9314486389918397,4.0,4.138360304237949,111.06993556362521,1.1918477676205297,1.142239188648509,1.0735965013404898,298.95391845703125,488.2469787597656,134.15602802488905,17.5067381552493,1.23044346501396,11.0,0.0
874603779.995,874605451.995,874604508.267,874603786.46,874605435.165,-0.0030695751852003457,0.0031602962647777253,-4.297405259280484e-18,4.424414770688816e-18,,,,-0.0037624761095634445,0.003225727412652536,-5.267466553388823e-18,4.516018377713551e-18,,,,0.006746191287185857,0.0020169785851551574,9.444667802060201e-18,2.8237700192172205e-18,24.247353371552386,0.284006447774253,0.3856745100188803,10.0,11.18702808413629,64.0,56.51813295217246,1658.2731808073156,16.277222290225673,17.426241310053598,0.8953933370560001,495.56268310546875,489.8023376464844,131.1361363205788,17.50819051852895,1.230131203298169,16.899999618530273,0.0
906830178.995,906830320.995,2.5e-323,4.014359113e-315,2.5e-323,-0.020799227251252342,0.01215431541507888,-2.911891815175328e-17,1.7016041581110432e-17,,,,-0.010742359508106617,0.008734875992180794,-1.5039303311349264e-17,1.2228826389053112e-17,,,,0.0,0.0,0.0,0.0,inf,,,2.5e-323,2.5e-323,10.0,10.168125721855235,140.79466378819362,2.928420207894308,1.5124668952357763,2.5e-323,2.5e-323,2.5e-323,565.685424949238,160000.0,2.5e-323,2.5e-323,32.0
