t0,t1,t_mean,t0_data,t1_data,cps_bgsub,cps_bgsub_err,flux_bgsub,flux_bgsub_err,mag_bgsub,mag_bgsub_err_1,mag_bgsub_err_2,cps_mcatbgsub,cps_mcatbgsub_err,flux_mcatbgsub,flux_mcatbgsub_err,mag_mcatbgsub,mag_mcatbgsub_err_1,mag_mcatbgsub_err_2,cps,cps_err,flux,flux_err,mag,mag_err_1,mag_err_2,counts,flat_counts,bg_counts,bg_flat_counts,exptime,bg,mcat_bg,responses,detxs,detys,detrad,racent,deccent,q_mean,flags
753889815.995,753889945.995,753889874.9847692,753889820.983,753889931.135,0.10921300579918951,0.06219208873945466,2.249787919463304e-17,1.2811570280327659e-17,22.484314099808827,0.4893734147385622,0.9149581626500378,,,,,,,,0.2688003651047466,0.04926421436894836,5.5372875211577795e-17,1.0148428160003361e-17,21.506425364316463,0.18271363331537316,0.21980952273080234,26.0,29.77121683230274,71.0,61.37234706033764,110.75586456402856,17.675235953377243,,0.8734787998299022,356.84320068359375,383.9565124511719,46.042402413057964,53.22550420866772,0.5328251275198069,15.384614944458008,0.0
882637898.995,882639594.995,882638743.7081661,882637915.8,882639593.845,0.09896810941172308,0.015821186057597456,2.0387430538814956e-17,3.2591643278650758e-18,22.591261814963396,0.16101529088128075,0.18912272538247166,0.041376756457981986,0.017009124311653218,8.523611830344289e-18,3.503879608200563e-18,23.538108892175423,0.37387848233640497,0.5748577829900725,0.23429875193060698,0.012596235599728589,4.8265542897705034e-17,2.5948245335440892e-18,21.65557506202332,0.056855744426933086,0.05999838197876173,289.0,345.98589994109756,832.0,693.8923204599391,1476.6869097261317,199.8409882924625,284.88538531266937,0.835458272380697,357.13623046875,405.36151123046875,43.19778398370174,53.225201076042815,0.5328013639106337,14.491349220275879,0.0
912212374.995,912213781.995,912213118.9583404,912212375.66,912213780.95,0.11433771509456966,0.01727341957690595,2.355356930948135e-17,3.558324432842625e-18,22.43452622725502,0.15275781066673133,0.17782500567959048,0.044327412914571464,0.018859776662729897,9.131447060401721e-18,3.8851139925223585e-18,23.46331903683808,0.3848916352412033,0.6017093673822416,0.23938265893707308,0.013999709806230446,4.9312827741037056e-17,2.8839402200834718e-18,21.63226828353656,0.0617092631027063,0.06542907315192892,238.0,292.37976063845775,651.0,530.3081086444402,1221.390730375821,152.72873528959877,238.2386694030587,0.814297696690505,378.12939453125,360.82208251953125,44.86906062841227,53.22522897430211,0.5328010249514841,14.298318862915039,0.0
