t0,t1,t_mean,t0_data,t1_data,cps_bgsub,cps_bgsub_err,flux_bgsub,flux_bgsub_err,mag_bgsub,mag_bgsub_err_1,mag_bgsub_err_2,cps_mcatbgsub,cps_mcatbgsub_err,flux_mcatbgsub,flux_mcatbgsub_err,mag_mcatbgsub,mag_mcatbgsub_err_1,mag_mcatbgsub_err_2,cps,cps_err,flux,flux_err,mag,mag_err_1,mag_err_2,counts,flat_counts,bg_counts,bg_flat_counts,exptime,bg,mcat_bg,responses,detxs,detys,detrad,racent,deccent,q_mean,flags
780823874.995,780823969.995,780823931.2049166,780823884.511,780823969.32,0.06390972397476008,0.05408931533462514,1.3165403138800576e-17,1.1142398958932779e-17,23.066082645398577,0.6657788241653506,2.033593455280876,,,,,,,,0.15525455690832507,0.04291782092756797,3.1982438723114963e-17,8.841071111079002e-18,22.10238910974486,0.2649969108312966,0.35130638774050027,12.0,13.08619493866981,29.0,26.733789704360003,84.28863667040036,7.699331434855682,,0.9173254580752569,213.599853515625,385.731689453125,186.94544470315003,27.002463158810258,0.304140866840185,11.583333015441895,0.0
781989535.995,781989646.995,781989575.1628125,781989540.069,781989630.823,0.0706161714707893,0.0536244824641685,1.4546931322982596e-17,1.1046643387618711e-17,22.95773957965469,0.6133989011934773,1.546669043538035,,,,,,,,0.17708057119774936,0.04237772090738755,3.647859766673637e-17,8.729810506921835e-18,21.959572714535796,0.23295270218033082,0.29698532191250493,16.0,17.46090041648834,40.0,36.450848588298264,98.60426978739191,10.497844393429903,,0.9165283457679759,432.90777587890625,573.7098999023438,176.79946560263866,27.002440982443893,0.304394202076613,13.75,0.0
908437725.995,908439356.995,908438551.4032803,908437728.4,908439352.55,0.022520339614621444,0.012320269280154932,4.639189960612017e-18,2.537975471711916e-18,24.198562661145427,0.47377700210867957,0.859929422742578,-0.014490850359975063,0.013304722992367669,-2.985115174154863e-18,2.7407729364277398e-18,,,,0.12260867963146795,0.00914162928203878,2.5257388004082397e-17,1.8831756320999884e-18,22.35869696111367,0.07807606654190735,0.08412862578899194,157.0,179.88511167860838,584.0,509.87650857810615,1467.1482656798812,146.8444344704946,201.14533765247248,0.8729919568914853,434.5584716796875,544.240478515625,148.32263349621405,27.002620480693317,0.3043033644908321,13.312102317810059,0.0
