t0,t1,t_mean,t0_data,t1_data,cps_bgsub,cps_bgsub_err,flux_bgsub,flux_bgsub_err,mag_bgsub,mag_bgsub_err_1,mag_bgsub_err_2,cps_mcatbgsub,cps_mcatbgsub_err,flux_mcatbgsub,flux_mcatbgsub_err,mag_mcatbgsub,mag_mcatbgsub_err_1,mag_mcatbgsub_err_2,cps,cps_err,flux,flux_err,mag,mag_err_1,mag_err_2,counts,flat_counts,bg_counts,bg_flat_counts,exptime,bg,mcat_bg,responses,detxs,detys,detrad,racent,deccent,q_mean,flags
746964504.995,746966197.995,746965423.6904799,746964507.335,746966188.73,0.024725894267863247,0.013821570420834213,5.093534219179829e-18,2.847243506691848e-18,24.097119980512495,0.4821095287032051,0.8888831667108619,-0.003713316804498562,0.014500923333801215,-7.649432617267037e-19,2.9871902067630502e-18,,,,0.15354366923732768,0.010192263687696289,3.16299958628895e-17,2.0996063196654355e-18,22.11442021314467,0.06978020975897437,0.07457489803594797,198.0,226.94599742707055,758.0,661.1102925780019,1478.0550611714716,190.3997642624646,232.43448412369273,0.8726647565420634,379.71685791015625,478.5079650878906,81.08579675429134,1.6023117005060814,-1.2317582018501714,15.26767635345459,0.0
750699547.995,750699662.995,750699589.1245999,750699559.014,750699634.65,-0.03687414010307887,0.0515210678376387,-7.596072861234247e-18,1.0613339974553571e-17,,,,-0.04257463919547621,0.05207267508903395,-8.770375674268099e-18,1.0726971068340994e-17,,,,0.11396327140825743,0.033799304137866575,2.347643391010103e-17,6.962656652400514e-18,22.43808773119455,0.2819988621484768,0.381964263683777,10.0,11.36879137258764,60.0,52.24755508772528,99.75838032817205,15.047295865264884,15.615968421784657,0.8799199353661246,351.5425720214844,459.406494140625,76.66324981614817,1.6026609605864721,-1.231965103003597,14.199999809265137,0.0
878478814.995,878480485.995,878479760.920419,878478834.16,878480484.455,0.041966142688835854,0.012769687371796918,8.645025393900186e-18,2.630555598590165e-18,23.522752367651492,0.28843163885345646,0.39392231277679457,0.0037940137420351943,0.013735233605931943,7.8156683085925005e-19,2.82945812282198e-18,26.13225275104113,1.6616609240990599,,0.14259532268797387,0.009777531934839045,2.937463647372262e-17,2.0141715785768433e-18,22.1947367991858,0.07200580892608954,0.07712257068110517,179.0,212.69245026943116,618.0,521.1685978418553,1491.5808335091283,150.09655617845436,207.03337208974122,0.8419534401563837,249.44796752929688,220.39210510253906,234.36064172671362,1.6022300282385218,-1.2318861096745672,10.07821273803711,0.0
