t0,t1,t_mean,t0_data,t1_data,cps_bgsub,cps_bgsub_err,flux_bgsub,flux_bgsub_err,mag_bgsub,mag_bgsub_err_1,mag_bgsub_err_2,cps_mcatbgsub,cps_mcatbgsub_err,flux_mcatbgsub,flux_mcatbgsub_err,mag_mcatbgsub,mag_mcatbgsub_err_1,mag_mcatbgsub_err_2,cps,cps_err,flux,flux_err,mag,mag_err_1,mag_err_2,counts,flat_counts,bg_counts,bg_flat_counts,exptime,bg,mcat_bg,responses,detxs,detys,detrad,racent,deccent,q_mean,flags
754203890.995,754204006.995,754203965.2375556,754203901.946,754204006.256,0.03740540053857349,0.06187529070169602,7.705512510946139e-18,1.274630988454938e-17,23.64766422613121,1.0598262068056599,,,,,,,,,0.20709646203631712,0.04587280905789413,4.266187117948133e-17,9.44979866592619e-18,21.789568300946343,0.21723772439243305,0.27185980630454054,18.0,20.38143173391295,66.0,57.98671251102823,98.41516138667205,16.70017320317613,,0.8833225638236228,395.6239318847656,491.2955627441406,91.40038155783863,55.719071059631055,0.8318962601753846,16.16666603088379,0.0
912490092.995,912491793.995,912490965.7544503,912490098.99,912491787.545,0.07337263625776441,0.01615857658467354,1.5114763069099467e-17,3.328666776442749e-18,22.91616469142198,0.21610086077473412,0.2700783970790148,0.027503803222205626,0.01710605262336592,5.6657834637743585e-18,3.5238468404133794e-18,23.981518119586852,0.5250951691965007,1.056133389900129,0.22668166942552845,0.012480294017746021,4.6696423901658857e-17,2.5709405676556804e-18,21.691458994006727,0.05818926946079728,0.06148536811394578,282.0,329.90064994217647,904.0,774.7151087504694,1455.3477163735045,223.11795132013523,289.8730527311533,0.8549464976116126,331.8372802734375,465.6523742675781,94.63820902517158,55.71899952700601,0.8320645281377202,14.109929084777832,0.0
