t0,t1,t_mean,t0_data,t1_data,cps_bgsub,cps_bgsub_err,flux_bgsub,flux_bgsub_err,mag_bgsub,mag_bgsub_err_1,mag_bgsub_err_2,cps_mcatbgsub,cps_mcatbgsub_err,flux_mcatbgsub,flux_mcatbgsub_err,mag_mcatbgsub,mag_mcatbgsub_err_1,mag_mcatbgsub_err_2,cps,cps_err,flux,flux_err,mag,mag_err_1,mag_err_2,counts,flat_counts,bg_counts,bg_flat_counts,exptime,bg,mcat_bg,responses,detxs,detys,detrad,racent,deccent,q_mean,flags
745792784.995,745794267.995,745793550.6359091,745792901.44,745794240.205,0.006868568520753017,0.004488481508140798,9.615995929054225e-18,6.283874111397118e-18,24.227834412196827,0.5459982594398589,1.1506835014575074,0.0026506706026793647,0.004798626513599427,3.71093884375111e-18,6.7180771190391986e-18,25.261610596102052,1.1218988373947525,,0.01818522305057162,0.0035239840019375144,2.545931227080027e-17,4.93357760271252e-18,23.1707034193609,0.1923133212709125,0.23386989340880504,22.0,26.629892189592514,70.0,57.54085970841697,1464.3698411362323,16.57176759602409,22.748330100242452,0.8274446720425157,568.7734985351562,341.16632080078125,178.73414787307146,348.74768514740805,-0.007163547579731194,13.863636016845703,0.0
750960374.995,750960478.995,750960459.699,750960459.699,750960459.699,-0.014021618482757719,0.018165389036518848,-1.963026587586081e-17,2.5431544651126388e-17,,,,-0.00512079750556443,0.015572305562570166,-7.169116507790202e-18,2.1801227787598233e-17,,,,0.00977559112595763,0.009802174534184848,1.3685827576340683e-17,1.3723044347858787e-17,23.84464242882528,0.7540502434020873,,1.0,0.9945833730762679,8.0,8.406819334175111,101.74150701079338,2.4211639682424324,1.5155810283895046,1.0054461265594843,257.8095703125,502.30841064453125,175.17171342236142,348.746793466695,-0.00781011749995267,11.0,0.0
907597619.995,907599316.995,907598587.92775,907597844.955,907599256.165,0.002718113133020468,0.0038047937082406383,3.805358386228656e-18,5.326711191536894e-18,25.2343311776696,0.9504341178378617,,-0.0006087941529704785,0.0040592784468040325,-8.523118141586699e-19,5.682989825525646e-18,,,,0.013391773484011417,0.0028382674364561414,1.8748482877615986e-17,3.973574411038598e-18,23.502904762974538,0.2087037999878767,0.2586033286632876,20.0,22.26227588870141,69.0,61.6101628651369,1662.3844418575763,17.74372690515943,23.274325816893395,0.8994734916154992,301.7607727050781,254.5880889892578,175.48666514382035,348.7482226198789,-0.0074273844434383,7.099999904632568,0.0
