t0,t1,t_mean,t0_data,t1_data,cps_bgsub,cps_bgsub_err,flux_bgsub,flux_bgsub_err,mag_bgsub,mag_bgsub_err_1,mag_bgsub_err_2,cps_mcatbgsub,cps_mcatbgsub_err,flux_mcatbgsub,flux_mcatbgsub_err,mag_mcatbgsub,mag_mcatbgsub_err_1,mag_mcatbgsub_err_2,cps,cps_err,flux,flux_err,mag,mag_err_1,mag_err_2,counts,flat_counts,bg_counts,bg_flat_counts,exptime,bg,mcat_bg,responses,detxs,detys,detrad,racent,deccent,q_mean,flags
754203156.995,754203266.995,754203209.4123334,754203158.828,754203254.974,0.07488437540618775,0.06809896228377134,1.5426181333674676e-17,1.4028386230456896e-17,22.89402197052902,0.7022355472174162,2.6070372936142725,,,,,,,,0.23971595666141118,0.05242086520739857,4.9381487072250705e-17,1.0798698232724104e-17,21.630757640621415,0.21472339137934782,0.26792637005648245,18.0,20.91151597785956,58.0,49.92711960658772,87.23455988954547,14.379010446697267,,0.8609581653547349,415.57623291015625,434.3309631347656,37.699258101878755,56.38355396022493,0.0388028300201659,16.33333396911621,0.0
912632060.995,912633761.995,912632920.6418647,912632068.205,912633758.805,0.09247704849652795,0.017048088605254853,1.9050271990284758e-17,3.511906252682499e-18,22.664915099182956,0.18369961291623937,0.22123960291108347,0.010235662902260844,0.018637704790706505,2.108546557865734e-18,3.83936718688554e-18,25.05471006362945,1.1259536673539827,,0.25691894542828436,0.013312103099165062,5.292530275822658e-17,2.7422932384280028e-18,21.555509673242387,0.054847789116102774,0.05776662071381722,303.0,372.4765331824339,1018.0,827.7949563606884,1449.7822749564648,238.4049474318783,357.6370505343067,0.8137037308071248,435.45648193359375,406.2232971191406,35.998493553763666,56.383812086941944,0.03897784973391795,14.501649856567383,0.0
