t0,t1,t_mean,t0_data,t1_data,cps_bgsub,cps_bgsub_err,flux_bgsub,flux_bgsub_err,mag_bgsub,mag_bgsub_err_1,mag_bgsub_err_2,cps_mcatbgsub,cps_mcatbgsub_err,flux_mcatbgsub,flux_mcatbgsub_err,mag_mcatbgsub,mag_mcatbgsub_err_1,mag_mcatbgsub_err_2,cps,cps_err,flux,flux_err,mag,mag_err_1,mag_err_2,counts,flat_counts,bg_counts,bg_flat_counts,exptime,bg,mcat_bg,responses,detxs,detys,detrad,racent,deccent,q_mean,flags
749492422.995,749492534.995,749492527.824,749492527.824,749492527.824,0.012207530299819013,0.012834655267272043,1.7090542419746618e-17,1.7968517374180862e-17,23.603430472744172,0.7801110463012364,,,,,,,,,0.014185416881822378,0.012023757163939731,1.985958363455133e-17,1.6833260029515624e-17,23.44039474152533,0.666528078609506,2.0426369343817186,1.0,1.3918864716956272,1.0,0.673861441788581,98.12094232346689,0.19407209523511135,,0.7184493996710649,601.8579711914062,206.32315063476562,279.7451742453376,16.2862486072489,-0.013965686760959,6.0,8.0
875769470.995,875769880.995,875769596.77,875769502.775,875769729.17,0.001849957724005588,0.007209867675988959,2.5899408136078236e-18,1.0093814746384544e-17,25.652095490399056,1.724895060598378,,,,,,,,,0.011432022018241261,0.005317819158985493,1.6004830825537767e-17,7.444946822579691e-18,23.674692369396926,0.4147191028766919,0.6794580210779131,4.0,4.621457630244743,15.0,13.450007185053845,404.2554871632169,3.873602069295508,,0.8660848705263748,377.350341796875,229.01104736328125,172.4825467707398,16.2859264204007,-0.0128842607749202,11.5,0.0
