t0,t1,t_mean,t0_data,t1_data,cps_bgsub,cps_bgsub_err,flux_bgsub,flux_bgsub_err,mag_bgsub,mag_bgsub_err_1,mag_bgsub_err_2,cps_mcatbgsub,cps_mcatbgsub_err,flux_mcatbgsub,flux_mcatbgsub_err,mag_mcatbgsub,mag_mcatbgsub_err_1,mag_mcatbgsub_err_2,cps,cps_err,flux,flux_err,mag,mag_err_1,mag_err_2,counts,flat_counts,bg_counts,bg_flat_counts,exptime,bg,mcat_bg,responses,detxs,detys,detrad,racent,deccent,q_mean,flags
745792784.995,745794267.995,745793490.235,745792905.28,745794159.135,0.006379016180859569,0.00416286226752342,8.930622653203397e-18,5.828007174532788e-18,24.30811574056792,0.5454107514119002,1.147884461584244,-0.000498588097061027,0.00469319218738789,-6.980233358854378e-19,6.570469062343046e-18,,,,0.015877849750165932,0.003292838690318886,2.2228989650232306e-17,4.6099741664464406e-18,23.318020780097765,0.20461505297303972,0.2523452160338664,17.0,23.25104431623545,66.0,48.29793543355787,1464.3698411362323,13.909805404864668,23.981161688721123,0.7324304692522504,579.8646240234375,182.52520751953125,282.21723607801755,348.5742253228459,0.19123073065639382,11.0,8.0
750960374.995,750960478.995,750960445.9553999,750960404.877,750960477.759,0.03444586173703939,0.024867202161110206,4.822420643185515e-17,3.4814083025554293e-17,22.477157364922224,0.5900332616558295,1.3895807881401048,,,,,,,,0.04868027262225241,0.02187396021008098,6.815238167115339e-17,3.062354429411338e-17,22.10161749568133,0.40292518054511817,0.6477898174773671,5.0,4.952804298284227,5.0,5.028577829418104,101.74150701079338,1.4482304148724143,,1.009761099070674,300.2944641113281,656.4127197265625,275.1157515018359,348.57475366175856,0.19162919619392602,12.600000381469727,0.0
907597619.995,907599316.995,907598468.2239287,907597642.905,907599246.905,0.005046654929188453,0.004247050935978635,7.065316900863834e-18,5.94587131037009e-18,24.562490974084504,0.6629632827146352,2.000321640137159,0.002826250094328454,0.004401490241873354,3.956750132059836e-18,6.1620863386226955e-18,25.191973525379108,1.0194798796432707,,0.017515908651855996,0.003246015602163699,2.4522272112598396e-17,4.5444218430291794e-18,23.21141832096547,0.18458732663467003,0.2225298836169607,28.0,29.11817402784392,74.0,71.97462982686523,1662.3844418575763,20.728693390137188,24.41985984223379,0.9626284216147786,144.3475341796875,290.3835754394531,278.1617224088248,348.5743950473825,0.1912005477314353,7.892857074737549,0.0
