t0,t1,t_mean,t0_data,t1_data,cps_bgsub,cps_bgsub_err,flux_bgsub,flux_bgsub_err,mag_bgsub,mag_bgsub_err_1,mag_bgsub_err_2,cps_mcatbgsub,cps_mcatbgsub_err,flux_mcatbgsub,flux_mcatbgsub_err,mag_mcatbgsub,mag_mcatbgsub_err_1,mag_mcatbgsub_err_2,cps,cps_err,flux,flux_err,mag,mag_err_1,mag_err_2,counts,flat_counts,bg_counts,bg_flat_counts,exptime,bg,mcat_bg,responses,detxs,detys,detrad,racent,deccent,q_mean,flags
753629995.995,753630115.995,753630013.237,753630013.237,753630013.237,-0.010357653144607548,0.01573696425610212,-1.4500714402450568e-17,2.203174995854297e-17,,,,,,,,,,,0.00940777899066862,0.008936601535008037,1.317089058693607e-17,1.2511242149011252e-17,23.88628223419144,0.7250398606406563,3.250756509134895,1.0,1.1082287805522895,9.0,8.084555453647011,117.79919380031338,2.3283519706503393,,0.9023407599120884,546.0340576171875,524.8629760742188,192.13721341335977,34.6545280370216,0.531676495686372,18.0,0.0
908881353.995,908883049.995,908882431.8824999,908881377.43,908883025.395,-0.0015309601635869784,0.0036697514925285455,-2.14334422902177e-18,5.137652089539964e-18,,,,-0.002229034674516975,0.003726266029440032,-3.120648544323765e-18,5.2167724412160446e-18,,,,0.010480232820345131,0.0025050340145860136,1.4672325948483184e-17,3.507047620420419e-18,23.76907267327862,0.23269986927153496,0.2965735318284253,16.0,17.503085197875954,77.0,69.65260011188082,1670.104614841901,20.05994883222168,21.22580629442937,0.9148026411708274,250.0121612548828,262.10052490234375,203.746452738791,34.65529842907013,0.5313594288186326,6.5625,0.0
