t0,t1,t_mean,t0_data,t1_data,cps_bgsub,cps_bgsub_err,flux_bgsub,flux_bgsub_err,mag_bgsub,mag_bgsub_err_1,mag_bgsub_err_2,cps_mcatbgsub,cps_mcatbgsub_err,flux_mcatbgsub,flux_mcatbgsub_err,mag_mcatbgsub,mag_mcatbgsub_err_1,mag_mcatbgsub_err_2,cps,cps_err,flux,flux_err,mag,mag_err_1,mag_err_2,counts,flat_counts,bg_counts,bg_flat_counts,exptime,bg,mcat_bg,responses,detxs,detys,detrad,racent,deccent,q_mean,flags
753712846.995,753712963.995,753712884.3473333,753712848.448,753712928.962,0.017730761988192675,0.028632036432739302,2.4823066783469746e-17,4.0084851005835025e-17,23.198181499949147,1.0436056043131607,,,,,,,,,0.05575734302625377,0.022076949947714038,7.806028023675528e-17,3.0907729926799657e-17,21.954244824027693,0.3621722859098675,0.5473122973738391,6.0,6.378609197064396,16.0,15.104929980308786,114.3994467968278,4.350219834328931,,0.9413661607728384,410.9892578125,653.3291625976562,253.56740407571976,51.45940090066184,0.29233060695547736,14.666666984558105,0.0
913341877.995,913343578.995,913342707.1336538,913341949.16,913343568.14,0.0029943915135136386,0.006094893350478117,4.192148118919094e-18,8.532850690669364e-18,25.12922854184421,1.2055528286010215,,-9.416374574110563e-05,0.00624557889530822,-1.3182924403754788e-19,8.743810453431508e-18,,,,0.03234712905003441,0.004413080694902787,4.5285980670048174e-17,6.178312972863902e-18,22.54541064707533,0.13885559882847787,0.1592546514374753,52.0,53.7264004547415,174.0,169.28096540855228,1660.9325783329245,48.752918037663065,53.88280008774076,0.9689063777142061,176.85157775878906,526.1824951171875,256.35374080114536,51.45931627120684,0.2924217489820049,10.615385055541992,0.0
913353706.995,913355013.995,913354398.125769,913353736.935,913354985.31,0.0060330168098799136,0.006783886744838381,8.44622353383188e-18,9.497441442773735e-18,24.36866366150266,0.8181214523207778,,0.0006249019544202864,0.0070888510142512375,8.74862736188401e-19,9.924391419951734e-18,26.83047029261769,2.7286346090241977,,0.03243104107063847,0.00503689688114304,4.540345749889386e-17,7.051655633600257e-18,22.54259777448034,0.1567472553596687,0.18325788215328132,39.0,41.456788973421375,126.0,117.16926525794544,1278.305833078988,33.744748394288294,40.65797315998346,0.9418720408496493,439.18194580078125,647.0902709960938,250.1775907183903,51.45931034555409,0.29227816735435275,17.769229888916016,0.0
