t0,t1,t_mean,t0_data,t1_data,cps_bgsub,cps_bgsub_err,flux_bgsub,flux_bgsub_err,mag_bgsub,mag_bgsub_err_1,mag_bgsub_err_2,cps_mcatbgsub,cps_mcatbgsub_err,flux_mcatbgsub,flux_mcatbgsub_err,mag_mcatbgsub,mag_mcatbgsub_err_1,mag_mcatbgsub_err_2,cps,cps_err,flux,flux_err,mag,mag_err_1,mag_err_2,counts,flat_counts,bg_counts,bg_flat_counts,exptime,bg,mcat_bg,responses,detxs,detys,detrad,racent,deccent,q_mean,flags
749327417.995,749327531.995,749327473.8121,749327420.787,749327529.404,0.030042471000815214,0.05556261249601087,6.188749026167934e-18,1.1445898174178238e-17,23.885660873420296,1.1369097614294184,,,,,,,,,0.14406580620131854,0.041512438782192344,2.967755607747162e-17,8.551562389131623e-18,22.183597715214795,0.2749153734054097,0.36902747145100534,10.0,12.04384982117751,40.0,33.09829861481684,83.59964198824079,9.532310001067252,,0.8304040333519884,453.45343017578125,295.11663818359375,117.71910967837086,11.763976303615179,-1.224503392213929,14.699999809265137,0.0
874662939.995,874664601.995,874663718.8363168,874662940.21,874664598.37,0.09024989298744222,0.015262032039738443,1.8591477955413098e-17,3.1439786001861193e-18,22.69138326095163,0.1696371275909918,0.20113932557294945,0.0679943462304593,0.01575987623398801,1.4006835323474616e-17,3.2465345042015295e-18,22.9988179940798,0.22633477206196062,0.2862890248173038,0.21295550435312696,0.012156436308289175,4.386883389674415e-17,2.50422587950757e-18,21.7592778251191,0.06027415508848222,0.06381794284092024,262.0,306.87759496366584,719.0,613.9715505037552,1441.0409155463549,176.82380654508154,208.89496001974894,0.8539472041841836,386.11517333984375,508.0023193359375,108.89118143047399,11.763845615833324,-1.2246308146290898,14.22137451171875,0.0
875804942.995,875806537.995,875805722.6160215,875804947.09,875806526.77,0.10861807494457364,0.015790369014276936,2.237532343858217e-17,3.2528160169410487e-18,22.490244746363487,0.14736939178989417,0.17056120918813988,0.08238629553342637,0.016370146171639413,1.6971576879885833e-17,3.372250111357719e-18,22.790362561449076,0.19677614512496788,0.24051196633324068,0.22969636758921622,0.01277777500739213,4.731745172337854e-17,2.6322216515227788e-18,21.677114681673217,0.05877826245855289,0.06214337340388454,279.0,323.145253468313,685.0,591.4492076239205,1406.836585444915,170.33737179568914,207.2411987726118,0.8636079258818862,284.98968505859375,430.71856689453125,119.04202155111129,11.763838431621375,-1.2246586681176326,13.928315162658691,0.0
