t0,t1,t_mean,t0_data,t1_data,cps_bgsub,cps_bgsub_err,flux_bgsub,flux_bgsub_err,mag_bgsub,mag_bgsub_err_1,mag_bgsub_err_2,cps_mcatbgsub,cps_mcatbgsub_err,flux_mcatbgsub,flux_mcatbgsub_err,mag_mcatbgsub,mag_mcatbgsub_err_1,mag_mcatbgsub_err_2,cps,cps_err,flux,flux_err,mag,mag_err_1,mag_err_2,counts,flat_counts,bg_counts,bg_flat_counts,exptime,bg,mcat_bg,responses,detxs,detys,detrad,racent,deccent,q_mean,flags
777319394.995,777321080.995,777320258.8293478,777319410.505,777321074.08,0.03269633565416949,0.016999328375051238,6.735445144758914e-18,3.5018616452605545e-18,23.793752292228998,0.45454853718451815,0.796705558604053,0.027386011079599586,0.01710775275511939,5.641518282397515e-18,3.524197067554594e-18,23.986178051190283,0.5269259144876486,1.064023127178789,0.22383144328322144,0.012484920039264347,4.6109277316343616e-17,2.5718935280884555e-18,21.70519726228955,0.05893174892037578,0.06231496805470371,299.0,321.4183443863593,1023.0,953.010185599664,1435.983879975513,274.4669334527033,282.0924739392235,0.9305017338763861,705.4943237304688,272.0887451171875,331.19189446185464,335.38401219073944,-0.6316761851089806,8.939799308776855,32.0
1002458033.995,1002458126.995,1002458082.8896427,1002458042.135,1002458125.54,0.06265195260410633,0.06709773493119135,1.2906302236445904e-17,1.3822133395825418e-17,23.08766347320793,0.7904292748297976,,0.002976152744110143,0.07256410560722903,6.130874652866895e-19,1.4948205755089182e-17,26.39586195850266,3.5113081230081384,,0.20728321307895667,0.051495746850314744,4.270034189426507e-17,1.0608123851164837e-17,21.788589670023185,0.24091207762233324,0.31007904526675034,14.0,16.20263100740279,46.0,39.25464851394405,78.16663378925438,11.305338772015888,15.969995165753048,0.8642945442659682,186.8976287841797,188.20654296875,300.44814703880803,335.38323891021173,-0.6316636122217473,6.0714287757873535,32.0
