t0,t1,t_mean,t0_data,t1_data,cps_bgsub,cps_bgsub_err,flux_bgsub,flux_bgsub_err,mag_bgsub,mag_bgsub_err_1,mag_bgsub_err_2,cps_mcatbgsub,cps_mcatbgsub_err,flux_mcatbgsub,flux_mcatbgsub_err,mag_mcatbgsub,mag_mcatbgsub_err_1,mag_mcatbgsub_err_2,cps,cps_err,flux,flux_err,mag,mag_err_1,mag_err_2,counts,flat_counts,bg_counts,bg_flat_counts,exptime,bg,mcat_bg,responses,detxs,detys,detrad,racent,deccent,q_mean,flags
777384471.995,777386165.995,777385323.3304402,777384477.95,777386162.995,0.02332931341308258,0.016388918760919833,4.805838563095011e-18,3.3761172647494854e-18,24.160245106005043,0.577719881409223,1.316294477806153,0.014099717674530828,0.016584292752689366,2.9045418409533504e-18,3.4163643070540093e-18,24.706973958365257,0.8442542625114591,,0.20407361576420927,0.011934825932786188,4.2039164847427106e-17,2.4585741421539548e-18,21.805532851618757,0.061709661333864574,0.06542952085568032,284.0,292.3758787654092,926.0,899.1389447370965,1432.698086278954,258.95201608428385,272.17524023603534,0.9716953868973095,210.8623046875,508.43572998046875,218.01691522567972,337.7219140631656,-0.7061892661411244,11.83450698852539,0.0
1002457375.995,1002457473.995,1002457424.2733332,1002457385.96,1002457467.665,0.050751536355574826,0.06858432194183661,1.0454816489248414e-17,1.4128370320018342e-17,23.316377015524605,0.9283044180941822,,,,,,,,,0.2120592362558886,0.05168749892035591,4.368420266871305e-17,1.0647624777593316e-17,21.763857017659234,0.23682474857794844,0.30332339729464763,15.0,16.832295632110345,50.0,44.45788193033238,79.37544211372654,12.803869995935727,,0.8914616868478371,553.6504516601562,557.6585083007812,220.14692033957124,337.7221096513568,-0.7061468105950074,11.533333778381348,0.0
