t0,t1,t_mean,t0_data,t1_data,cps_bgsub,cps_bgsub_err,flux_bgsub,flux_bgsub_err,mag_bgsub,mag_bgsub_err_1,mag_bgsub_err_2,cps_mcatbgsub,cps_mcatbgsub_err,flux_mcatbgsub,flux_mcatbgsub_err,mag_mcatbgsub,mag_mcatbgsub_err_1,mag_mcatbgsub_err_2,cps,cps_err,flux,flux_err,mag,mag_err_1,mag_err_2,counts,flat_counts,bg_counts,bg_flat_counts,exptime,bg,mcat_bg,responses,detxs,detys,detrad,racent,deccent,q_mean,flags
780113115.995,780113223.995,780113161.2491666,780113120.426,780113208.558,0.03984973927175337,0.04982797663874163,8.209046289981194e-18,1.0264563187580775e-17,23.578936289384174,0.8806476350257313,,,,,,,,,0.13820599496116256,0.03808587795346539,2.847043496199949e-17,7.84569085841387e-18,22.22868279540593,0.2642635246839298,0.3500138333820608,12.0,13.168182016520603,36.0,32.539317430998615,95.27938364917536,9.371323420127604,,0.9113612853563152,599.7628784179688,321.1930847167969,214.74575080845284,21.767327469581502,0.12358499118816767,13.0,0.0
781403216.995,781403330.995,781403263.397,781403219.861,781403327.734,-0.0002656312382223405,0.05277257501778775,-5.472003507380214e-20,1.0871150453664276e-17,,,,,,,,,,,0.1395139823486614,0.03729809621144946,2.873988036382424e-17,7.683407819558588e-18,22.218455661037588,0.2572354851401286,0.33774834394784037,13.0,13.99143120404171,52.0,48.673856075229786,100.28694592829788,14.01807054966618,,0.9293360439181291,454.7973937988281,591.2520141601562,198.94744855730232,21.767603309371005,0.12358610322914276,12.615385055541992,0.0
875550533.995,875552080.995,875551332.242573,875550552.76,875552077.55,0.04302531089154739,0.013236362538824294,8.863214043658761e-18,2.7266906829978045e-18,23.49568995717877,0.29122157104464463,0.3991721141450775,0.005429475058614094,0.01422976491090734,1.1184718620745034e-18,2.931331571646912e-18,25.74310539387677,1.3970222036314013,,0.1422174254429444,0.010159394990604876,2.929678964124655e-17,2.0928353680646046e-18,22.197617969105835,0.07491523695203739,0.08046999138182542,171.0,195.96112914856957,545.0,474.5716400821241,1377.8981621853811,136.67663234365176,188.47986544367384,0.8727771874045722,605.1861572265625,362.1871032714844,208.64125736873092,21.767426174396114,0.12350401137981197,12.801169395446777,0.0
