t0,t1,t_mean,t0_data,t1_data,cps_bgsub,cps_bgsub_err,flux_bgsub,flux_bgsub_err,mag_bgsub,mag_bgsub_err_1,mag_bgsub_err_2,cps_mcatbgsub,cps_mcatbgsub_err,flux_mcatbgsub,flux_mcatbgsub_err,mag_mcatbgsub,mag_mcatbgsub_err_1,mag_mcatbgsub_err_2,cps,cps_err,flux,flux_err,mag,mag_err_1,mag_err_2,counts,flat_counts,bg_counts,bg_flat_counts,exptime,bg,mcat_bg,responses,detxs,detys,detrad,racent,deccent,q_mean,flags
780112827.995,780112935.995,5e-324,-1.2882297539194267e-231,5e-324,-0.003278679302336803,0.005808109342080285,-4.590151023271524e-18,8.1313530789124e-18,,,,,,,,,,,0.0,0.0,0.0,0.0,inf,,,5e-324,5e-324,1.0,1.106460266942535,97.1917432279309,0.31866055687945016,,5e-324,5e-324,5e-324,565.685424949238,160000.0,5e-324,5e-324,0.0
781402923.995,781403036.995,1.5e-323,-1.2882297539194267e-231,1.5e-323,-0.004745867308941615,0.006607980346856575,-6.6442142325182615e-18,9.251172485599205e-18,,,,,,,,,,,0.0,0.0,0.0,0.0,inf,,,1.5e-323,1.5e-323,2.0,1.7910231933587388,108.68712631629595,0.5158146796873169,,1.5e-323,1.5e-323,1.5e-323,565.685424949238,160000.0,1.5e-323,1.5e-323,0.0
875378931.995,875380467.995,875379775.3647369,875379006.7,875380399.66,0.006487574202575887,0.0038111392189033315,9.082603883606243e-18,5.335594906464664e-18,24.289794154521545,0.5017515879223033,0.9613141007129897,0.003682625607760798,0.004045569833761645,5.1556758508651175e-18,5.663797767266304e-18,24.90460607806528,0.8048013195618289,,0.01430364483870068,0.003064703077381702,2.0025102774180955e-17,4.290584308334383e-18,23.431383205002142,0.21077948038701777,0.2618032430842874,19.0,21.782946615493916,47.0,41.330046789935935,1522.8948188476304,11.903053475501551,16.17469515767939,0.8740940675005313,299.78900146484375,288.2896728515625,150.0714543776531,21.78769965994519,0.8006556366938248,6.210526466369629,0.0
