t0,t1,t_mean,t0_data,t1_data,cps_bgsub,cps_bgsub_err,flux_bgsub,flux_bgsub_err,mag_bgsub,mag_bgsub_err_1,mag_bgsub_err_2,cps_mcatbgsub,cps_mcatbgsub_err,flux_mcatbgsub,flux_mcatbgsub_err,mag_mcatbgsub,mag_mcatbgsub_err_1,mag_mcatbgsub_err_2,cps,cps_err,flux,flux_err,mag,mag_err_1,mag_err_2,counts,flat_counts,bg_counts,bg_flat_counts,exptime,bg,mcat_bg,responses,detxs,detys,detrad,racent,deccent,q_mean,flags
753889977.995,753890107.995,753890034.4500768,753889980.747,753890107.24,0.07836378354716761,0.060114333885534214,1.6142939410716528e-17,1.2383552780420049e-17,22.8447115090928,0.6181643861126247,1.5821640603670026,,,,,,,,0.23767035191553548,0.04651391711642631,4.896009249460031e-17,9.58186692598382e-18,21.64006247692223,0.1940625618359455,0.23646521800484877,26.0,26.10863634090726,61.0,60.76456240763136,109.85230648451214,17.500193973397835,,0.9960459177317194,171.8004608154297,495.05926513671875,247.20698528234036,54.02802698024804,-0.05125609548077115,11.65384578704834,0.0
849774426.995,849774533.995,849774479.5172501,849774432.895,849774527.42,0.14856534729875953,0.0643816768429127,3.060446154354446e-17,1.3262625429640015e-17,22.15020619366492,0.3908851320210971,0.6167241630578317,,,,,,,,0.26343371226670614,0.05372526877173902,5.4267344726941463e-17,1.1067405366978237e-17,21.528321620184474,0.2015141549084838,0.247638587755052,20.0,24.042825822966464,44.0,36.40173719459598,91.26708049661075,10.483700312043645,,0.8321438231832591,506.24114990234375,170.30795288085938,253.07235811592264,54.02815480156644,-0.05147369428763328,10.899999618530273,0.0
912537424.995,912539115.995,912538271.5839717,912537434.275,912539103.475,0.07242793489598011,0.015465470486806427,1.4920154588571903e-17,3.1858869202821238e-18,22.930234743648292,0.21012547190990816,0.26079333075614386,,,,,,,,0.20897760448238473,0.012027402440610917,4.304938652337125e-17,2.477644902765849e-18,21.77975063365619,0.060755915769380664,0.06435828967559587,248.0,301.8949215305166,832.0,684.9426768140515,1444.6281087309724,197.2634909224469,,0.8217629446828795,416.9957275390625,154.11170959472656,246.47496041790967,54.02834399423392,-0.051660116995045524,10.330645561218262,0.0
