t0,t1,t_mean,t0_data,t1_data,cps_bgsub,cps_bgsub_err,flux_bgsub,flux_bgsub_err,mag_bgsub,mag_bgsub_err_1,mag_bgsub_err_2,cps_mcatbgsub,cps_mcatbgsub_err,flux_mcatbgsub,flux_mcatbgsub_err,mag_mcatbgsub,mag_mcatbgsub_err_1,mag_mcatbgsub_err_2,cps,cps_err,flux,flux_err,mag,mag_err_1,mag_err_2,counts,flat_counts,bg_counts,bg_flat_counts,exptime,bg,mcat_bg,responses,detxs,detys,detrad,racent,deccent,q_mean,flags
753889659.995,753889785.995,753889734.8883913,753889671.884,753889777.954,0.1162729044010973,0.060824102625369275,2.3952218306626045e-17,1.2529765140826071e-17,22.416303697703682,0.45683175168291257,0.8039658881127636,0.031149417815803635,0.06734204956741136,6.4167800700555486e-18,1.3872462210886738e-17,23.846375164787045,1.2498716844600608,,0.24662573480073624,0.04919676858910715,5.0804901368951664e-17,1.0134534329356071e-17,21.599904019484406,0.19748203936259756,0.2415688018929707,23.0,25.130644629340324,50.0,46.12041585120129,101.89790067790324,13.282679765145973,21.956584346571056,0.915412669577462,186.48095703125,257.2406311035156,256.8474627439668,54.04442333307431,1.2287017160278764,11.69565200805664,0.0
912217990.995,912219695.995,912218859.6620418,912217995.11,912219694.34,0.0652963589393292,0.01488278088195492,1.3451049941501814e-17,3.0658528616827134e-18,23.042777588031488,0.22293106987332223,0.2808536065090266,-0.0029261951985893584,0.016351456582262752,-6.027962109094078e-19,3.368400055946127e-18,,,,0.19735414801304038,0.011519604020004032,4.0654954490686316e-17,2.3730384281208306e-18,21.84188435279819,0.06159402307656592,0.06529953141191669,240.0,293.5062923561884,830.0,681.9345457493148,1487.2060978256948,196.3971491758027,297.85814769895876,0.8180189131446525,479.1520080566406,156.74118041992188,255.81222348216963,54.04420050681445,1.2287228902150924,10.695833206176758,0.0
