t0,t1,t_mean,t0_data,t1_data,cps_bgsub,cps_bgsub_err,flux_bgsub,flux_bgsub_err,mag_bgsub,mag_bgsub_err_1,mag_bgsub_err_2,cps_mcatbgsub,cps_mcatbgsub_err,flux_mcatbgsub,flux_mcatbgsub_err,mag_mcatbgsub,mag_mcatbgsub_err_1,mag_mcatbgsub_err_2,cps,cps_err,flux,flux_err,mag,mag_err_1,mag_err_2,counts,flat_counts,bg_counts,bg_flat_counts,exptime,bg,mcat_bg,responses,detxs,detys,detrad,racent,deccent,q_mean,flags
753712996.995,753713112.995,753713043.4034666,753713002.412,753713104.76,0.06760471923983097,0.05223642636557762,1.392657216340518e-17,1.076070383130899e-17,23.005057466200633,0.6215723460888078,1.6083784630440903,,,,,,,,0.17075628008796584,0.041243885099942215,3.517579369812096e-17,8.496240330588097e-18,21.9990582870898,0.23489878540423703,0.3001633764751297,15.0,17.14092417363423,41.0,35.95347435918294,100.38239392896125,10.35460061544469,,0.8752554130651237,309.6671447753906,256.0546875,169.94198340537542,50.81191071688013,-0.14140870209009793,13.800000190734863,0.0
913276818.995,913278488.995,913277674.9966187,913276843.69,913278482.825,0.06664236507305914,0.014745911165419887,1.3728327205050182e-17,3.0376577000764964e-18,23.020623996591983,0.21702862270837997,0.2715317947675686,0.028845106630679504,0.015598966076772407,5.942091965919978e-18,3.2133870118151156e-18,23.929819628154775,0.4693542516513851,0.8449569743330372,0.19207024106412754,0.011469145886149125,3.956646965921027e-17,2.3626440525467195e-18,21.87134979636742,0.0629709516465553,0.06684925468677605,244.0,280.4516561637516,729.0,635.9156420369625,1460.15152899254,183.14370490664524,238.33342961301204,0.8702427954789151,230.28184509277344,318.9217529296875,188.09022902082924,50.81190322281401,-0.1412636619939516,11.680327415466309,0.0
913288643.995,913290346.995,913289510.9214342,913288645.05,913290342.51,0.08153788988477173,0.014697667107642727,1.6796805316262976e-17,3.027719424174402e-18,22.801601329562413,0.17994024023033361,0.21580394864106012,0.038939588000445585,0.015636625071264173,8.02155512809179e-18,3.2211447646804194e-18,23.604021619590018,0.3665301135935657,0.5574505196921216,0.20230857702030028,0.01163057033071368,4.167556686618186e-17,2.395897488127018e-18,21.81496426151558,0.06068991302079141,0.06428423036051711,258.0,302.5704889732746,735.0,627.1642886388936,1495.5890325051012,180.6233151280014,244.33286822954096,0.8528287352694641,563.5824584960938,382.5241394042969,164.51330168465614,50.81190156148585,-0.14123080059152437,12.635659217834473,0.0
