t0,t1,t_mean,t0_data,t1_data,cps_bgsub,cps_bgsub_err,flux_bgsub,flux_bgsub_err,mag_bgsub,mag_bgsub_err_1,mag_bgsub_err_2,cps_mcatbgsub,cps_mcatbgsub_err,flux_mcatbgsub,flux_mcatbgsub_err,mag_mcatbgsub,mag_mcatbgsub_err_1,mag_mcatbgsub_err_2,cps,cps_err,flux,flux_err,mag,mag_err_1,mag_err_2,counts,flat_counts,bg_counts,bg_flat_counts,exptime,bg,mcat_bg,responses,detxs,detys,detrad,racent,deccent,q_mean,flags
749492566.995,749492678.995,749492628.697,749492628.697,749492628.697,-0.0028387545264112485,0.014101287418358569,-3.974256336975748e-18,1.9741802385701996e-17,,,,,,,,,,,0.009508858553588243,0.009301070397656798,1.3312401975023541e-17,1.3021498556719518e-17,23.87467903195464,0.7406469198018115,4.15126899594307,1.0,1.0451795687394174,5.0,4.712518288861618,109.91640719537368,1.3572052671921464,,0.9567733908213417,466.7714538574219,459.812255859375,89.64336562859049,17.0417428442552,-0.386298097162073,10.0,0.0
875775362.995,875776302.995,875775940.0733333,875775367.71,875776257.185,-0.0027842325704118273,0.00484944949041517,-3.8979255985765584e-18,6.789229286581238e-18,,,,,,,,,,,0.009470758757917986,0.0032018238674652705,1.3259062261085182e-17,4.482553414451379e-18,23.879038064324853,0.3162008930989657,0.44797753754287584,9.0,8.749327501753672,38.0,39.31066760749587,923.825400413545,11.321472270958813,,1.0298657398994338,388.6326599121094,507.71588134765625,108.31402270793993,17.0407892187906,-0.3864481413461503,14.55555534362793,0.0
878715402.995,878716883.995,878716114.42125,878715422.09,878716707.805,0.0016932477002387458,0.003848106814482809,2.370546780334244e-18,5.3873495402759325e-18,25.74819876394493,1.28723860282701,,,,,,,,,0.011650222511693014,0.0028256281569852427,1.631031151637022e-17,3.95587941977934e-18,23.65416444953963,0.23577468534965007,0.3015986728350839,16.0,16.999588985140313,54.0,50.44743874831793,1459.16431794142,14.528862359515566,,0.9426128247241617,473.70697021484375,475.4678955078125,105.48990809849997,17.0407240710413,-0.3864821548058879,15.0,0.0
