t0,t1,t_mean,t0_data,t1_data,cps_bgsub,cps_bgsub_err,flux_bgsub,flux_bgsub_err,mag_bgsub,mag_bgsub_err_1,mag_bgsub_err_2,cps_mcatbgsub,cps_mcatbgsub_err,flux_mcatbgsub,flux_mcatbgsub_err,mag_mcatbgsub,mag_mcatbgsub_err_1,mag_mcatbgsub_err_2,cps,cps_err,flux,flux_err,mag,mag_err_1,mag_err_2,counts,flat_counts,bg_counts,bg_flat_counts,exptime,bg,mcat_bg,responses,detxs,detys,detrad,racent,deccent,q_mean,flags
753712846.995,753712963.995,753712904.103,753712847.642,753712956.892,0.0054249066021381,0.05086095179934341,1.1175307600404485e-18,1.0477356070664743e-17,25.74401933610651,2.540017570585416,,,,,,,,,0.1343876981504354,0.03633265840396827,2.768386581898969e-17,7.484527631217464e-18,22.259101211946323,0.25981448474115254,0.34222398789800224,12.0,13.68121535325087,52.0,45.58658941865677,101.80407538445918,13.128937752573153,,0.8771619587628985,330.6871643066406,132.19134521484375,276.632870009494,51.89433744070116,-0.46992567090338405,11.25,0.0
913341877.995,913343578.995,913342692.8072175,913341880.855,913343573.495,0.07061821710386222,0.01412099770168466,1.4547352723395618e-17,2.9089255265470398e-18,22.957708128137654,0.19791921690363168,0.24222418718131777,0.016105347804482893,0.015355823901398025,3.3177016477234757e-18,3.163299723687993e-18,24.56257472974396,0.7270119622010505,3.3304615515036744,0.18462750672026237,0.011103040545972057,3.803326638437405e-17,2.2872263524702436e-18,21.914258987867726,0.0634055138659555,0.06733921956897859,239.0,276.5088004550506,687.0,592.8711332634363,1497.6576641637794,170.74688637986966,252.38850288164352,0.8645758097492398,599.84765625,212.3804473876953,274.11709583873005,51.8942166737315,-0.47010342403690214,9.815899848937988,0.0
913353706.995,913355013.995,913354324.2530303,913353710.46,913354998.2,0.04510025398442562,0.015970038149808817,9.290652320791677e-18,3.2898278588606162e-18,23.444552530907984,0.329127524609067,0.47458821294373266,-0.0011276554572780368,0.01717956354888737,-2.322970241992756e-19,3.538990091070799e-18,,,,0.1695756923709176,0.0121276408211094,3.4932592628409025e-17,2.498294009148536e-18,22.006591002629854,0.0749982379834151,0.08056577105183038,165.0,195.51250743471854,589.0,498.31289227932507,1152.951255578946,143.51411297644566,196.8126392100477,0.844247181043146,272.24896240234375,147.78195190429688,282.7264957383446,51.89425721873046,-0.4699909029884986,9.024242401123047,0.0
