t0,t1,t_mean,t0_data,t1_data,cps_bgsub,cps_bgsub_err,flux_bgsub,flux_bgsub_err,mag_bgsub,mag_bgsub_err_1,mag_bgsub_err_2,cps_mcatbgsub,cps_mcatbgsub_err,flux_mcatbgsub,flux_mcatbgsub_err,mag_mcatbgsub,mag_mcatbgsub_err_1,mag_mcatbgsub_err_2,cps,cps_err,flux,flux_err,mag,mag_err_1,mag_err_2,counts,flat_counts,bg_counts,bg_flat_counts,exptime,bg,mcat_bg,responses,detxs,detys,detrad,racent,deccent,q_mean,flags
750539624.995,750539738.995,750539682.9026451,750539630.366,750539737.953,0.20363812241567059,0.06875335450287295,4.194945321762814e-17,1.416319102759183e-17,21.807852289746155,0.3158360758844161,0.4472404377220194,,,,,,,,0.33934316761828504,0.058109160715579394,6.990469252936672e-17,1.1970487107409355e-17,21.25340222632235,0.1716148400418156,0.20392818731370355,31.0,34.10271952324595,52.0,47.35364456383781,100.49626094610774,13.637849634385292,,0.9091211355116813,544.2234497070312,453.486083984375,153.82186003744783,356.67402207989664,-0.6157352242077279,13.709677696228027,0.0
843501435.995,843503133.995,843502315.0491587,843501436.54,843503124.165,0.2875145558587956,0.018896987383862324,5.922799850691189e-17,3.892779401075639e-18,21.433350409008632,0.06911321441396368,0.07381355710858628,0.27007886985574514,0.019198828303575603,5.56362471902835e-17,3.9549586305365745e-18,21.50127348088662,0.07456086348836521,0.08006123677673926,0.414488782891128,0.016533491160842937,8.538468927557237e-17,3.4058991791336448e-18,21.03621804513893,0.0424673298673639,0.04419624481169748,517.0,628.4871880016228,811.0,668.508197043358,1516.294804452416,192.53036074848714,218.96800084697622,0.8228392313500283,532.6957397460938,287.8555908203125,173.7369501776298,356.67384625629484,-0.6155621809493735,13.27466106414795,0.0
903888534.995,903889973.995,903889250.6298097,903888545.865,903889971.725,0.29431772072923734,0.020809457370173336,6.062945047022289e-17,4.2867482182557076e-18,21.407958971125147,0.07417362226548718,0.07961489893769169,0.28684451856081294,0.0209482999884117,5.908997082352747e-17,4.31534979761281e-18,21.435883612070523,0.07652981860621466,0.08233598522501495,0.42624501095657596,0.01818470538909464,8.780647225705465e-17,3.746049310153496e-18,21.005851728073154,0.04535945283094023,0.04733739582098195,473.0,549.4220419909366,686.0,590.457881941993,1288.9817543152649,170.05186999929404,179.68469124070236,0.8610940705323425,246.5079345703125,309.0498962402344,178.41450480211412,356.6738051532324,-0.6155440060641645,11.887948989868164,0.0
