t0,t1,t_mean,t0_data,t1_data,cps_bgsub,cps_bgsub_err,flux_bgsub,flux_bgsub_err,mag_bgsub,mag_bgsub_err_1,mag_bgsub_err_2,cps_mcatbgsub,cps_mcatbgsub_err,flux_mcatbgsub,flux_mcatbgsub_err,mag_mcatbgsub,mag_mcatbgsub_err_1,mag_mcatbgsub_err_2,cps,cps_err,flux,flux_err,mag,mag_err_1,mag_err_2,counts,flat_counts,bg_counts,bg_flat_counts,exptime,bg,mcat_bg,responses,detxs,detys,detrad,racent,deccent,q_mean,flags
750961098.995,750961215.995,750961153.8826667,750961117.337,750961174.729,0.003347123479494582,0.01998454599303599,4.685972871292415e-18,2.797836439025039e-17,25.008320664225113,2.1081852026761965,,0.007337461097176038,0.01909234682123433,1.0272445536046453e-17,2.6729285549728064e-17,24.156135470860505,1.3913704880089668,,0.02452883300396336,0.014639442619532745,3.434036620554871e-17,2.0495219667345844e-17,22.845807783784412,0.5081439143591489,0.9862684136224935,3.0,2.8074025461469603,8.0,8.41775581136303,114.45316398433391,2.4243136736725526,1.9676069079632006,1.0709421514812834,316.67529296875,510.5839538574219,138.46233297393212,346.52742899597706,0.11733303212456465,12.333333015441895,0.0
779781011.995,779782708.995,779781858.5054545,779781024.67,779782522.885,-0.0021258760713320063,0.004150489341030257,-2.976226499864809e-18,5.81068507744236e-18,,,,-0.0024191425396212635,0.004171633483471732,-3.386799555469769e-18,5.840286876860426e-18,,,,0.013292181797244,0.0028240932330746366,1.86090545161416e-17,3.953730526304491e-18,23.511009318761687,0.20917099420892526,0.25932221052215,22.0,22.15309881191674,89.0,89.22270704889543,1666.6262280967267,25.696139630081888,26.18490521795406,0.9938753181170795,261.262939453125,406.4274597167969,138.88586755893598,346.52750332696235,0.11698866223886156,8.136363983154297,0.0
907591730.995,907593401.995,907592560.6927084,907591801.465,907593211.565,0.002662564806718793,0.004241505545134025,3.72759072940631e-18,5.9381077631876355e-18,25.256749531786458,1.0345125521644967,,-0.0001104613599401012,0.004435585338878067,-1.5464590391614168e-19,6.209819474429294e-18,,,,0.01614314183930215,0.0031310808472529805,2.2600398575023008e-17,4.383513186154173e-18,23.300029843383868,0.1924720242319573,0.23410493085697937,24.0,26.581994391752552,86.0,77.07534796889328,1646.643178655343,22.19770021504127,26.763884836602912,0.9037364333650593,241.3978271484375,326.5419006347656,174.78770436043135,346.52735228493066,0.11733773148597808,6.375,65.0
