t0,t1,t_mean,t0_data,t1_data,cps_bgsub,cps_bgsub_err,flux_bgsub,flux_bgsub_err,mag_bgsub,mag_bgsub_err_1,mag_bgsub_err_2,cps_mcatbgsub,cps_mcatbgsub_err,flux_mcatbgsub,flux_mcatbgsub_err,mag_mcatbgsub,mag_mcatbgsub_err_1,mag_mcatbgsub_err_2,cps,cps_err,flux,flux_err,mag,mag_err_1,mag_err_2,counts,flat_counts,bg_counts,bg_flat_counts,exptime,bg,mcat_bg,responses,detxs,detys,detrad,racent,deccent,q_mean,flags
843839929.995,843840040.995,843839970.7040625,843839930.72,843840035.585,0.22018896599687166,0.06912705124135178,4.535892699535556e-17,1.4240172555718467e-17,21.72301111993584,0.29644231471615257,0.4091014170388476,0.2012251771995805,0.07050221401110546,4.145238650311358e-17,1.4523456086287724e-17,21.820794203737456,0.32612775186222365,0.46832608687381594,0.3460665618303443,0.059194661792362824,7.128971173705092e-17,1.2194100329226742e-17,21.23210090435156,0.17143853280076016,0.20367907093897486,32.0,34.17859369601621,46.0,43.166864392244726,98.7630631380443,12.432056944966483,14.304978815289887,0.9363667696301647,191.52688598632812,465.17608642578125,218.42381167889718,350.5089465976645,0.5408552622385072,11.875,0.0
873339073.995,873339168.995,873339117.5432498,873339078.435,873339156.755,0.17562118302725915,0.06936933695396676,3.6177963703615386e-17,1.4290083412517152e-17,21.968557754147046,0.3614309528186048,0.545601034753453,0.13561209208782002,0.07277423982396619,2.7936090970090924e-17,1.4991493403737034e-17,22.249253960300756,0.4664270356176061,0.8351927075436016,0.28670922895291723,0.058892159279906466,5.906210116430095e-17,1.2131784811660732e-17,21.436395818045224,0.20283451382281115,0.24963852848093282,20.0,23.701093826204016,38.0,31.886111209609723,82.66596060671684,9.183200028367603,12.49058996387783,0.8438917748222717,570.0903930664062,263.89080810546875,217.84502273787876,350.5091554676655,0.5410139113309096,10.800000190734863,0.0
