t0,t1,t_mean,t0_data,t1_data,cps_bgsub,cps_bgsub_err,flux_bgsub,flux_bgsub_err,mag_bgsub,mag_bgsub_err_1,mag_bgsub_err_2,cps_mcatbgsub,cps_mcatbgsub_err,flux_mcatbgsub,flux_mcatbgsub_err,mag_mcatbgsub,mag_mcatbgsub_err_1,mag_mcatbgsub_err_2,cps,cps_err,flux,flux_err,mag,mag_err_1,mag_err_2,counts,flat_counts,bg_counts,bg_flat_counts,exptime,bg,mcat_bg,responses,detxs,detys,detrad,racent,deccent,q_mean,flags
753712846.995,753712963.995,753712905.3998888,753712848.45,753712959.032,0.023655932231125686,0.05830512320849504,4.8731220396118915e-18,1.2010855380949979e-17,24.14514983158808,1.3491686873852267,,,,,,,,,0.18486880149561818,0.04261369870389603,3.8082973108097344e-17,8.778421933002582e-18,21.912840935751703,0.2252109178047803,0.28448942975205327,18.0,18.820397403694535,60.0,56.986552415094984,101.80407538445918,16.41212709554736,,0.9566229451975674,367.0240478515625,590.9332885742188,193.75999098333466,51.56388955468155,0.22168260005959636,15.44444465637207,0.0
913341877.995,913343578.995,913342774.4298941,913341888.645,913343570.01,0.04025339631634256,0.014232722864342013,8.292199641166567e-18,2.9319409100544546e-18,23.567993677108653,0.32870836715543916,0.47370999156812843,0.007513513296793958,0.01498102551852242,1.5477837391395553e-18,3.0860912568156185e-18,25.390392351689236,1.1905850858281326,,0.1718172543042495,0.010710928263659112,3.5394354386675393e-17,2.206451222313777e-18,21.99233306353119,0.06565788741353273,0.06988545179908812,236.0,257.32342774433636,747.0,684.1584036199439,1497.6576641637794,197.03762024254388,246.07075697059642,0.9173271770188359,212.25083923339844,459.79296875,197.04046914403568,51.56386577605784,0.2218539088832974,11.262711524963379,0.0
913353706.995,913355013.995,913354320.8436307,913353717.425,913355005.535,0.015147853867704862,0.015791097020978844,3.1204578967472015e-18,3.252965986321642e-18,24.629122232992685,0.7753861907109822,,,,,,,,,0.15132316607513938,0.011456375407404372,3.117257221147871e-17,2.3600133339253007e-18,22.13023645177863,0.07923600384400231,0.08547702364005971,157.0,174.46823432451333,607.0,545.1510319042243,1152.951255578946,157.00349718841662,,0.9000466354599589,386.8551330566406,593.1423950195312,193.58918430748983,51.56386391815979,0.22166962666922213,12.59235668182373,0.0
