t0,t1,t_mean,t0_data,t1_data,cps_bgsub,cps_bgsub_err,flux_bgsub,flux_bgsub_err,mag_bgsub,mag_bgsub_err_1,mag_bgsub_err_2,cps_mcatbgsub,cps_mcatbgsub_err,flux_mcatbgsub,flux_mcatbgsub_err,mag_mcatbgsub,mag_mcatbgsub_err_1,mag_mcatbgsub_err_2,cps,cps_err,flux,flux_err,mag,mag_err_1,mag_err_2,counts,flat_counts,bg_counts,bg_flat_counts,exptime,bg,mcat_bg,responses,detxs,detys,detrad,racent,deccent,q_mean,flags
753707674.995,753707752.995,753707704.3141428,753707678.659,753707747.389,-0.05716568651505501,0.06617858952707716,-1.1776131422101333e-17,1.3632789442577893e-17,,,,,,,,,,,0.11887775036389914,0.04201601011293327,2.448881657496322e-17,8.655298083264255e-18,22.392248555177396,0.32859656096530543,0.4734759117267444,7.0,8.005188042309964,47.0,41.16217464289981,67.33966631943419,11.854706297155147,,0.8746022382768376,306.3318176269531,286.6785583496094,147.02203075319446,42.47425652813374,-1.2185605162971789,14.285714149475098,0.0
876745480.995,876745581.995,876745526.574,876745489.13,876745578.87,-0.00018225318528463643,0.05342733698026087,-3.7544156168635106e-20,1.1006031417933739e-17,,,,,,,,,,,0.12798355884031423,0.037765389853922304,2.636461312110473e-17,7.779670309907995e-18,22.31211454391823,0.28074150006818144,0.37965043440187074,10.0,11.484720232773144,46.0,39.9342878018926,89.7359030866042,11.501074886945071,,0.870893612778082,225.5926971435547,318.4283752441406,192.54048211991827,42.47403410910864,-1.218613786912351,12.600000381469727,0.0
940530564.995,940532191.995,940531377.0944132,940530584.515,940532185.36,0.0524106212829789,0.014503264672417757,1.0796587984293653e-17,2.987672522518058e-18,23.28145173019542,0.26524235974306976,0.3517395176195848,0.022425553707648458,0.015201643857401349,4.619664063775582e-18,3.131538634624678e-18,24.203142062548295,0.5618967468440275,1.2299271433936845,0.1782205316052528,0.011104170064673782,3.671342951068208e-17,2.287459033322799e-18,21.952605663076344,0.06562386596089098,0.0698469078973254,230.0,257.598458863617,707.0,631.4048168316048,1445.3915973844207,181.8445872475022,225.18475196788887,0.8930320234639636,298.71905517578125,525.6058959960938,161.35262902558472,42.474250548437944,-1.218977256513543,13.199999809265137,0.0
