t0,t1,t_mean,t0_data,t1_data,cps_bgsub,cps_bgsub_err,flux_bgsub,flux_bgsub_err,mag_bgsub,mag_bgsub_err_1,mag_bgsub_err_2,cps_mcatbgsub,cps_mcatbgsub_err,flux_mcatbgsub,flux_mcatbgsub_err,mag_mcatbgsub,mag_mcatbgsub_err_1,mag_mcatbgsub_err_2,cps,cps_err,flux,flux_err,mag,mag_err_1,mag_err_2,counts,flat_counts,bg_counts,bg_flat_counts,exptime,bg,mcat_bg,responses,detxs,detys,detrad,racent,deccent,q_mean,flags
753712846.995,753712963.995,753712872.1359999,753712856.206,753712888.066,-0.0032830276494820432,0.018619052247892374,-4.596238709274861e-18,2.6066673147049324e-17,,,,,,,,,,,0.018187863184111714,0.012608948681324518,2.54630084577564e-17,1.7652528153854324e-17,23.17054580344916,0.5718102033923493,1.2830799318724964,2.0,2.0806814866787713,9.0,8.528673727771551,114.3994467968278,2.456258033598207,,0.9617404864985404,406.91400146484375,324.2615966796875,76.05333098402848,51.664451071768156,-0.218024765662519,6.0,0.0
913341877.995,913343578.995,913342665.1592306,913341915.29,913343483.585,0.0070896305577733435,0.005199798832860237,9.925482780882681e-18,7.279718366004332e-18,24.193440988523577,0.5972702851920815,1.4355011732592295,-0.0033085364162450683,0.00577047197658271,-4.631950982743096e-18,8.078660767215794e-18,,,,0.02599888632126347,0.003956410727282352,3.6398440849768857e-17,5.5389750181952935e-18,22.7826131372738,0.15379721373177802,0.1792359412209379,39.0,43.182397291360736,121.0,109.05207961670264,1660.9325783329245,31.406998929610367,48.67765321170303,0.9041579500770897,465.80419921875,367.6717224121094,73.3165067813562,51.66516942458629,-0.21688625605069156,11.076923370361328,0.0
913353706.995,913355013.995,913354324.5106251,913353743.905,913355010.175,0.01632211276028368,0.00659521815555198,2.2850957864397154e-17,9.233305417772772e-18,23.288059065434407,0.3684691549529582,0.5620054092521904,,,,,,,,0.035962228485800864,0.005304029277687753,5.034711988012121e-17,7.425640988762855e-18,22.430383510012547,0.14937122652660406,0.17324988545833264,40.0,45.97072644391858,101.0,87.17386977178808,1278.305833078988,25.10607449427497,,0.8715258399817103,379.19873046875,322.60430908203125,80.14228463664772,51.6652069603399,-0.21725794552851996,6.699999809265137,0.0
