t0,t1,t_mean,t0_data,t1_data,cps_bgsub,cps_bgsub_err,flux_bgsub,flux_bgsub_err,mag_bgsub,mag_bgsub_err_1,mag_bgsub_err_2,cps_mcatbgsub,cps_mcatbgsub_err,flux_mcatbgsub,flux_mcatbgsub_err,mag_mcatbgsub,mag_mcatbgsub_err_1,mag_mcatbgsub_err_2,cps,cps_err,flux,flux_err,mag,mag_err_1,mag_err_2,counts,flat_counts,bg_counts,bg_flat_counts,exptime,bg,mcat_bg,responses,detxs,detys,detrad,racent,deccent,q_mean,flags
749492853.995,749492965.995,749492905.793,749492857.116,749492960.986,0.07509190358594064,0.05464131833091233,1.5468932138703773e-17,1.1256111576167939e-17,22.891017215329203,0.5936452250776796,1.4122184317595448,,,,,,,,0.1839552377497872,0.04330897834689846,3.789477897645616e-17,8.921649539461083e-18,21.91821960502049,0.22954725311898017,0.29145992934478215,16.0,18.04132533782493,42.0,37.07194940908818,98.07454008112796,10.676721429817396,,0.8870122017007821,275.5916748046875,259.6160583496094,187.57687077889668,15.778326251443575,-0.1567713615197745,13.75,0.0
876851959.995,876853658.995,876852820.8924873,876851967.37,876853651.785,0.06676708906748122,0.012942116750801652,1.375402034790113e-17,2.6660760506651403e-18,23.018593894652483,0.19236509981155692,0.2339465675256278,,,,,,,,0.15978530664516014,0.010289213325745986,3.2915773168902985e-17,2.119577945103673e-18,22.071157898855414,0.06775603349064241,0.07226749193475968,199.0,241.1622559813929,592.0,487.470145387578,1509.2893147988189,140.39140187162246,,0.8253662433198466,549.4465942382812,296.82403564453125,181.60276470941304,15.778448011006978,-0.15668751053044327,13.386934280395508,0.0
876864028.995,876865490.995,876864708.9910853,876864039.69,876865486.4,0.022842683297949286,0.015159419966056334,4.705592759377553e-18,3.122840513007605e-18,24.183132203665682,0.5526512880151877,1.1830035008077324,,,,,,,,0.13576593506426085,0.011200812852326656,2.7967782623237737e-17,2.3073674475792913e-18,22.248022962279173,0.08607067279048053,0.09348589160968501,129.0,146.92055096665064,485.0,424.30936883822716,1082.160638433419,122.20109822540944,,0.8782950782649863,473.89215087890625,561.34912109375,177.46433117456772,15.778462337361645,-0.15674424037939455,13.085270881652832,0.0
