t0,t1,t_mean,t0_data,t1_data,cps_bgsub,cps_bgsub_err,flux_bgsub,flux_bgsub_err,mag_bgsub,mag_bgsub_err_1,mag_bgsub_err_2,cps_mcatbgsub,cps_mcatbgsub_err,flux_mcatbgsub,flux_mcatbgsub_err,mag_mcatbgsub,mag_mcatbgsub_err_1,mag_mcatbgsub_err_2,cps,cps_err,flux,flux_err,mag,mag_err_1,mag_err_2,counts,flat_counts,bg_counts,bg_flat_counts,exptime,bg,mcat_bg,responses,detxs,detys,detrad,racent,deccent,q_mean,flags
750249522.995,750251165.995,750250392.7298611,750249523.39,750251152.99,0.03319413422836233,0.013214530710411754,6.8379916510426394e-18,2.7221933263448212e-18,23.77734663541795,0.36384432299950475,0.5511862003619861,0.00408504820180912,0.013947389829632239,8.415199295726786e-19,2.873162304904241e-18,26.0520070365338,1.6121431575578669,,0.14427654332886805,0.009932854295675168,2.9720967925746817e-17,2.0461679849090845e-18,22.182010678345748,0.07228778014476589,0.07744614738173894,180.0,210.9809908206297,661.0,564.0276583222385,1462.337438593283,162.4399655968047,205.00727189666605,0.8534374676189675,372.68499755859375,334.2560119628906,71.1925650710635,33.76532635270918,-1.1005080525246291,15.483333587646484,0.0
753463428.995,753463538.995,753463504.887375,753463439.203,753463527.924,-0.05555488972745377,0.04970031899072387,-1.1444307283855476e-17,1.0238265712089117e-17,,,,-0.06997720239986437,0.051173367127955206,-1.441530369437206e-17,1.0541713628358772e-17,,,,0.0920975034964745,0.0308037713262036,1.8972085720273746e-17,6.345576893197942e-18,22.669380355354782,0.3132713246861165,0.4420794788646276,8.0,8.93897935552894,56.0,49.76088311883729,97.05995294292775,14.331134338225143,15.730963327537506,0.8950347529003211,454.813232421875,503.9538269042969,117.51973696610713,33.765779915490974,-1.1004452472118675,16.625,0.0
907964406.995,907966070.995,907965277.8094276,907964451.495,907966069.695,0.03063628348566469,0.012738580235808475,6.311074398046926e-18,2.6241475285765457e-18,23.864409801218475,0.3775051094705475,0.5835969411518569,-0.007903869041455987,0.013717750140126682,-1.6281970225399334e-18,2.8258565288660962e-18,,,,0.13602663403600637,0.009562007767843142,2.8021486611417315e-17,1.969773600175687e-18,22.245940120942418,0.07375885724613696,0.07913721675819474,166.0,202.3716715632449,664.0,544.4200719366576,1487.7356408721907,156.79298071775742,214.13053923700528,0.8204635314859654,513.0737915039062,365.1093444824219,118.33444201717083,33.765300237658124,-1.1004737623161713,13.83132553100586,0.0
