t0,t1,t_mean,t0_data,t1_data,cps_bgsub,cps_bgsub_err,flux_bgsub,flux_bgsub_err,mag_bgsub,mag_bgsub_err_1,mag_bgsub_err_2,cps_mcatbgsub,cps_mcatbgsub_err,flux_mcatbgsub,flux_mcatbgsub_err,mag_mcatbgsub,mag_mcatbgsub_err_1,mag_mcatbgsub_err_2,cps,cps_err,flux,flux_err,mag,mag_err_1,mag_err_2,counts,flat_counts,bg_counts,bg_flat_counts,exptime,bg,mcat_bg,responses,detxs,detys,detrad,racent,deccent,q_mean,flags
749492566.995,749492678.995,5e-324,-2.0,5e-324,-0.009903705999929534,0.009492215898211753,-1.3865188399901348e-17,1.3289102257496455e-17,,,,-0.011065932757659824,0.010033737877847247,-1.5492305860723756e-17,1.4047233028986147e-17,,,,0.0,0.0,0.0,0.0,inf,,,5e-324,5e-324,4.0,3.7797909077483336,109.91640719537368,1.0885797814315201,1.2163275709875616,5e-324,5e-324,5e-324,565.685424949238,160000.0,5e-324,5e-324,0.0
875775362.995,875776302.995,875775689.0024999,875775377.135,875776066.41,0.003400603105802812,0.004514363929570463,4.760844348123937e-18,6.320109501398648e-18,24.991110132178036,0.9172329082582138,,-0.0008583919517109954,0.004998965376950349,-1.2017487323953937e-18,6.998551527730489e-18,,,,0.011113842968500282,0.0034684638995148044,1.5559380155900397e-17,4.855849459320726e-18,23.70533935952704,0.2949049425957746,0.40616308239140153,10.0,10.267250430508035,25.0,24.741968418896548,923.825400413545,7.125686904642207,11.06025471900921,0.9745739768892502,160.02072143554688,585.28955078125,303.1868594926779,17.218381194073768,-0.021653745975790988,10.800000190734863,32.0
878715402.995,878716883.995,878716106.218,878715499.315,878716794.99,0.003279779696205057,0.004239441372381673,4.5916915746870805e-18,5.935217921334343e-18,25.030388317501085,0.9008204511823834,,0.002762352581459999,0.00428105924437876,3.867293614043999e-18,5.993482942130264e-18,25.216802224232495,1.0162599296874184,,0.014752570147863528,0.003179667762150396,2.065359820700894e-17,4.451534867010554e-18,23.397830779079193,0.21191700930382495,0.2635634959644584,20.0,21.526423957690238,63.0,58.12738352180231,1459.16431794142,16.740686454279068,17.495697637250437,0.9301178315181262,378.0308837890625,700.2531127929688,301.05576528104706,17.21801570015528,-0.021288699894381882,15.649999618530273,32.0
