t0,t1,t_mean,t0_data,t1_data,cps_bgsub,cps_bgsub_err,flux_bgsub,flux_bgsub_err,mag_bgsub,mag_bgsub_err_1,mag_bgsub_err_2,cps_mcatbgsub,cps_mcatbgsub_err,flux_mcatbgsub,flux_mcatbgsub_err,mag_mcatbgsub,mag_mcatbgsub_err_1,mag_mcatbgsub_err_2,cps,cps_err,flux,flux_err,mag,mag_err_1,mag_err_2,counts,flat_counts,bg_counts,bg_flat_counts,exptime,bg,mcat_bg,responses,detxs,detys,detrad,racent,deccent,q_mean,flags
754203156.995,754203266.995,754203231.38,754203231.38,754203231.38,-0.002440666601134783,0.017562271643430025,-3.4169332415886965e-18,2.4587180300802036e-17,,,,,,,,,,,0.013914137377388162,0.011907215612656133,1.9479792328343428e-17,1.6670101857718586e-17,23.46135928267679,0.6713067695163062,2.102314610229339,1.0,1.3655013639822222,7.0,5.5729956854259,98.13769455814744,1.6050227574026594,,0.7323317474276937,565.7179565429688,663.4349975585938,311.2240978129322,56.5183713946571,-0.400277623224849,17.0,97.0
912632060.995,912633761.995,912632903.9635416,912632133.705,912633737.905,0.0261045818953089,0.0063236319693239645,3.6546414653432464e-17,8.853084757053551e-18,22.778208145715077,0.23551571705088747,0.30117399537019196,-0.007736784369576083,0.00778119077660174,-1.0831498117406517e-17,1.0893667087242437e-17,,,,0.04596452377403152,0.005284261456767018,6.435033328364413e-17,7.397966039473825e-18,22.163943087828354,0.11815202683985859,0.13259755040346022,48.0,75.6618462416096,178.0,113.51144569837889,1646.0922474379277,32.691296361133126,88.39730701246772,0.6356153885987127,709.67724609375,429.5166320800781,311.08074244086487,56.51888709741223,-0.4005639132449268,14.479166984558105,40.0
