t0,t1,t_mean,t0_data,t1_data,cps_bgsub,cps_bgsub_err,flux_bgsub,flux_bgsub_err,mag_bgsub,mag_bgsub_err_1,mag_bgsub_err_2,cps_mcatbgsub,cps_mcatbgsub_err,flux_mcatbgsub,flux_mcatbgsub_err,mag_mcatbgsub,mag_mcatbgsub_err_1,mag_mcatbgsub_err_2,cps,cps_err,flux,flux_err,mag,mag_err_1,mag_err_2,counts,flat_counts,bg_counts,bg_flat_counts,exptime,bg,mcat_bg,responses,detxs,detys,detrad,racent,deccent,q_mean,flags
753629556.995,753629671.995,753629607.1838125,753629558.399,753629662.297,-0.0025069336493785638,0.05697085975717872,-5.164283317719841e-19,1.1735997109978816e-17,,,,,,,,,,,0.1635381547639454,0.040130979378951395,3.368885988137275e-17,8.266981752063987e-18,22.045952266984994,0.2382653096975389,0.3056967029066371,16.0,16.60652138760285,61.0,58.5454464234629,101.5452413020868,16.861088569957317,,0.9636709361879772,654.5277099609375,409.08099365234375,254.68965346804535,32.56422309916862,0.3018722150253852,12.0,0.0
908692096.995,908693662.995,908692827.5714401,908692111.075,908693660.56,0.008717647846739012,0.013997392604777463,1.7958354564282364e-18,2.8834628765841574e-18,25.229001696206765,1.0397854825914976,,0.004867986014941694,0.014095836932055239,1.002805119077989e-18,2.9037424080033793e-18,25.861626695272133,1.4764414251169704,,0.1407211844116711,0.010054596158390152,2.898856398880425e-17,2.0712468086283714e-18,22.209101295493735,0.0749302592497827,0.08048732530741987,184.0,195.8798215999393,678.0,638.0038463657595,1391.9710981603523,183.74510775333877,189.10372576089168,0.9395750179244847,241.2820587158203,643.2742309570312,290.4715757750202,32.56394606722731,0.3020710786997339,8.559782981872559,32.0
911070896.995,911072029.995,911071464.6371053,911070914.515,911072018.845,0.023356392706430182,0.01584653139650166,4.811416897524617e-18,3.2643854676793417e-18,24.158985578199733,0.56228173263899,1.2319346301849556,0.010295246785626041,0.016245457269774822,2.1208208378389644e-18,3.3465641975736132e-18,25.04840809630331,1.0281891947456678,,0.13977281412601653,0.01170483055791992,2.8793199709959405e-17,2.4111950949315033e-18,22.21644322711218,0.08731458632363598,0.0949553438734938,133.0,142.59856530463202,441.0,412.3957721871203,1020.2167438373807,118.76998238989067,132.09518215199836,0.9329466297760372,285.9320373535156,631.4607543945312,258.0418201129524,32.564167902815974,0.3020691052751432,10.518796920776367,0.0
