t0,t1,t_mean,t0_data,t1_data,cps_bgsub,cps_bgsub_err,flux_bgsub,flux_bgsub_err,mag_bgsub,mag_bgsub_err_1,mag_bgsub_err_2,cps_mcatbgsub,cps_mcatbgsub_err,flux_mcatbgsub,flux_mcatbgsub_err,mag_mcatbgsub,mag_mcatbgsub_err_1,mag_mcatbgsub_err_2,cps,cps_err,flux,flux_err,mag,mag_err_1,mag_err_2,counts,flat_counts,bg_counts,bg_flat_counts,exptime,bg,mcat_bg,responses,detxs,detys,detrad,racent,deccent,q_mean,flags
777396303.995,777397999.995,777397156.012173,777396324.575,777397997.335,0.05625713374054921,0.015513515662723827,1.1588969550553138e-17,3.1957842265211086e-18,23.204555996476344,0.26442318618218863,0.3502950230202906,0.013357469706060048,0.01643428327385718,2.7516387594483697e-18,3.385462354414579e-18,24.765689505244424,0.8709296510888791,,0.2036189716384501,0.01181619536117635,4.194550815752072e-17,2.434136244402328e-18,21.807954400636284,0.06124589487578902,0.06490837651623238,260.0,296.9485124825511,853.0,746.2003630339451,1458.3538561908601,214.90570455377622,277.46859502776584,0.8758611988912098,568.7237548828125,314.7889404296875,189.02018446412208,338.7809086836813,0.9680575674073547,13.94615364074707,0.0
1002452377.995,1002452501.995,1002452439.3488462,1002452379.015,1002452493.985,0.1310693453086731,0.06501261032087177,2.7000285133586657e-17,1.3392597726099585e-17,22.28624717466528,0.43734124895348714,0.7439600657300645,,,,,,,,0.2873225582843865,0.05232371336877683,5.918844700658362e-17,1.0778684953968027e-17,21.43407568829344,0.18164281739048604,0.2182599927081732,26.0,30.153819688029525,66.0,56.93890061078841,104.94762356314479,16.398403375907066,,0.8624576658778624,484.9197692871094,558.3795166015625,179.70931666088015,338.7809827237095,0.9679419019915786,11.384614944458008,0.0
