t0,t1,t_mean,t0_data,t1_data,cps_bgsub,cps_bgsub_err,flux_bgsub,flux_bgsub_err,mag_bgsub,mag_bgsub_err_1,mag_bgsub_err_2,cps_mcatbgsub,cps_mcatbgsub_err,flux_mcatbgsub,flux_mcatbgsub_err,mag_mcatbgsub,mag_mcatbgsub_err_1,mag_mcatbgsub_err_2,cps,cps_err,flux,flux_err,mag,mag_err_1,mag_err_2,counts,flat_counts,bg_counts,bg_flat_counts,exptime,bg,mcat_bg,responses,detxs,detys,detrad,racent,deccent,q_mean,flags
750688013.995,750688124.995,750688076.8336667,750688025.532,750688112.744,0.014931376246850208,0.020187006145512755,2.0903926745590293e-17,2.826180860371786e-17,23.38475040217661,0.9285866607052569,,,,,,,,,0.02966499564075788,0.01650096519174208,4.1530993897061034e-17,2.3101351268438914e-17,22.639389277864183,0.48019397480660686,0.8821385267186415,3.0,3.231989054962166,6.0,5.573686679335709,108.94958806336757,1.6052217636486843,,0.9287526257244668,432.8338623046875,266.8836364746094,137.10590341800432,359.7038636754117,0.4323065401253636,10.333333015441895,0.0
845560507.995,845562190.995,845561312.5072501,845560525.3,845562169.95,0.004247647923838379,0.003711196607741767,5.946707093373731e-18,5.195675250838474e-18,24.74962871985352,0.681753772996764,2.246545492396958,0.0015116435003538688,0.0039270557970415825,2.1163009004954165e-18,5.497878115858216e-18,25.871376547358885,1.3901141663162804,,0.013551296268789132,0.0028576846109725396,1.8971814776304787e-17,4.000758455361556e-18,23.49004789934371,0.20775192174488666,0.2571410794130742,20.0,22.48708121200833,60.0,53.60595618984045,1659.4044411677266,15.438515382674051,19.978653274058793,0.8916853501427655,401.7894592285156,263.7745666503906,136.23718602356476,359.70385942019624,0.4323670908249982,9.25,0.0
878685823.995,878687191.995,878686490.3573809,878685859.265,878687017.865,0.012484472001212143,0.004283020109712078,1.7478260801697002e-17,5.99622815359691e-18,23.579074550744323,0.3202448274391756,0.4561985949271943,0.006214933323746161,0.004795557963882397,8.700906653244625e-18,6.713781149435356e-18,24.336408815699222,0.6209255597103223,1.6033480301172283,0.018600630037729316,0.0037155056322544676,2.6040882052821042e-17,5.201707885156255e-18,23.146180862939733,0.19772834549202756,0.24193796530285994,21.0,25.062215598048848,34.0,28.613963432363875,1347.3853061543034,8.240821468520798,16.688305758904544,0.8413101063583793,340.7089538574219,284.0030822753906,130.27168945819014,359.7037209641309,0.43197483895357724,7.285714149475098,65.0
