t0,t1,t_mean,t0_data,t1_data,cps_bgsub,cps_bgsub_err,flux_bgsub,flux_bgsub_err,mag_bgsub,mag_bgsub_err_1,mag_bgsub_err_2,cps_mcatbgsub,cps_mcatbgsub_err,flux_mcatbgsub,flux_mcatbgsub_err,mag_mcatbgsub,mag_mcatbgsub_err_1,mag_mcatbgsub_err_2,cps,cps_err,flux,flux_err,mag,mag_err_1,mag_err_2,counts,flat_counts,bg_counts,bg_flat_counts,exptime,bg,mcat_bg,responses,detxs,detys,detrad,racent,deccent,q_mean,flags
750539624.995,750539738.995,750539686.621231,750539640.089,750539738.521,0.08018431065426776,0.04813284740485807,1.651796799477916e-17,9.915366565400762e-18,22.81977650020128,0.5104883311653694,0.9956038467811155,,,,,,,,0.15650556677611516,0.03946298595852696,3.224014675587972e-17,8.129375107456553e-18,22.093675525850507,0.2441414890686957,0.315464750343029,13.0,15.728224278250957,32.0,26.631947468596863,100.49626094610774,7.6700008709558976,,0.8268021307839356,430.2857666015625,343.73260498046875,63.90029265135089,356.93702200435916,-0.6284260096366785,17.461538314819336,0.0
843501435.995,843503133.995,843502305.873552,843501440.935,843503130.84,0.046722209687689156,0.01281648579114991,9.624775195663966e-18,2.6401960729768814e-18,23.406191564542397,0.26318985158266983,0.34812588266069966,0.0009456060441946452,0.013944607779004596,1.9479484510409691e-19,2.8725892024749468e-18,27.6407244012459,2.9929767368904088,,0.14789614696406958,0.009876125645383664,3.0466606274598334e-17,2.0344818829490347e-18,22.155107850573017,0.07018455385939859,0.07503692404831241,183.0,224.25415924014968,654.0,532.6719286047578,1516.294804452416,153.40951543817027,222.82034170827853,0.8162820250501412,379.7839050292969,327.1080627441406,75.64340693528173,356.9370318035959,-0.6281331965398257,14.06010913848877,0.0
903888534.995,903889973.995,903889254.7036897,903888535.505,903889963.75,0.02571970944839995,0.013649536622954471,5.298260146370389e-18,2.811804544328621e-18,24.054334854695096,0.462227599812298,0.82138142395549,-0.00883854187196591,0.014598642220197711,-1.8207396256249773e-18,3.0073202973607284e-18,,,,0.13293485338758312,0.010155376884726015,2.738457979784212e-17,2.0920076382535593e-18,22.27090284769136,0.0799278041440985,0.08628270896176815,145.0,171.35060052916944,565.0,479.85543168018046,1288.9817543152649,138.19836432389198,182.74331973688498,0.8470200247211144,331.19024658203125,443.4018249511719,81.35416753021217,356.9369591662798,-0.628172844200618,14.082758903503418,8.0
