t0,t1,t_mean,t0_data,t1_data,cps_bgsub,cps_bgsub_err,flux_bgsub,flux_bgsub_err,mag_bgsub,mag_bgsub_err_1,mag_bgsub_err_2,cps_mcatbgsub,cps_mcatbgsub_err,flux_mcatbgsub,flux_mcatbgsub_err,mag_mcatbgsub,mag_mcatbgsub_err_1,mag_mcatbgsub_err_2,cps,cps_err,flux,flux_err,mag,mag_err_1,mag_err_2,counts,flat_counts,bg_counts,bg_flat_counts,exptime,bg,mcat_bg,responses,detxs,detys,detrad,racent,deccent,q_mean,flags
753712996.995,753713112.995,753713051.7526666,753713020.567,753713088.747,0.04152238826484624,0.025599249760486876,5.813134357078474e-17,3.583894966468163e-17,22.27429418724783,0.5214505532491955,1.040634130883337,,,,,,,,0.05798071520509846,0.02259272591073081,8.117300128713786e-17,3.1629816275023134e-17,21.91179107957087,0.35727085909502065,0.5360692023892142,6.0,6.586123484757629,7.0,6.491416849022379,113.59162199811027,1.8695280525184452,,0.9116572328853726,277.99627685546875,151.0127410888672,277.2716421872365,50.92198203646175,-0.28646902360543236,7.833333492279053,0.0
913276818.995,913278488.995,913277689.0146201,913276851.315,913278485.025,0.02149917116796064,0.006826544566156518,3.0098839635144896e-17,9.557162392619125e-18,22.988945706503955,0.29939793756896904,0.41478462978739117,0.022022563794318023,0.006803018552254096,3.0831589312045236e-17,9.524225973155735e-18,22.962830308220962,0.29227553286010277,0.4011655018577045,0.048783338373708775,0.005466849281445437,6.829667372319229e-17,7.653588994023611e-18,22.099321207694558,0.11532431963915712,0.12904567043977266,79.0,79.62855455505921,156.0,154.63775284390735,1632.2899828022864,44.535672819045324,43.681344277969586,0.9928841107743229,158.1953582763672,236.4007568359375,291.94896321608763,50.92182679060236,-0.2857737033348268,7.708860874176025,32.0
913288643.995,913290346.995,913289576.8804166,913288702.66,913290312.885,0.04293246362014626,0.0062318269303338406,6.010544906820477e-17,8.724557702467378e-18,22.238035473540744,0.14715991503121728,0.170280530101941,0.027634626166761395,0.006928446870914302,3.8688476633465955e-17,9.699825619280023e-18,22.71636601513186,0.24289688784149277,0.3133840591952506,0.05386809521604597,0.0056817379811212425,7.541533330246436e-17,7.954433173569739e-18,21.991670952251965,0.10887232558773263,0.12101880776635454,60.0,89.88781720115871,94.0,63.36079219739992,1668.6652245758887,18.247908152851178,43.774877522529074,0.6688824362829898,667.9077758789062,416.1336669921875,268.39312879989507,50.92179979415365,-0.2858275838775092,15.800000190734863,73.0
