t0,t1,t_mean,t0_data,t1_data,cps_bgsub,cps_bgsub_err,flux_bgsub,flux_bgsub_err,mag_bgsub,mag_bgsub_err_1,mag_bgsub_err_2,cps_mcatbgsub,cps_mcatbgsub_err,flux_mcatbgsub,flux_mcatbgsub_err,mag_mcatbgsub,mag_mcatbgsub_err_1,mag_mcatbgsub_err_2,cps,cps_err,flux,flux_err,mag,mag_err_1,mag_err_2,counts,flat_counts,bg_counts,bg_flat_counts,exptime,bg,mcat_bg,responses,detxs,detys,detrad,racent,deccent,q_mean,flags
750249522.995,750251165.995,750250403.528408,750249531.37,750251165.835,0.020886388046355432,0.014077305259774795,4.302595937549219e-18,2.899924883513608e-18,24.2803416438459,0.5593848989572621,1.216936819967831,,,,,,,,0.15533928180299852,0.010306633832997049,3.1999892051417695e-17,2.1231665695973922e-18,22.10179676774442,0.06974859740772743,0.07453879154374832,223.0,227.15844746471703,694.0,682.6927092623064,1462.337438593283,196.61550026754426,,0.9821038183624684,189.52049255371094,480.90948486328125,225.4949396232075,34.14663135643318,-1.0156357462617023,12.426009178161621,0.0
753463428.995,753463538.995,753463484.6598666,753463436.427,753463525.48,0.033660957444559006,0.05515790043425226,6.934157233579155e-18,1.1362527489455966e-17,23.762183838029497,1.0534467987377205,,,,,,,,,0.16447778700388424,0.041165518394222826,3.3882424122800154e-17,8.480096789209903e-18,22.03973186484779,0.24251830450593914,0.31275241599841763,15.0,15.964206266753898,47.0,44.08706708739967,97.05995294292775,12.697075321171107,,0.9397672648085338,240.89028930664062,414.5287170410156,159.7716609908729,34.14661745676407,-1.0156421255200472,14.666666984558105,0.0
907964406.995,907966070.995,907965264.4978862,907964411.19,907966068.825,0.07128464692094788,0.014299577401332933,1.4684637265715262e-17,2.945712944674584e-18,22.947509992884434,0.19849429005659758,0.24308730103192389,0.03909455686027768,0.015037116842554873,8.053478713217202e-18,3.0976460695663035e-18,23.59970926316652,0.3533379014034672,0.5271672077245704,0.18774686356838557,0.011233716552902496,3.867585389508743e-17,2.314145609897914e-18,21.896068273576734,0.06309500533324197,0.06698908152387162,246.0,279.31770039265587,683.0,601.6145504214292,1487.7356408721907,173.26499052137163,221.15533478751635,0.8809560375005471,373.68450927734375,553.6983032226562,155.9348372413868,34.14664667810673,-1.015633960020505,13.593496322631836,0.0
