t0,t1,t_mean,t0_data,t1_data,cps_bgsub,cps_bgsub_err,flux_bgsub,flux_bgsub_err,mag_bgsub,mag_bgsub_err_1,mag_bgsub_err_2,cps_mcatbgsub,cps_mcatbgsub_err,flux_mcatbgsub,flux_mcatbgsub_err,mag_mcatbgsub,mag_mcatbgsub_err_1,mag_mcatbgsub_err_2,cps,cps_err,flux,flux_err,mag,mag_err_1,mag_err_2,counts,flat_counts,bg_counts,bg_flat_counts,exptime,bg,mcat_bg,responses,detxs,detys,detrad,racent,deccent,q_mean,flags
849774720.995,849774849.995,849774791.233,849774738.475,849774845.4,-0.003478040048997007,0.025728554973214263,-4.86925606859581e-18,3.601997696249997e-17,,,,,,,,,,,0.03977551254512677,0.017807715692132794,5.568571756317748e-17,2.4930801968985914e-17,22.32096053837466,0.4017005600983339,0.6445732021831141,5.0,4.989018824379777,19.0,18.837733729577916,125.42940380012836,5.42526731411844,,1.002437871672925,215.73471069335938,388.0623779296875,184.65157368393474,55.0069719227957,0.3210929744116588,7.599999904632568,0.0
913365536.995,913367236.995,913366398.1088297,913365568.865,913367228.295,0.02709001696072911,0.007510366362435829,3.7926023745020755e-17,1.051451290741016e-17,22.737976807650675,0.26567908311622546,0.35251084862881044,0.010215931685567186,0.008355987620905126,1.430230435979406e-17,1.1698382669267178e-17,23.79680504970822,0.6489470197654512,1.8494452413247977,0.04901486713124948,0.0062428127821106336,6.862081398374928e-17,8.739937894954888e-18,22.09418042575815,0.13016204170549628,0.14791929925048564,47.0,61.64459981328329,127.0,95.74395299094894,1257.6714662556274,27.574258461393303,48.79631403112869,0.7645966330163476,596.0972900390625,383.1596984863281,196.81906136280494,55.007203886585216,0.32174021367765326,14.14893627166748,8.0
913371451.995,913373151.995,913372192.8823912,913371465.17,913373129.5,0.005923741525814756,0.007801875132344697,8.29323813614066e-18,1.0922625185282575e-17,24.388509748925923,0.9123394122812876,,,,,,,,,0.03906406861413685,0.005738599464436946,5.4689696059791597e-17,8.034039250211725e-18,22.340556314765312,0.14881600920815785,0.1725030051218468,46.0,46.338622693088205,136.0,136.4991509240817,1186.2211064292153,39.31175546613554,,0.9941904105168591,234.71815490722656,530.0676879882812,210.32282751971655,55.00710933682121,0.32172849783111573,11.608695983886719,65.0
