t0,t1,t_mean,t0_data,t1_data,cps_bgsub,cps_bgsub_err,flux_bgsub,flux_bgsub_err,mag_bgsub,mag_bgsub_err_1,mag_bgsub_err_2,cps_mcatbgsub,cps_mcatbgsub_err,flux_mcatbgsub,flux_mcatbgsub_err,mag_mcatbgsub,mag_mcatbgsub_err_1,mag_mcatbgsub_err_2,cps,cps_err,flux,flux_err,mag,mag_err_1,mag_err_2,counts,flat_counts,bg_counts,bg_flat_counts,exptime,bg,mcat_bg,responses,detxs,detys,detrad,racent,deccent,q_mean,flags
753712996.995,753713112.995,753713052.495625,753713009.605,753713111.301,0.13038707467260435,0.06378987795544666,2.6859737382556494e-17,1.3140714858822012e-17,22.291913645677898,0.43240784837647794,0.7294464824433611,,,,,,,,0.2694289726617159,0.05180758799131695,5.550236836831347e-17,1.067236312621129e-17,21.503889262154747,0.19095168077496893,0.2318568146453721,24.0,27.045925269603696,55.0,48.46305061310222,100.38239392896125,13.95735857657344,,0.8875987399853956,277.7123107910156,151.288818359375,277.1489325347459,50.92176834505701,-0.2860384502792291,11.0,0.0
913276818.995,913278488.995,913277698.8642712,913276821.35,913278488.055,0.1141942771385268,0.015434372071475182,2.352402109053652e-17,3.1794806467238873e-18,22.43588915067717,0.13764163944396302,0.15765918983640148,0.0669755583521266,0.016448649584787436,1.3796965020538078e-17,3.3884218144662118e-18,23.01520914285344,0.2384393728019063,0.3059840347823908,0.23101567128127165,0.012578294452581315,4.758922828394196e-17,2.591128657231751e-18,21.67089639528988,0.05756270986204015,0.06078622336467987,295.0,337.3178856425868,675.0,592.2810322103091,1460.15152899254,170.57693727656905,239.5234217096001,0.8749098086088766,158.066650390625,236.13636779785156,292.20375701159804,50.92189950137666,-0.2859994891543492,8.17966079711914,32.0
913288643.995,913290346.995,913289498.3958895,913288650.965,913290345.155,0.10231732374528103,0.015736551672929953,2.1077368691527893e-17,3.24172964462357e-18,22.555127069922435,0.15532769109204736,0.18131929443546113,0.07738304003980094,0.016257642524194916,1.5940906248198994e-17,3.3490743599841526e-18,22.858385531891802,0.207046958611123,0.25606022690895003,0.2363417918698601,0.01257083500131966,4.868640912519118e-17,2.58959201027185e-18,21.646148690273066,0.05626601055493552,0.05934201231391256,326.0,353.47019184316605,754.0,695.9914049112845,1495.5890325051012,200.44552461444997,237.73696585773666,0.9224147789382667,667.171875,415.5911560058594,267.626409266004,50.92181332278548,-0.28582058260624843,9.567484855651855,0.0
