t0,t1,t_mean,t0_data,t1_data,cps_bgsub,cps_bgsub_err,flux_bgsub,flux_bgsub_err,mag_bgsub,mag_bgsub_err_1,mag_bgsub_err_2,cps_mcatbgsub,cps_mcatbgsub_err,flux_mcatbgsub,flux_mcatbgsub_err,mag_mcatbgsub,mag_mcatbgsub_err_1,mag_mcatbgsub_err_2,cps,cps_err,flux,flux_err,mag,mag_err_1,mag_err_2,counts,flat_counts,bg_counts,bg_flat_counts,exptime,bg,mcat_bg,responses,detxs,detys,detrad,racent,deccent,q_mean,flags
754203890.995,754204006.995,754203970.6797223,754203898.75,754204001.048,-0.032562990888547375,0.06459943572600543,-6.707976123040759e-18,1.3307483759557119e-17,,,,-0.02727323559740731,0.06418206682598628,-5.618286533065906e-18,1.3221505766153172e-17,,,,0.18906602457828725,0.04383043105367998,3.8947601063127175e-17,9.029068797058075e-18,21.88846626863129,0.22637346666194702,0.28635107170877916,18.0,18.606963321608646,78.0,75.73491432339502,98.41516138667205,21.811655325137767,21.291063204464216,0.9675240420574903,718.8256225585938,463.0398254394531,324.99814951982665,56.250510792625626,0.7286055448201981,9.55555534362793,32.0
912490092.995,912491793.995,912490939.8460807,912490096.915,912491790.055,0.028075781979917083,0.016225858523188322,5.783611087862919e-18,3.3425268557767943e-18,23.95917034680843,0.4952198682495563,0.9365407904966574,-0.0025233148604512437,0.01686130977393087,-5.198028612529562e-19,3.4734298134297586e-18,,,,0.20561876181250485,0.011886335529179498,4.2357464933376e-17,2.4485851190109764e-18,21.79734315099287,0.06101674929336909,0.06465105511712821,273.0,299.2467954473765,983.0,897.1762856163324,1455.3477163735045,258.38677025750377,302.91909596722553,0.9125422972993258,583.93212890625,670.3667602539062,327.000325831915,56.25041627109127,0.7282049167430976,7.5714287757873535,32.0
