t0,t1,t_mean,t0_data,t1_data,cps_bgsub,cps_bgsub_err,flux_bgsub,flux_bgsub_err,mag_bgsub,mag_bgsub_err_1,mag_bgsub_err_2,cps_mcatbgsub,cps_mcatbgsub_err,flux_mcatbgsub,flux_mcatbgsub_err,mag_mcatbgsub,mag_mcatbgsub_err_1,mag_mcatbgsub_err_2,cps,cps_err,flux,flux_err,mag,mag_err_1,mag_err_2,counts,flat_counts,bg_counts,bg_flat_counts,exptime,bg,mcat_bg,responses,detxs,detys,detrad,racent,deccent,q_mean,flags
750539624.995,750539738.995,750539690.2725,750539670.129,750539710.416,0.007127021717241115,0.0170951477620093,9.977830404137562e-18,2.3933206866813023e-17,24.187729794580644,1.3282623908417897,,,,,,,,,0.019559304133963378,0.01336692987256943,2.7383025787548732e-17,1.8713701821597203e-17,23.09161650068031,0.5654716516543914,1.2487405072537996,2.0,2.1411320889227596,5.0,4.725507316726297,109.4687251784603,1.3609461072171738,,0.934106097414253,429.336669921875,343.87567138671875,63.32914387860163,356.93688148803847,-0.6272659658639486,8.5,0.0
843501435.995,843503133.995,843502236.476,843501568.07,843503073.55,0.004213582568256081,0.0037376997531827294,5.899015595558513e-18,5.232779654455822e-18,24.758371228347208,0.6894641632637928,2.3678787167034443,0.002519027961308812,0.003870822861448114,3.526639145832337e-18,5.41915200602736e-18,25.31691752947353,1.0106443276043713,,0.013793187632455387,0.0028713189046532437,1.9310462685437542e-17,4.019846466514541e-18,23.470838389816368,0.20531953488518795,0.25341922929426985,20.0,23.076313345940555,64.0,55.64894054204837,1673.02250653373,16.026894876109935,18.861922872083134,0.8681991924400168,379.9515686035156,328.4976806640625,74.25982272991178,356.93714871548866,-0.6282061689799808,6.300000190734863,0.0
903888534.995,903889973.995,903889163.6159376,903888552.0,903889857.97,-0.003403038640228078,0.004235823823152649,-4.76425409631931e-18,5.930153352413709e-18,,,,-0.0012983090169446574,0.004056733837115223,-1.8176326237225206e-18,5.679427371961313e-18,,,,0.011012483182679103,0.002787560960000643,1.5417476455750745e-17,3.902585344000901e-18,23.715286854491794,0.24498804348248626,0.31688364595052576,16.0,15.607084052139491,69.0,70.93725700663781,1417.2175151819501,20.42993001791169,17.44707033107212,1.0265331873464754,329.6094970703125,442.02349853515625,81.98046920961494,356.9369878256338,-0.6278744565156069,9.125,0.0
