t0,t1,t_mean,t0_data,t1_data,cps_bgsub,cps_bgsub_err,flux_bgsub,flux_bgsub_err,mag_bgsub,mag_bgsub_err_1,mag_bgsub_err_2,cps_mcatbgsub,cps_mcatbgsub_err,flux_mcatbgsub,flux_mcatbgsub_err,mag_mcatbgsub,mag_mcatbgsub_err_1,mag_mcatbgsub_err_2,cps,cps_err,flux,flux_err,mag,mag_err_1,mag_err_2,counts,flat_counts,bg_counts,bg_flat_counts,exptime,bg,mcat_bg,responses,detxs,detys,detrad,racent,deccent,q_mean,flags
754203594.995,754203710.995,754203651.7118334,754203611.14,754203670.786,0.011623450431705557,0.03153521507474065,1.6272830604387782e-17,4.414930110463691e-17,23.656662330248935,1.424332349136943,,,,,,,,,0.061098851877553005,0.023441495463633267,8.553839262857421e-17,3.281809364908658e-17,21.854917376518333,0.3525774460992679,0.5254580514298723,6.0,6.793529571740152,22.0,19.10113877321913,111.18915270871095,5.50112796668711,,0.8847865099370064,518.4088745117188,290.89794921875,161.00906511065273,57.07160091587292,0.9792286222642111,13.5,0.0
912904165.995,912905867.995,912904962.661096,912904168.6,912905821.275,0.006654596313162867,0.007434778039526757,9.316434838428014e-18,1.0408689255337461e-17,24.262195712337785,0.814424983399455,,-0.0010691121419234228,0.007745756830818082,-1.496756998692792e-18,1.0844059563145315e-17,,,,0.048545578966252785,0.005447168739831684,6.79638105527539e-17,7.626036235764358e-18,22.104625787612722,0.11546436111699165,0.1292210858617011,73.0,79.42508937619185,261.0,237.9776038519331,1636.093153434331,68.53754990935674,81.17425643184627,0.9214315541486402,381.7948303222656,244.20741271972656,156.8526647987745,57.07156640662033,0.9793860566540845,8.50684928894043,65.0
913170345.995,913172050.995,913171301.9443591,913170370.76,913172037.75,-0.010492267278860464,0.008007572441460538,-1.468917419040465e-17,1.1210601418044753e-17,,,,-0.002691241397400012,0.00770383362502967,-3.767737956360017e-18,1.0785367075041539e-17,,,,0.04716313823190804,0.0053713464244124955,6.602839352467127e-17,7.519884994177494e-18,22.135993261727815,0.11710445259713609,0.1312792588801095,78.0,77.09728144519879,321.0,327.25320794168067,1634.6936259012323,94.24892388720406,81.49663660329011,1.012797356761652,263.3885498046875,429.3822021484375,139.73547197314645,57.071522703817024,0.9795173371480765,8.576923370361328,0.0
