t0,t1,t_mean,t0_data,t1_data,cps_bgsub,cps_bgsub_err,flux_bgsub,flux_bgsub_err,mag_bgsub,mag_bgsub_err_1,mag_bgsub_err_2,cps_mcatbgsub,cps_mcatbgsub_err,flux_mcatbgsub,flux_mcatbgsub_err,mag_mcatbgsub,mag_mcatbgsub_err_1,mag_mcatbgsub_err_2,cps,cps_err,flux,flux_err,mag,mag_err_1,mag_err_2,counts,flat_counts,bg_counts,bg_flat_counts,exptime,bg,mcat_bg,responses,detxs,detys,detrad,racent,deccent,q_mean,flags
750688013.995,750688124.995,750688058.2458183,750688027.025,750688098.093,-0.0215724342122787,0.050964979445978865,-4.443921447729412e-18,1.0498785765871646e-17,,,,-0.026940796361048066,0.0515023193236222,-5.5498040503759016e-18,1.0609477780666174e-17,,,,0.11583927817930516,0.03446864398487783,2.3862891304936863e-17,7.100540660884833e-18,22.420360393313654,0.2828150713530917,0.38347035454704326,11.0,11.294403226596275,48.0,46.519893296485165,97.50063539859,13.39772926938773,13.921147989942483,0.9740883119951763,392.6366882324219,623.9154663085938,224.03650241061507,359.1486024393624,0.2041836881898069,13.0,0.0
845560507.995,845562190.995,845561352.5627012,845560515.76,845562190.805,0.0031568006346243877,0.012934620494270486,6.503009307326239e-19,2.66453182181972e-18,26.33188211195975,1.768368114249359,,-0.011017317159343646,0.013296082191932304,-2.269567334824791e-18,2.7389929315380544e-18,,,,0.12663344475312147,0.00920369665102324,2.608648961914302e-17,1.895961510110787e-18,22.323628947615344,0.07617528156062292,0.08192572918508745,174.0,189.3094307951999,698.0,640.9382032435313,1494.9402281859152,184.59020253413706,205.77966142338568,0.9194118141545005,435.4396057128906,622.2023315429688,225.0107592898983,359.1485815256757,0.20424794395807963,11.649425506591797,65.0
878685823.995,878687191.995,878686501.832305,878685830.205,878687166.495,0.009625249996584389,0.014185629233270271,1.982801499296384e-18,2.9222396220536756e-18,25.121469954359792,0.9834085350206934,,-0.011626820232304,0.014789218800453863,-2.395124967854624e-18,3.046579072893496e-18,,,,0.12707858565603025,0.01022626424950136,2.617818864514223e-17,2.10661043539728e-18,22.3198190684413,0.08403376277154351,0.09108757011824054,141.0,154.42255137128842,543.0,495.57708681816985,1215.1736704819127,142.72620100363295,168.55115718901064,0.9132893612142292,539.9588012695312,584.1160278320312,231.27295076910627,359.1487791108443,0.2041503507147556,11.106383323669434,0.0
