t0,t1,t_mean,t0_data,t1_data,cps_bgsub,cps_bgsub_err,flux_bgsub,flux_bgsub_err,mag_bgsub,mag_bgsub_err_1,mag_bgsub_err_2,cps_mcatbgsub,cps_mcatbgsub_err,flux_mcatbgsub,flux_mcatbgsub_err,mag_mcatbgsub,mag_mcatbgsub_err_1,mag_mcatbgsub_err_2,cps,cps_err,flux,flux_err,mag,mag_err_1,mag_err_2,counts,flat_counts,bg_counts,bg_flat_counts,exptime,bg,mcat_bg,responses,detxs,detys,detrad,racent,deccent,q_mean,flags
745792784.995,745794267.995,745793552.4998773,745792799.26,745794260.54,0.011652331774739413,0.01409243349580262,2.400380345596319e-18,2.9030413001353393e-18,24.913967895699827,0.8606902368874287,,-0.01793131736444257,0.014871740854909303,-3.693851377075169e-18,3.0635786161113162e-18,,,,0.13597006229719452,0.010185462212637539,2.800983283322207e-17,2.098205215803333e-18,22.24639175867705,0.07842984825947497,0.08453955801915569,163.0,178.20714363464137,618.0,565.7471804733962,1310.6351547087459,162.93518797633814,201.70855854271917,0.9149958422771263,195.46597290039062,227.7926025390625,267.3753092225478,348.1746739375005,-0.31284914203777936,10.595091819763184,0.0
750960374.995,750960478.995,750960437.6381999,750960411.593,750960459.107,-0.063832636447766,0.04391692411664917,-1.3149523108239796e-17,9.04688636802973e-18,,,,-0.09186382188899786,0.04727586733838175,-1.892394730913356e-17,9.73882867170664e-18,,,,0.05633315595569235,0.02481092153527046,1.1604630126872624e-17,5.111049836265715e-18,23.20308979394479,0.39623186199497695,0.6303677200150695,5.0,5.155162674604103,39.0,38.182702065873265,91.51205159992789,10.996618194971504,13.56180948347666,0.9703654510670452,652.3128051757812,494.736083984375,269.51192415989,348.1747169243614,-0.3124141916633552,12.199999809265137,0.0
907597619.995,907599316.995,907598370.5219696,907597625.665,907599299.84,0.01874392392864488,0.013072771370382675,3.861248329300845e-18,2.6929909022988308e-18,24.397848717429355,0.5744863895264984,1.2979729568436227,-0.0011284534105160135,0.013565742191022483,-2.3246140256629877e-19,2.7945428913506315e-18,,,,0.13867953481622686,0.009572973929387439,2.856798417214273e-17,1.9720326294538124e-18,22.22496905950414,0.07247418770042557,0.07766015890899425,198.0,209.86064341743196,668.0,630.1940342893173,1513.2776706781701,181.49588187532342,211.56830676596647,0.9436409164086843,298.59539794921875,643.2316284179688,263.523278630056,348.17464550451604,-0.312878555692389,9.828282356262207,0.0
