t0,t1,t_mean,t0_data,t1_data,cps_bgsub,cps_bgsub_err,flux_bgsub,flux_bgsub_err,mag_bgsub,mag_bgsub_err_1,mag_bgsub_err_2,cps_mcatbgsub,cps_mcatbgsub_err,flux_mcatbgsub,flux_mcatbgsub_err,mag_mcatbgsub,mag_mcatbgsub_err_1,mag_mcatbgsub_err_2,cps,cps_err,flux,flux_err,mag,mag_err_1,mag_err_2,counts,flat_counts,bg_counts,bg_flat_counts,exptime,bg,mcat_bg,responses,detxs,detys,detrad,racent,deccent,q_mean,flags
745739593.995,745740975.995,745740257.32375,745739596.01,745740956.26,0.035828720737624324,0.015243036258063308,7.38071647195061e-18,3.1400654691610416e-18,23.694421745040273,0.3848737423522337,0.6016649750041267,0.006024294970315425,0.016029601202949835,1.2410047638849775e-18,3.302097847807666e-18,25.6302344293175,1.408947743427344,,0.15867934303723896,0.011443776468065702,3.268794466567123e-17,2.3574179524215346e-18,22.07869901564049,0.07560735980257505,0.08126915468611173,172.0,192.26580704070543,578.0,516.8523967061642,1211.6624846095083,148.85349025137532,184.96639482895247,0.8955839699789787,540.7901611328125,461.4333801269531,153.60966657611763,349.43202368911335,-1.1136342774258898,14.563953399658203,0.0
750960510.995,750960626.995,750960575.4929048,750960519.559,750960624.261,0.08849524014750595,0.06038615517243827,1.8230019470386228e-17,1.2439547965522283e-17,22.71270021967535,0.5648012955751014,1.2451830093109244,,,,,,,,0.22954978841166512,0.04752483071563633,4.7287256412803013e-17,9.790115127421085e-18,21.67780775802565,0.20429962031772675,0.25186489499850495,21.0,23.32988706272385,55.0,49.777186554319805,101.63323270368252,14.335829727644107,,0.9002691691248239,267.64898681640625,340.80084228515625,144.98734760271583,349.4318783074295,-1.1137406679048156,12.333333015441895,0.0
843365378.995,843366143.995,843365724.5120116,843365395.165,843366126.58,0.04400076904197926,0.0195644249369675,9.064158422647727e-18,4.030271537015305e-18,23.471349332206735,0.3993977738186416,0.6385600875355024,0.0077676418208785505,0.020881470253267264,1.6001342151009814e-18,4.301582872173056e-18,25.354277021731328,1.4170549376404118,,0.1521775548562614,0.014957533237726375,3.1348576300389844e-17,3.081251846971633e-18,22.124123495735276,0.10179258225670296,0.11233279573478328,87.0,103.50974775733802,303.0,255.48901630922387,680.1906355711109,73.58083669705648,98.2262705303059,0.8407646085838796,544.0301513671875,384.34844970703125,144.87807125106363,349.4320813365632,-1.113734113679274,14.551724433898926,0.0
