t0,t1,t_mean,t0_data,t1_data,cps_bgsub,cps_bgsub_err,flux_bgsub,flux_bgsub_err,mag_bgsub,mag_bgsub_err_1,mag_bgsub_err_2,cps_mcatbgsub,cps_mcatbgsub_err,flux_mcatbgsub,flux_mcatbgsub_err,mag_mcatbgsub,mag_mcatbgsub_err_1,mag_mcatbgsub_err_2,cps,cps_err,flux,flux_err,mag,mag_err_1,mag_err_2,counts,flat_counts,bg_counts,bg_flat_counts,exptime,bg,mcat_bg,responses,detxs,detys,detrad,racent,deccent,q_mean,flags
745260582.995,745260713.995,745260666.3235937,745260587.152,745260713.789,0.12322628924625852,0.06415043405156409,2.5384615584729255e-17,1.3214989414622203e-17,22.3532415734361,0.45503067360453997,0.7982333833399764,,,,,,,,0.29277877609764347,0.0510496494201591,6.031242787611455e-17,1.0516227780552773e-17,21.41365102256691,0.17450546882559337,0.2080265198750162,32.0,32.8922554201986,68.0,66.14023586647936,112.34508135667879,19.048387929546056,,0.9729658524302478,189.309814453125,457.50128173828125,218.39586005078442,327.2412303886291,-0.4338644872286388,12.5625,0.0
777224737.995,777226407.995,777225603.9239566,777224746.3,777226404.75,0.00868601507248764,0.01558960292549083,1.7893191049324535e-18,3.211458202651111e-18,25.23294855339909,1.1158742903945686,,0.008061721593299495,0.01560340226507696,1.660714648219696e-18,3.2143008666058537e-18,25.313930510056004,1.1692024646002288,,0.18058662186789462,0.011158508472448458,3.720084410478629e-17,2.2986527453243824e-18,21.938286065069498,0.06509692304743453,0.06925024757827813,254.0,261.91408423303494,892.0,865.6816282614866,1450.3515350358243,249.3163089393082,250.22175394516157,0.969977055554163,268.7175598144531,587.3272094726562,228.75000002160465,327.24104215551466,-0.4338658772652514,11.925196647644043,0.0
905686822.995,905688432.995,905687593.635,905686826.89,905688420.36,0.03333956824277488,0.01460744652886878,6.8679510580116246e-18,3.0091339849469685e-18,23.77260007178252,0.39450400364822613,0.6259325007357148,0.00121182534502301,0.01536749885002323,2.496360210747401e-19,3.165704763104785e-18,27.37139992146097,2.8403169812149507,,0.16712142908310706,0.010886215006436212,3.442701439112005e-17,2.2425602913258595e-18,22.022419648218992,0.06851627919666115,0.07313303472090382,213.0,235.67334522035765,725.0,655.0630008435077,1410.1922566923522,188.65814424293026,233.96443850234266,0.9040852675037524,498.4441833496094,583.3645629882812,208.11972562747354,327.24100389264106,-0.43387062631057355,11.863849639892578,0.0
