t0,t1,t_mean,t0_data,t1_data,cps_bgsub,cps_bgsub_err,flux_bgsub,flux_bgsub_err,mag_bgsub,mag_bgsub_err_1,mag_bgsub_err_2,cps_mcatbgsub,cps_mcatbgsub_err,flux_mcatbgsub,flux_mcatbgsub_err,mag_mcatbgsub,mag_mcatbgsub_err_1,mag_mcatbgsub_err_2,cps,cps_err,flux,flux_err,mag,mag_err_1,mag_err_2,counts,flat_counts,bg_counts,bg_flat_counts,exptime,bg,mcat_bg,responses,detxs,detys,detrad,racent,deccent,q_mean,flags
745739593.995,745740975.995,745740321.6472499,745739636.125,745740807.39,0.004959592936484053,0.004500433999658139,6.943430111077674e-18,6.300607599521395e-18,24.58138491799501,0.7011158504903108,2.5837074779734053,0.0005427562101578986,0.004848095030847836,7.598586942210581e-19,6.78733304318697e-18,26.98348799673647,2.4926313661421773,,0.01624209101903977,0.0034571239020966807,2.273892742665568e-17,4.839973462935353e-18,23.293395150241402,0.20951744632910163,0.2598558113729581,20.0,22.072625268439136,60.0,53.238379900007345,1358.9768240163494,15.332653411202118,21.335032157743605,0.9075891221613832,539.7726440429688,460.890625,152.46002832104247,349.4317565173106,-1.1137071534772445,15.399999618530273,0.0
750960510.995,750960626.995,750960560.7503333,750960533.554,750960577.09,0.008856469843942007,0.02049987861040852,1.239905778151881e-17,2.8699830054571933e-17,23.951848379482453,1.3011034646130426,,,,,,,,,0.028311965182633365,0.01578229731186317,3.9636751255686714e-17,2.2095216236608442e-17,22.69007496113753,0.4810301689859102,0.8850761410665413,3.0,3.2181004056984563,8.0,7.678552875895821,113.66573761091115,2.211423228257997,,0.9323346268643107,269.2688293457031,340.6421813964844,143.57572778854635,349.43196052205803,-1.11381862564986,8.666666984558105,65.0
843365378.995,843366143.995,843365823.4100001,843365424.21,843366138.11,0.016038065857532112,0.00656937839333336,2.2453292200544957e-17,9.197129750666704e-18,23.30712001875323,0.3727486901536565,0.5721555264952158,0.01066493332533387,0.007089786221812802,1.493090665546742e-17,9.925700710537924e-18,23.75010463828371,0.5533891797667572,1.1866605715951408,0.024329941476344843,0.005673365138447937,3.406191806688278e-17,7.942711193827111e-18,22.854647339318152,0.22757013990258557,0.28827278696528325,15.0,18.39080151030308,27.0,21.763056221449073,755.8917282305763,6.2677601917773345,10.329266627552595,0.8172741048516454,543.540771484375,386.1436462402344,144.20801509571282,349.43200987997545,-1.113876709664497,14.133333206176758,0.0
