t0,t1,t_mean,t0_data,t1_data,cps_bgsub,cps_bgsub_err,flux_bgsub,flux_bgsub_err,mag_bgsub,mag_bgsub_err_1,mag_bgsub_err_2,cps_mcatbgsub,cps_mcatbgsub_err,flux_mcatbgsub,flux_mcatbgsub_err,mag_mcatbgsub,mag_mcatbgsub_err_1,mag_mcatbgsub_err_2,cps,cps_err,flux,flux_err,mag,mag_err_1,mag_err_2,counts,flat_counts,bg_counts,bg_flat_counts,exptime,bg,mcat_bg,responses,detxs,detys,detrad,racent,deccent,q_mean,flags
754203156.995,754203266.995,754203158.929,754203158.929,754203158.929,-0.04190556461236308,0.025177745800394835,-5.866779045730832e-17,3.524884412055277e-17,,,,,,,,,,,0.010152886579982727,0.010171308846288902,1.4214041211975817e-17,1.4239832384804464e-17,23.803526163457903,0.7535595689452208,,1.0,0.9963808820698591,17.0,17.73922354959951,98.13769455814744,5.10889638228466,,1.0036322635201738,418.78509521484375,437.0918884277344,41.57749378409238,56.3840092525688,0.0382773396791231,5.0,64.0
912632060.995,912633761.995,912632930.2978473,912632065.02,912633740.355,-0.0006598394355649094,0.007422609097814898,-9.237752097908732e-19,1.0391652736940857e-17,,,,-0.0017704999841624716,0.007467921491305862,-2.4786999778274605e-18,1.0455090087828207e-17,,,,0.04501591002332487,0.005229449004382422,6.302227403265482e-17,7.32122860613539e-18,22.186584914775363,0.11932479932315587,0.13407680862648874,72.0,74.10034050075836,270.0,261.0642259729013,1646.0922474379277,75.18649708019558,77.01474679877718,0.9729344928145081,435.24859619140625,406.4443359375,35.83284804673183,56.383749621924636,0.03889692894573441,9.86111068725586,0.0
