t0,t1,t_mean,t0_data,t1_data,cps_bgsub,cps_bgsub_err,flux_bgsub,flux_bgsub_err,mag_bgsub,mag_bgsub_err_1,mag_bgsub_err_2,cps_mcatbgsub,cps_mcatbgsub_err,flux_mcatbgsub,flux_mcatbgsub_err,mag_mcatbgsub,mag_mcatbgsub_err_1,mag_mcatbgsub_err_2,cps,cps_err,flux,flux_err,mag,mag_err_1,mag_err_2,counts,flat_counts,bg_counts,bg_flat_counts,exptime,bg,mcat_bg,responses,detxs,detys,detrad,racent,deccent,q_mean,flags
753712846.995,753712963.995,753712932.91,753712905.119,753712953.737,0.022929940795232157,0.023470011002869655,3.2101917113325024e-17,3.2858015404017515e-17,22.91899266652635,0.765286490013267,,0.015193515188667992,0.02486901368078087,2.127092126413519e-17,3.481661915309322e-17,23.365854339137197,1.0527002386868034,,0.04297294705636645,0.019381420628294902,6.016212587891304e-17,2.7133988879612863e-17,22.23701215416412,0.4041793530273736,0.6510977416250938,5.0,4.916081370477691,8.0,7.9614889875663835,114.3994467968278,2.292908828419119,3.1779516379948722,1.0175584261906239,439.25732421875,403.3730773925781,39.40196893446287,51.5607011355455,-0.1135897700812772,11.399999618530273,0.0
913341877.995,913343578.995,913342802.6016665,913341878.62,913343564.7,-0.0027108074259036214,0.0056645566001559565,-3.79513039626507e-18,7.93037924021834e-18,,,,-0.0026792400162932895,0.0056628787415875384,-3.7509360228106056e-18,7.928030238222554e-18,,,,0.02529193542686615,0.0039022494704210203,3.540870959761261e-17,5.463149258589429e-18,22.812544839149215,0.1557857247460035,0.1819441400933286,42.0,42.00819951957463,160.0,161.49537460709988,1660.9325783329245,46.51066788684477,46.45823654780939,1.000767470937529,411.6004333496094,438.4698791503906,40.18086180937871,51.56065086881766,-0.11393613321837723,10.523809432983398,65.0
913353706.995,913355013.995,913354360.8022499,913353716.185,913355006.87,0.00797776936768691,0.006668947716836329,1.1168877114761674e-17,9.33652680357086e-18,24.06529630756505,0.6596470396234366,1.9625025159521705,0.004653663579276459,0.0068611415305583736,6.515129010987043e-18,9.605598142781724e-18,24.650512539379136,0.9836540190030618,,0.03241512349837111,0.005035660642532932,4.538117289771956e-17,7.049924899546106e-18,22.54313079859871,0.15678308696529086,0.18330689221988905,40.0,41.436441447943565,113.0,108.46670948010595,1278.305833078988,31.23841233027052,35.487636149367226,0.9667188242359886,427.12420654296875,396.79241943359375,27.31320474927129,51.560597921139426,-0.11389945451263968,8.850000381469727,65.0
