t0,t1,t_mean,t0_data,t1_data,cps_bgsub,cps_bgsub_err,flux_bgsub,flux_bgsub_err,mag_bgsub,mag_bgsub_err_1,mag_bgsub_err_2,cps_mcatbgsub,cps_mcatbgsub_err,flux_mcatbgsub,flux_mcatbgsub_err,mag_mcatbgsub,mag_mcatbgsub_err_1,mag_mcatbgsub_err_2,cps,cps_err,flux,flux_err,mag,mag_err_1,mag_err_2,counts,flat_counts,bg_counts,bg_flat_counts,exptime,bg,mcat_bg,responses,detxs,detys,detrad,racent,deccent,q_mean,flags
753889977.995,753890107.995,753890027.1937221,753889979.772,753890096.661,-0.04890249842511081,0.05927437266513406,-1.0073914675572827e-17,1.2210520769017615e-17,,,,-0.03903763767089995,0.058511965694272514,-8.041753360205389e-18,1.2053464933020138e-17,,,,0.1685291128202685,0.03916813358600324,3.471699724097531e-17,8.068635518716667e-18,22.01331266361263,0.22688951064984053,0.2871791003252504,18.0,18.51331175309506,85.0,82.9352916595441,109.85230648451214,23.885363997948705,22.801686290950098,0.9724603966058076,345.3797607421875,661.0023803710938,266.6563576889885,53.642483868412405,0.056028664879403216,9.94444465637207,0.0
849774426.995,849774533.995,849774488.1383334,849774432.06,849774533.735,0.07559295248563347,0.06521070917510705,1.5572148212040494e-17,1.3433406090072052e-17,22.883796729476813,0.6753316019035651,2.155475264362405,,,,,,,,0.2318502125770756,0.05040187234607601,4.776114379087757e-17,1.0382785703291657e-17,21.666981253938356,0.21357415051302908,0.26613624626904553,18.0,21.160292014428272,58.0,49.517860885227385,91.26708049661075,14.26114393494549,,0.8511389276588138,265.2757568359375,164.39532470703125,271.4040985616,53.642478748492216,0.056415310332404225,9.61111068725586,0.0
912537424.995,912539115.995,912538223.6638538,912537426.445,912539105.96,0.0476248731262602,0.01563249602038111,9.810723864009602e-18,3.2202941801985085e-18,23.385415420712775,0.3081932351862413,0.43196830342739645,-0.0004798335080683847,0.016663551728915014,-9.884570266208724e-20,3.4326916561564927e-18,,,,0.2003278843565468,0.011775861030667596,4.126754417744864e-17,2.4258273723175245e-18,21.825646488731586,0.06201733242561147,0.06577551846563168,253.0,289.39929270407515,878.0,765.9689663581019,1444.6281087309724,220.59906231113337,290.09247367734173,0.8745109275067869,188.04965209960938,228.87734985351562,272.40761987920365,53.64245716557412,0.05627790589587552,8.612648010253906,0.0
