t0,t1,t_mean,t0_data,t1_data,cps_bgsub,cps_bgsub_err,flux_bgsub,flux_bgsub_err,mag_bgsub,mag_bgsub_err_1,mag_bgsub_err_2,cps_mcatbgsub,cps_mcatbgsub_err,flux_mcatbgsub,flux_mcatbgsub_err,mag_mcatbgsub,mag_mcatbgsub_err_1,mag_mcatbgsub_err_2,cps,cps_err,flux,flux_err,mag,mag_err_1,mag_err_2,counts,flat_counts,bg_counts,bg_flat_counts,exptime,bg,mcat_bg,responses,detxs,detys,detrad,racent,deccent,q_mean,flags
753712552.995,753712666.995,753712560.261,753712560.261,753712560.261,-0.007591353034788905,0.015601515177021812,-1.0627894248704467e-17,2.1842121247830538e-17,,,,-0.02742714688594581,0.020574855797768535,-3.8398005640324135e-17,2.880479811687595e-17,,,,0.009622081117398356,0.009342138800676419,1.34709135643577e-17,1.3078994320946988e-17,23.861827465421612,0.736664922823099,3.840501153635067,1.0,1.0608290318458382,7.0,6.589484148062542,110.2494376115453,1.8977714346420127,4.0846565513106095,0.9426589676377956,405.0023193359375,226.9286651611328,173.14361132206403,52.1992947612914,0.389553947296331,9.0,0.0
882815355.995,882817031.995,882816233.5145456,882815366.565,882817007.18,0.004702596536067602,0.006532972405143178,6.583635150494643e-18,9.14616136720045e-18,24.63915570095319,0.9456433732087284,,-0.0004297857201651849,0.006770759891673582,-6.017000082312589e-19,9.479063848343015e-18,,,,0.036972979477993634,0.004773797296841361,5.1762171269191087e-17,6.6833162155779056e-18,22.400288875682957,0.13184624990617877,0.15009902106529438,55.0,59.98476351498849,196.0,181.78922266711066,1622.394634186609,52.355296128127875,60.68204556123451,0.9179929002095687,351.175537109375,234.60902404785156,172.4471023327506,52.199407819218514,0.3910724929071492,8.4909086227417,65.0
912295094.995,912296592.995,912295834.1534784,912295119.165,912296559.485,0.009612130723745059,0.006509897680383037,1.3456983013243083e-17,9.113856752536252e-18,23.8629508286968,0.5615000336133527,1.2278631227763945,-0.00012873354548479992,0.007002638602630515,-1.802269636787199e-19,9.803694043682722e-18,,,,0.035805967027603997,0.004947168587738091,5.0128353838645595e-17,6.926036022833328e-18,22.43511148148956,0.14051405577772513,0.16144098907070514,46.0,52.38384758628785,152.0,133.0603336371608,1462.9921193275807,38.321376087502315,52.57218374882521,0.8791221224810649,463.764892578125,243.47732543945312,169.0127485637894,52.19951639149837,0.391043000120811,10.913043022155762,0.0
