t0,t1,t_mean,t0_data,t1_data,cps_bgsub,cps_bgsub_err,flux_bgsub,flux_bgsub_err,mag_bgsub,mag_bgsub_err_1,mag_bgsub_err_2,cps_mcatbgsub,cps_mcatbgsub_err,flux_mcatbgsub,flux_mcatbgsub_err,mag_mcatbgsub,mag_mcatbgsub_err_1,mag_mcatbgsub_err_2,cps,cps_err,flux,flux_err,mag,mag_err_1,mag_err_2,counts,flat_counts,bg_counts,bg_flat_counts,exptime,bg,mcat_bg,responses,detxs,detys,detrad,racent,deccent,q_mean,flags
753630144.995,753630263.995,753630213.21575,753630148.139,753630262.729,0.06071695241145111,0.05118042302881585,1.2507692196758928e-17,1.0543167143936065e-17,23.121725088174475,0.6637748387854145,2.0097990338196077,,,,,,,,0.1683549867600658,0.03997309847383117,3.4681127272573556e-17,8.234458285609221e-18,22.014435037656554,0.2313045932255804,0.2943055644631194,16.0,17.73847756203256,44.0,39.37890435038751,105.36354107118238,11.341124452911606,,0.9022101659086101,544.5283813476562,130.09381103515625,306.1663009811816,36.01224293987794,-0.048553393955484164,10.5625,97.0
908857693.995,908859021.995,908858342.8103281,908857716.335,908859010.5,0.06479355917202251,0.015813071005530397,1.3347473189436636e-17,3.257492627139262e-18,23.051170407972975,0.23709732176298814,0.3037718189570171,0.03310472415305698,0.016640125132073663,6.819573175529738e-18,3.4278657772071746e-18,23.78027506637588,0.4421453648666578,0.7583470377132073,0.180007300377867,0.01234774426873935,3.70815038778406e-17,2.543635319360306e-18,21.94177470322047,0.07203365439807641,0.07715451678457086,183.0,212.52253361237842,547.0,472.30947440564336,1180.6328585910474,136.0251286288253,173.43800850268667,0.8613471020227947,211.6199188232422,148.14356994628906,314.51345971764334,36.01202982833495,-0.048400196903716476,7.923497200012207,32.0
908905720.995,908905974.995,908905833.0118572,908905724.325,908905966.965,0.10395655191403938,0.03994411855787973,2.1415049694292113e-17,8.228488422923224e-18,22.537870334603692,0.3530273781939286,0.5264688236579609,0.05931151077235192,0.04281736816956839,1.2218171219104496e-17,8.820377842931088e-18,23.14715253388313,0.5900239457044449,1.3895231036001547,0.2017560167749286,0.032781396747192416,4.156173945563529e-17,6.752967729921637e-18,21.81793376216917,0.16346409077937452,0.19251254152806396,35.0,37.8789631117053,69.0,63.75519490604015,187.74638653756554,18.361496132939568,26.743441284112336,0.9240983933474403,724.2898559570312,461.8935852050781,330.14349390253074,36.01204270597922,-0.04851361794804029,7.114285945892334,32.0
