t0,t1,t_mean,t0_data,t1_data,cps_bgsub,cps_bgsub_err,flux_bgsub,flux_bgsub_err,mag_bgsub,mag_bgsub_err_1,mag_bgsub_err_2,cps_mcatbgsub,cps_mcatbgsub_err,flux_mcatbgsub,flux_mcatbgsub_err,mag_mcatbgsub,mag_mcatbgsub_err_1,mag_mcatbgsub_err_2,cps,cps_err,flux,flux_err,mag,mag_err_1,mag_err_2,counts,flat_counts,bg_counts,bg_flat_counts,exptime,bg,mcat_bg,responses,detxs,detys,detrad,racent,deccent,q_mean,flags
750249522.995,750251165.995,750250312.442,750249607.875,750251098.19,-0.0029063560294633633,0.0031607291563116096,-4.068898441248709e-18,4.425020818836254e-18,,,,-0.004309849306551697,0.0032949728883729396,-6.033789029172377e-18,4.612962043722116e-18,,,,0.00663624248210788,0.002024299195098602,9.290739474951033e-18,2.834018873138043e-18,24.265194384106593,0.2890570240993746,0.39509572053491127,10.0,10.747193984400898,58.0,53.65954746669067,1619.4697546656328,15.453949670406914,17.726864583528023,0.9310898796532472,375.0384826660156,331.8768615722656,72.55232137470904,33.76489877662201,-1.1008452855778461,6.900000095367432,0.0
753463428.995,753463538.995,753463509.718,753463509.718,753463509.718,-0.0010399906067804342,0.014064019766995908,-1.455986849492608e-18,1.968962767379427e-17,,,,-0.004843252048580921,0.015292205912727017,-6.780552868013289e-18,2.1409088277817824e-17,,,,0.0099123201116556,0.009693749105991377,1.387724815631784e-17,1.3571248748387928e-17,23.8295617028994,0.7405380317651478,4.141456920852217,1.0,1.045603642434964,4.0,4.011483748983196,105.48525780613863,1.1553073197071606,1.5564953333996314,0.9563853447098138,453.99322509765625,503.4840087890625,116.72278454312568,33.7662292161844,-1.09951681485917,18.0,0.0
907964406.995,907966070.995,907965287.147,907964473.62,907965934.785,-0.004251538679550221,0.002645724055790917,-5.95215415137031e-18,3.704013678107284e-18,,,,-0.007598070067092563,0.003004846872645323,-1.0637298093929588e-17,4.206785621703452e-18,,,,0.0036461289503582415,0.0014869152836618628,5.104580530501538e-18,2.081681397126608e-18,24.915419939971457,0.37135745699783484,0.5688410089917326,5.0,6.013005443952215,53.0,45.22368401197994,1649.1477744805,13.024420995450225,18.543345785444817,0.8319828913592742,514.3331298828125,366.26617431640625,119.20585381620805,33.76521152075092,-1.100537256670818,12.399999618530273,0.0
