t0,t1,t_mean,t0_data,t1_data,cps_bgsub,cps_bgsub_err,flux_bgsub,flux_bgsub_err,mag_bgsub,mag_bgsub_err_1,mag_bgsub_err_2,cps_mcatbgsub,cps_mcatbgsub_err,flux_mcatbgsub,flux_mcatbgsub_err,mag_mcatbgsub,mag_mcatbgsub_err_1,mag_mcatbgsub_err_2,cps,cps_err,flux,flux_err,mag,mag_err_1,mag_err_2,counts,flat_counts,bg_counts,bg_flat_counts,exptime,bg,mcat_bg,responses,detxs,detys,detrad,racent,deccent,q_mean,flags
753707674.995,753707752.995,753707721.8499999,753707692.168,753707751.532,0.02363016706828987,0.022217046554346066,3.308223389560582e-17,3.110386517608449e-17,22.886333019598734,0.7196153856942438,3.058218977922561,,,,,,,,0.030509120260263856,0.020069410857547897,4.2712768364369404e-17,2.809717520056706e-17,22.60892578797538,0.5488413194222019,1.164353187234827,2.0,2.310947726694465,2.0,1.8092155159736723,75.74612794405364,0.5210540686004177,,0.8671573654615572,304.5449523925781,285.0086669921875,149.4478931957517,42.47503146065645,-1.2199147073778351,5.5,0.0
876745480.995,876745582.995,0.5271159641572454,0.5271159641572454,0.5271159641572454,-0.008263371739191517,0.014825982605642433,-1.1568720434868125e-17,2.0756375647899408e-17,,,,,,,,,,,0.005820875259531404,0.008017430572684791,8.149225363343966e-18,1.1224402801758708e-17,24.40752926869969,0.9402365798475252,,0.5271159641572454,0.5271159641572454,5.0,4.428524196408988,90.55613471429719,1.2754149685657887,,0.5271159641572454,0.5271159641572454,0.5271159641572454,564.9399704037835,159578.58507991387,159578.58507991387,0.5271159641572454,0.0
