t0,t1,t_mean,t0_data,t1_data,cps_bgsub,cps_bgsub_err,flux_bgsub,flux_bgsub_err,mag_bgsub,mag_bgsub_err_1,mag_bgsub_err_2,cps_mcatbgsub,cps_mcatbgsub_err,flux_mcatbgsub,flux_mcatbgsub_err,mag_mcatbgsub,mag_mcatbgsub_err_1,mag_mcatbgsub_err_2,cps,cps_err,flux,flux_err,mag,mag_err_1,mag_err_2,counts,flat_counts,bg_counts,bg_flat_counts,exptime,bg,mcat_bg,responses,detxs,detys,detrad,racent,deccent,q_mean,flags
780823161.995,780823267.995,780823215.7894374,780823166.67,780823266.491,0.08190659332385208,0.0560567479804725,1.6872758224713528e-17,1.1547690083977335e-17,22.7967028423965,0.5661121021636291,1.252152284842694,,,,,,,,0.18895000257854097,0.0447878616668751,3.892370053117944e-17,9.22629950337627e-18,21.889132744550714,0.23095542305841477,0.2937391972771408,16.0,17.79807973350791,39.0,35.01012736435009,94.19465197471894,10.082916680932827,,0.8992545467382314,567.813232421875,433.87493896484375,171.19810882644157,26.37708334760555,-1.1266990360648017,14.875,0.0
781988806.995,781988916.995,781988857.6683333,781988818.592,781988914.001,0.07889636859693766,0.053804893008531966,1.6252651930969157e-17,1.1083807959757585e-17,22.83735746455585,0.5645450939793619,1.243827029919835,,,,,,,,0.1809242629837855,0.04302428615912915,3.727039817465981e-17,8.863002948780605e-18,21.93625796961959,0.23162860262106477,0.29483154740859874,15.0,17.683420628795812,41.0,34.62548788521631,97.73935423122661,9.972140510942298,,0.8483150617799999,392.6019592285156,218.9152374267578,181.23581942724246,26.377299462711303,-1.1270433545413845,12.066666603088379,0.0
908479111.995,908480771.995,908479938.79725,908479120.68,908480759.205,0.06332670778946528,0.012786385834730764,1.3045301804629847e-17,2.6339954819545374e-18,23.076032723403735,0.19968115900918448,0.24487226619809377,0.02167821285621522,0.0138322240473853,4.465711848380335e-18,2.8494381537613714e-18,24.23994130933272,0.5358313485530779,1.103439479828296,0.15396014148950998,0.010144471667329086,3.1715789146839055e-17,2.0897611634697917e-18,22.111479246150598,0.06928122042256746,0.07400523298560913,200.0,230.3338336545356,541.0,470.8096767647057,1496.0614573755072,135.59318690823528,197.9018949355698,0.8685558880675984,561.4766235351562,440.572265625,166.49567167425144,26.376872099464208,-1.1270258451480373,12.670000076293945,0.0
