t0,t1,t_mean,t0_data,t1_data,cps_bgsub,cps_bgsub_err,flux_bgsub,flux_bgsub_err,mag_bgsub,mag_bgsub_err_1,mag_bgsub_err_2,cps_mcatbgsub,cps_mcatbgsub_err,flux_mcatbgsub,flux_mcatbgsub_err,mag_mcatbgsub,mag_mcatbgsub_err_1,mag_mcatbgsub_err_2,cps,cps_err,flux,flux_err,mag,mag_err_1,mag_err_2,counts,flat_counts,bg_counts,bg_flat_counts,exptime,bg,mcat_bg,responses,detxs,detys,detrad,racent,deccent,q_mean,flags
753712996.995,753713112.995,753713051.6876818,753713000.552,753713110.015,0.08408531975308148,0.06054982013321909,1.7321575869134784e-17,1.2473262947443132e-17,22.768199549944665,0.5888840998493627,1.3824918948141836,,,,,,,,0.226057677529047,0.0474548774767419,4.6567881570983685e-17,9.775704760208832e-18,21.694451846415202,0.2068950126188831,0.25582749539870875,22.0,22.692210836386888,51.0,49.48446231003609,100.38239392896125,14.251525145290396,,0.9696085242206287,178.37171936035156,432.3076477050781,223.97070986966622,50.90946269463102,0.2099690585964047,11.636363983154297,0.0
913276818.995,913278488.995,913277667.7242537,913276844.935,913278488.78,0.0282430562746724,0.015567257987457856,5.818069592582514e-18,3.2068551454163184e-18,23.95272077158194,0.47666169280742565,0.8698409295456138,0.011739712218267277,0.015926142298423804,2.418380716963059e-18,3.2807853134753035e-18,24.905856372616746,0.9307165947008613,,0.19104773938018124,0.01143857667796291,3.935583431231733e-17,2.3563467956603595e-18,21.87714524210618,0.06313443985645506,0.06703353717822225,268.0,278.95864876653997,859.0,825.414954734912,1460.15152899254,237.7195069636547,261.8168900211046,0.9609309172786243,186.24127197265625,533.17138671875,251.84799393376707,50.90962175767087,0.21025902092944143,9.514925003051758,65.0
913288643.995,913290346.995,913289467.8659712,913288654.84,913290342.735,0.07163829984606027,0.014706021569679097,1.4757489768288414e-17,3.0294404433538938e-18,22.942136823955753,0.20272127573518262,0.24946676740844964,,,,,,,,0.1975424792200372,0.011492754087938145,4.0693750719327665e-17,2.367507342115258e-18,21.840848750003314,0.0613974837211444,0.06507866815683272,242.0,295.4423653753545,798.0,653.8226035356765,1495.5890325051012,188.30090981827487,,0.8194209485328448,490.98199462890625,176.21388244628906,241.57390123193701,50.90959499311186,0.21026363092794906,10.801652908325195,0.0
