t0,t1,t_mean,t0_data,t1_data,cps_bgsub,cps_bgsub_err,flux_bgsub,flux_bgsub_err,mag_bgsub,mag_bgsub_err_1,mag_bgsub_err_2,cps_mcatbgsub,cps_mcatbgsub_err,flux_mcatbgsub,flux_mcatbgsub_err,mag_mcatbgsub,mag_mcatbgsub_err_1,mag_mcatbgsub_err_2,cps,cps_err,flux,flux_err,mag,mag_err_1,mag_err_2,counts,flat_counts,bg_counts,bg_flat_counts,exptime,bg,mcat_bg,responses,detxs,detys,detrad,racent,deccent,q_mean,flags
754203156.995,754203266.995,754203190.0160002,754203161.539,754203245.378,-0.012554124705928541,0.02778115284927039,-1.757577458829996e-17,3.889361398897855e-17,,,,-0.010518664094771283,0.02740532045565862,-1.4726129732679797e-17,3.836744863792207e-17,,,,0.03159390368556979,0.017942531578364233,4.4231465159797706e-17,2.5119544209709926e-17,22.570991775347874,0.4883036521419122,0.9110674627596573,3.0,3.100552869793977,16.0,15.04370043621279,98.13769455814744,4.332585725629285,4.1328303138863935,0.9684001239586157,270.4942321777344,249.7412109375,198.36695185883016,56.235750755222604,0.40334442684127464,6.666666507720947,0.0
912632060.995,912633761.995,912632907.3157535,912632121.9,912633742.91,0.010044468677044928,0.006986328098354309,1.40622561478629e-17,9.780859337696032e-18,23.815182578033582,0.573269994631886,1.29117380826656,,,,,,,,0.045194111766122494,0.005239789531609417,6.327175647257149e-17,7.335705344253184e-18,22.18229536175813,0.11910177216905282,0.13379521847467757,73.0,74.39367700805747,205.0,200.90123260118298,1646.0922474379277,57.85955498914071,,0.9826836132757377,199.3078155517578,407.56024169921875,200.83453426429895,56.23556243259036,0.4025961431333442,8.958904266357422,0.0
