t0,t1,t_mean,t0_data,t1_data,cps_bgsub,cps_bgsub_err,flux_bgsub,flux_bgsub_err,mag_bgsub,mag_bgsub_err_1,mag_bgsub_err_2,cps_mcatbgsub,cps_mcatbgsub_err,flux_mcatbgsub,flux_mcatbgsub_err,mag_mcatbgsub,mag_mcatbgsub_err_1,mag_mcatbgsub_err_2,cps,cps_err,flux,flux_err,mag,mag_err_1,mag_err_2,counts,flat_counts,bg_counts,bg_flat_counts,exptime,bg,mcat_bg,responses,detxs,detys,detrad,racent,deccent,q_mean,flags
753629849.995,753629969.995,753629923.423,753629910.59,753629947.227,0.020750489159519582,0.019301616618538898,2.905068482332742e-17,2.7022263265954457e-17,23.027429152587416,0.7139925387659858,2.8899953930229465,,,,,,,,0.032322278566531,0.016563104946892695,4.5251189993143403e-17,2.3188346925649775e-17,22.546245077819876,0.44919264442444984,0.7799213216948679,3.0,3.808205978238534,6.0,4.733980833150287,117.8198489441226,1.363386479947283,,0.7895526586419267,523.6565551757812,224.02577209472656,215.07643414562682,34.435434959508704,-0.7129575272895573,12.666666984558105,0.0
908887268.995,908888965.995,908888089.6573257,908887279.255,908888951.08,0.015624335776905985,0.004970281293399747,2.187407008766838e-17,6.958393810759647e-18,23.335496090888693,0.2998803939772401,0.4157166256555058,0.016599122342464415,0.004910700876972501,2.3238771279450183e-17,6.874981227761502e-18,23.269787185306676,0.2813792880839614,0.3808231567879403,0.028264264059582572,0.004131577449429075,3.9569969683415605e-17,5.7842084292007045e-18,22.69190579536843,0.14812895934186443,0.1715800218016419,43.0,46.799753654809,78.0,72.67047639555304,1655.7924011802547,20.92909720191928,19.31505301389503,0.9200478816324437,457.43359375,606.3856811523438,214.22807256696527,34.4349390697464,-0.7126768109161769,16.88372039794922,0.0
