t0,t1,t_mean,t0_data,t1_data,cps_bgsub,cps_bgsub_err,flux_bgsub,flux_bgsub_err,mag_bgsub,mag_bgsub_err_1,mag_bgsub_err_2,cps_mcatbgsub,cps_mcatbgsub_err,flux_mcatbgsub,flux_mcatbgsub_err,mag_mcatbgsub,mag_mcatbgsub_err_1,mag_mcatbgsub_err_2,cps,cps_err,flux,flux_err,mag,mag_err_1,mag_err_2,counts,flat_counts,bg_counts,bg_flat_counts,exptime,bg,mcat_bg,responses,detxs,detys,detrad,racent,deccent,q_mean,flags
780823582.995,780823688.995,780823637.2702,780823600.465,780823684.508,0.02736381732728204,0.02460350082394615,3.830934425819486e-17,3.4444901153524614e-17,22.727058293646987,0.6963840561594132,2.4905445013969327,0.03500823712762314,0.023063506036511028,4.90115319786724e-17,3.228890845111544e-17,22.459574394968428,0.5494865515448559,1.1674846624624386,0.0452008204096289,0.020833846542900346,6.328114857348047e-17,2.9167385160060485e-17,22.182134206326566,0.4115641858450978,0.6708617998648023,5.0,4.7071031248102475,6.0,6.449659617261492,104.13755949897575,1.8575019697713102,1.0614307479781409,1.064086680707701,303.60699462890625,572.1979370117188,197.34168590433083,27.42638299608986,-0.16307231173602138,13.600000381469727,0.0
781989241.995,781989355.995,781989269.473,781989269.473,781989269.473,0.006721387113240675,0.012692905946443884,9.409941958536946e-18,1.777006832502144e-17,24.25135272753629,1.1516566801203147,,,,,,,,,0.012390316515748756,0.010513624366318695,1.734644312204826e-17,1.4719074112846174e-17,23.587293998126153,0.6670695332428522,2.0492234087181878,1.0,1.3888645367004244,3.0,2.2064091448042635,112.09274072499304,0.6354458337036281,,0.7200126243958508,593.8900146484375,443.5051574707031,198.71093705914123,27.4279542936826,-0.162323267732585,16.0,8.0
908437725.995,908439356.995,908438505.9880557,908437734.555,908439313.05,0.004576940579962253,0.0034300320608820845,6.4077168119471554e-18,4.8020448852349185e-18,24.668561814388394,0.6072326757928757,1.5026162390343742,,,,,,,,0.011776661065998261,0.002702107143200997,1.6487325492397568e-17,3.782950000481396e-18,23.64244455955933,0.22427359841397632,0.28299222631606114,18.0,18.99499664790175,42.0,40.32182621499871,1612.9356649945855,11.61268594991963,,0.9487985909984553,170.2774200439453,274.5003356933594,261.7682744007482,27.427068730531506,-0.16336821854513212,7.44444465637207,0.0
