t0,t1,t_mean,t0_data,t1_data,cps_bgsub,cps_bgsub_err,flux_bgsub,flux_bgsub_err,mag_bgsub,mag_bgsub_err_1,mag_bgsub_err_2,cps_mcatbgsub,cps_mcatbgsub_err,flux_mcatbgsub,flux_mcatbgsub_err,mag_mcatbgsub,mag_mcatbgsub_err_1,mag_mcatbgsub_err_2,cps,cps_err,flux,flux_err,mag,mag_err_1,mag_err_2,counts,flat_counts,bg_counts,bg_flat_counts,exptime,bg,mcat_bg,responses,detxs,detys,detrad,racent,deccent,q_mean,flags
777319394.995,777321080.995,777320259.6969318,777319420.9,777321075.67,0.024959504278670382,0.015224612881681882,5.141657881406099e-18,3.136270253626468e-18,24.086910111093417,0.5170461895368241,1.0222621117347934,-0.017830766876766563,0.016173664113967097,-3.673137976613912e-18,3.331774807477222e-18,,,,0.17890226916956695,0.011161771877803733,3.685386744893079e-17,2.299325006827569e-18,21.948460377178947,0.06571027413072272,0.06994480728550201,220.0,256.9007746185383,895.0,767.5671139659297,1435.983879975513,221.0593288221878,282.50546842117643,0.8565567855525211,541.4686889648438,318.85467529296875,163.08879078355213,335.6690405741013,-0.6364772750340708,14.227272987365723,0.0
1002458163.995,1002458256.995,1002458207.4105555,1002458168.385,1002458247.575,0.13541767591600803,0.07232136051982535,2.7896041238697656e-17,1.4898200267084023e-17,22.250811609958845,0.4646068921694848,0.829178393271075,,,,,,,,0.2725170114426709,0.05898950559875467,5.61385043571902e-17,1.215183815334346e-17,21.4915159559905,0.2127461323923221,0.2648494759721949,18.0,21.34212811610962,44.0,37.28094970762998,78.31484722046184,10.736913515797436,,0.8436079044195836,532.5020141601562,499.9677734375,165.98294937296896,335.66876890256873,-0.6368384427966994,12.94444465637207,0.0
