t0,t1,t_mean,t0_data,t1_data,cps_bgsub,cps_bgsub_err,flux_bgsub,flux_bgsub_err,mag_bgsub,mag_bgsub_err_1,mag_bgsub_err_2,cps_mcatbgsub,cps_mcatbgsub_err,flux_mcatbgsub,flux_mcatbgsub_err,mag_mcatbgsub,mag_mcatbgsub_err_1,mag_mcatbgsub_err_2,cps,cps_err,flux,flux_err,mag,mag_err_1,mag_err_2,counts,flat_counts,bg_counts,bg_flat_counts,exptime,bg,mcat_bg,responses,detxs,detys,detrad,racent,deccent,q_mean,flags
754203890.995,754204006.995,754203979.6830001,754203968.694,754203995.788,-0.005068367566972721,0.02333633786275107,-7.09571459376181e-18,3.26708730078515e-17,,,,-0.009858963012960766,0.024237357653794686,-1.3802548218145073e-17,3.3932300715312564e-17,,,,0.02789733938001271,0.015799278469061855,3.9056275132017794e-17,2.2118989856686597e-17,22.70609303551474,0.4872125943980343,0.9071175476113922,3.0,3.117820182414832,13.0,12.792581251459278,111.76048511094292,3.684263400420273,4.219662671434171,0.9623000935853924,204.5228729248047,335.3825988769531,205.88034325177523,55.485140199870536,1.1672861322137733,6.0,0.0
912490092.995,912491793.995,912490976.3192465,912490121.54,912491714.295,0.01954928670881589,0.006955231815413407,2.736900139234225e-17,9.73732454157877e-18,23.09217271000233,0.3304725083213249,0.477413335200108,0.011460198465784008,0.007302419881220048,1.604427785209761e-17,1.0223387833708068e-17,23.6720196531623,0.5352532646968413,1.1008269518469334,0.049300383118504584,0.005492647840716408,6.902053636590642e-17,7.689706977002971e-18,22.087874264402974,0.11468757628809456,0.1282487303497497,73.0,80.56326858373426,187.0,168.80965070523803,1634.1306798789428,48.617179403108565,61.83580667329502,0.9074507986107629,301.5948181152344,222.29293823242188,203.13389580234912,55.484973672271835,1.1678028723859413,8.109588623046875,0.0
