t0,t1,t_mean,t0_data,t1_data,cps_bgsub,cps_bgsub_err,flux_bgsub,flux_bgsub_err,mag_bgsub,mag_bgsub_err_1,mag_bgsub_err_2,cps_mcatbgsub,cps_mcatbgsub_err,flux_mcatbgsub,flux_mcatbgsub_err,mag_mcatbgsub,mag_mcatbgsub_err_1,mag_mcatbgsub_err_2,cps,cps_err,flux,flux_err,mag,mag_err_1,mag_err_2,counts,flat_counts,bg_counts,bg_flat_counts,exptime,bg,mcat_bg,responses,detxs,detys,detrad,racent,deccent,q_mean,flags
753629849.995,753629969.995,753629911.15115,753629860.406,753629969.37,0.13162877247418261,0.05388550123143442,2.711552712968162e-17,1.1100413253675491e-17,22.281622921923688,0.3725662479482601,0.5717200513083256,,,,,,,,0.2196370694944202,0.04553019998864233,4.5245236315850555e-17,9.379221197660319e-18,21.725735898735337,0.20453569014727435,0.2522243341606476,20.0,23.270845626504745,38.0,32.37707820495291,105.95135730080361,9.32459852302644,,0.859558852703967,524.1048583984375,225.2355499267578,214.34698245484816,34.43502264905798,-0.7128392984101019,14.350000381469727,0.0
908887268.995,908888965.995,908888152.3922101,908887287.76,908888964.85,0.09986675966430442,0.01432477267075533,2.057255249084671e-17,2.9509031701755977e-18,22.581447603173956,0.14553235514418716,0.16810406194247562,0.06823221629872574,0.015042839482227571,1.4055836557537502e-17,3.0988249333388794e-18,22.99502630466428,0.2163136353419688,0.270411440287301,0.2038457623815458,0.01165700020287573,4.1992227050598433e-17,2.4013420417924005e-18,21.806745780966647,0.06037788562476365,0.06393424491741584,276.0,305.79456845036503,599.0,541.6032222574348,1500.1271788912532,155.98172801014127,203.4375663046598,0.9028671958990884,456.8121643066406,606.55859375,214.22902386273964,34.435022713354314,-0.7129581837996203,11.931159019470215,0.0
