t0,t1,t_mean,t0_data,t1_data,cps_bgsub,cps_bgsub_err,flux_bgsub,flux_bgsub_err,mag_bgsub,mag_bgsub_err_1,mag_bgsub_err_2,cps_mcatbgsub,cps_mcatbgsub_err,flux_mcatbgsub,flux_mcatbgsub_err,mag_mcatbgsub,mag_mcatbgsub_err_1,mag_mcatbgsub_err_2,cps,cps_err,flux,flux_err,mag,mag_err_1,mag_err_2,counts,flat_counts,bg_counts,bg_flat_counts,exptime,bg,mcat_bg,responses,detxs,detys,detrad,racent,deccent,q_mean,flags
746284688.995,746284800.995,746284732.860125,746284697.88,746284797.771,0.057646182020215965,0.031702131233581045,8.070465482830235e-17,4.438298372701347e-17,21.918073628228537,0.47578952364878546,0.8668319072301145,,,,,,,,0.08351424285811358,0.02770098426650252,1.1691994000135903e-16,3.878137797310353e-17,21.51559862963839,0.3110092623996046,0.4375579227851283,8.0,9.089305381803348,11.0,9.775557460490962,108.83539227249669,2.8153605486213973,,0.8809779059934514,378.8263244628906,286.600830078125,115.35898870361626,327.21391387992287,0.6121536987170431,7.25,0.0
777289813.995,777291495.995,777290745.2725,777289904.485,777291488.29,0.0030214766323480957,0.004977424220292437,4.230067285287334e-18,6.968393908409413e-18,25.119451900429034,1.0570276846499418,,-0.002652792052304047,0.005311737746372502,-3.713908873225666e-18,7.436432844921504e-18,,,,0.021944826457239396,0.0036473555669810248,3.0722757040135156e-17,5.106297793773435e-18,22.966669623167515,0.16693791317646856,0.19735271457080472,32.0,36.19996038250285,122.0,108.3880679025672,1649.589731458588,31.215763555939358,40.57597891167856,0.8850546947497533,449.0130615234375,295.625,115.31010721051416,327.213638379533,0.612803938016242,9.34375,0.0
905527057.995,905528723.995,905527870.3358538,905527058.535,905528715.235,-0.003196268615471764,0.005589400313890292,-4.47477606166047e-18,7.825160439446409e-18,,,,-0.0011736530732082558,0.005477529867314971,-1.6431143024915582e-18,7.66854181424096e-18,,,,0.023921311135637006,0.003826547341672639,3.348983558989181e-17,5.357166278341695e-18,22.873037550487613,0.16111122747884465,0.1892551855187996,41.0,39.08011005789933,146.0,153.8258192036707,1633.6943170175718,44.30183593065718,40.99750041374987,1.0503310749842656,337.9286193847656,500.9894714355469,118.5399917003221,327.2139451429178,0.6125408398868435,12.560976028442383,0.0
