t0,t1,t_mean,t0_data,t1_data,cps_bgsub,cps_bgsub_err,flux_bgsub,flux_bgsub_err,mag_bgsub,mag_bgsub_err_1,mag_bgsub_err_2,cps_mcatbgsub,cps_mcatbgsub_err,flux_mcatbgsub,flux_mcatbgsub_err,mag_mcatbgsub,mag_mcatbgsub_err_1,mag_mcatbgsub_err_2,cps,cps_err,flux,flux_err,mag,mag_err_1,mag_err_2,counts,flat_counts,bg_counts,bg_flat_counts,exptime,bg,mcat_bg,responses,detxs,detys,detrad,racent,deccent,q_mean,flags
849774280.995,849774389.995,849774340.245,849774335.78,849774344.71,-0.004557276442903731,0.021072593691921843,-6.380187020065224e-18,2.9501631168690585e-17,,,,-0.014750903538536645,0.02334184639601141,-2.0651264953951305e-17,3.267858495441598e-17,,,,0.020177117753747968,0.01412435809778428,2.8247964855247154e-17,1.9774101336897993e-17,23.057852178627673,0.5761341945062846,1.3072642483376313,2.0,2.0407077674589273,9.0,8.686213087829628,101.13970649152103,2.5016293692949336,3.5326098218312625,0.9809422715270515,178.7369384765625,253.73684692382812,265.23621989183187,52.41168101115995,0.08262302059014326,6.0,0.0
882643838.995,882645508.995,882644802.6377274,882643867.015,882645490.55,0.01836031875186888,0.00621675176500356,2.5704446252616434e-17,8.703452471004984e-18,23.16029945830316,0.31662474721606415,0.4488348596150509,-0.0014866795620364238,0.007406512979643182,-2.0813513868509934e-18,1.0369118171500455e-17,,,,0.03284212865633276,0.005178914419351203,4.5978980118865865e-17,7.250480187091684e-18,22.528921754814878,0.15898182281648943,0.1863216448440852,33.0,40.21472722760838,74.0,61.57213087963023,1224.486014546259,17.73277369333351,42.03514555943374,0.8223933086383295,544.82080078125,599.3587646484375,246.40816013491434,52.41154790355849,0.08194707893564997,18.696969985961914,0.0
913679056.995,913680694.995,913679855.355,913679075.915,913680684.755,0.005713940158475529,0.007789441400991595,7.999516221865741e-18,1.0905217961388234e-17,24.427660780630458,0.9337671294080927,,0.0029900876131142558,0.007939414832993912,4.186122658359958e-18,1.1115180766191477e-17,25.13079021536401,1.4072911943855395,,0.037888149074594514,0.005728166517835186,5.304340870443232e-17,8.019433124969261e-18,22.373741526290257,0.15286396771318778,0.17796896241059557,43.0,43.7497433962816,131.0,128.99934654508763,1154.7078562784034,37.15181180498524,40.29706573845783,0.9844742815618845,193.61026000976562,548.33203125,254.1635620382818,52.411583871935406,0.08193604156138579,11.093023300170898,65.0
