t0,t1,t_mean,t0_data,t1_data,cps_bgsub,cps_bgsub_err,flux_bgsub,flux_bgsub_err,mag_bgsub,mag_bgsub_err_1,mag_bgsub_err_2,cps_mcatbgsub,cps_mcatbgsub_err,flux_mcatbgsub,flux_mcatbgsub_err,mag_mcatbgsub,mag_mcatbgsub_err_1,mag_mcatbgsub_err_2,cps,cps_err,flux,flux_err,mag,mag_err_1,mag_err_2,counts,flat_counts,bg_counts,bg_flat_counts,exptime,bg,mcat_bg,responses,detxs,detys,detrad,racent,deccent,q_mean,flags
780823161.995,780823267.995,780823196.0785,780823162.823,780823229.334,0.016946736003484324,0.014491660145348596,2.3725430404878055e-17,2.0288324203488036e-17,23.247284839843683,0.6709357951038157,2.0975528708817848,,,,,,,,0.01951371976838102,0.013623281139294813,2.7319207675733432e-17,1.9072593595012738e-17,23.094149840237627,0.5749328394179507,1.300481070885013,2.0,2.0517133749468246,1.0,0.9371460087198007,105.14209485939787,0.2698980505113026,,0.9750803665789503,486.27496337890625,499.5455017089844,131.7295571104869,26.53873223500435,-1.05577927326978,18.0,0.0
781988806.995,781988916.995,781988858.273,781988848.917,781988867.629,0.010018639460378868,0.017383751712415314,1.4026095244530417e-17,2.433725239738144e-17,23.81797813004636,1.0924492841629423,,,,,,,,,0.021498151525717896,0.014035701665650687,3.0097412136005054e-17,1.9649982331910963e-17,22.98899720098918,0.5456029602849277,1.1487992336653434,2.0,2.346032272828339,5.0,4.349745060476182,109.12716239914013,1.2527265774171408,,0.8527257116951716,477.8203125,284.21160888671875,139.5096862379091,26.539992972084647,-1.05707734673594,10.0,0.0
908479111.995,908480771.995,908479933.7836362,908479155.045,908480681.6,0.004521528003121922,0.003770333995064984,6.330139204370692e-18,5.278467593090978e-18,24.681786937759902,0.6584171015108389,1.9488327744989355,0.003478201547587583,0.0038534661148680247,4.869482166622617e-18,5.3948525608152345e-18,24.966613140027455,0.8096200664754782,,0.013961401277792065,0.0029122226331543353,1.9545961788908893e-17,4.07711168641607e-18,23.457677475651888,0.20569838833532117,0.25399753593769603,22.0,22.98311414100953,57.0,53.95771384051856,1646.1896398299218,15.539821586069348,17.25733478813045,0.9578199275047719,477.9946594238281,503.5469665527344,129.6346449870251,26.53921542167758,-1.0563079031103584,15.818181991577148,0.0
