t0,t1,t_mean,t0_data,t1_data,cps_bgsub,cps_bgsub_err,flux_bgsub,flux_bgsub_err,mag_bgsub,mag_bgsub_err_1,mag_bgsub_err_2,cps_mcatbgsub,cps_mcatbgsub_err,flux_mcatbgsub,flux_mcatbgsub_err,mag_mcatbgsub,mag_mcatbgsub_err_1,mag_mcatbgsub_err_2,cps,cps_err,flux,flux_err,mag,mag_err_1,mag_err_2,counts,flat_counts,bg_counts,bg_flat_counts,exptime,bg,mcat_bg,responses,detxs,detys,detrad,racent,deccent,q_mean,flags
780823582.995,780823688.995,780823631.8060666,780823590.145,780823685.205,0.03135461144551327,0.05675568318940826,6.4590499577757335e-18,1.1691670737018102e-17,23.83924644186319,1.121813075604539,,0.03575330437696728,0.056343180892786955,7.36518070165526e-18,1.1606695263914113e-17,23.696709534561787,1.0273171752798156,,0.16753183412167774,0.04215306477349142,3.451155782906561e-17,8.683531343339232e-18,22.019756642168442,0.24367452850524174,0.31468335103534173,15.0,15.79560899170549,47.0,44.58112423508035,94.2842240969749,12.839363779703143,12.424636429620154,0.9497554928231772,302.6102294921875,572.3203735351562,197.93705700262436,27.42769639264344,-0.1633330181134008,13.333333015441895,0.0
781989241.995,781989355.995,781989314.1505386,781989270.333,781989354.229,0.03394831624762004,0.049262508669535736,6.993353147009729e-18,1.0148076785924361e-17,23.75295440194921,0.9734039705601667,,,,,,,,,0.1401214883537781,0.037157064541142884,2.886502660087829e-17,7.654355295475434e-18,22.213738145763823,0.25537864067714366,0.33454387040484335,13.0,14.220887138934483,41.0,37.41487108207096,101.48969516388273,10.775482871636438,,0.9143639847696533,592.0095825195312,441.7120361328125,196.4881007533783,27.427198625355228,-0.16359577655376922,14.692307472229004,0.0
908437725.995,908439356.995,908438538.8272581,908437731.27,908439326.24,0.02474828654986511,0.012070244859311475,5.098147029272212e-18,2.486470441018164e-18,24.09613716028041,0.4313033145073888,0.7262324007819245,,,,,,,,0.11924915359040225,0.009015517283541205,2.4565325639622863e-17,1.857196560409488e-18,22.388861737057614,0.07912936479601385,0.0853529283428962,155.0,174.95618887395244,543.0,481.41244161030943,1467.1482656798812,138.64678318376912,,0.8861938675506648,169.43487548828125,273.0284118652344,263.21485678921874,27.42721848835524,-0.16338216601793348,8.612903594970703,0.0
