t0,t1,t_mean,t0_data,t1_data,cps_bgsub,cps_bgsub_err,flux_bgsub,flux_bgsub_err,mag_bgsub,mag_bgsub_err_1,mag_bgsub_err_2,cps_mcatbgsub,cps_mcatbgsub_err,flux_mcatbgsub,flux_mcatbgsub_err,mag_mcatbgsub,mag_mcatbgsub_err_1,mag_mcatbgsub_err_2,cps,cps_err,flux,flux_err,mag,mag_err_1,mag_err_2,counts,flat_counts,bg_counts,bg_flat_counts,exptime,bg,mcat_bg,responses,detxs,detys,detrad,racent,deccent,q_mean,flags
846412385.995,846414071.995,846413342.3598571,846412499.125,846414006.565,0.016406415887837218,0.004367088309300747,2.2968982242972106e-17,6.1139236330210465e-18,23.282465709180784,0.25624011435046157,0.3360287124445591,0.010978710263399749,0.004726709193443781,1.537019436875965e-17,6.617392870821294e-18,23.718621690331393,0.3887455401555826,0.6113307004898196,0.024029532008224476,0.0038050433199742573,3.3641344811514266e-17,5.3270606479639606e-18,22.868136718248767,0.15959821741751767,0.187169405073643,35.0,39.881493568819046,50.0,43.93050029391514,1659.6866537046578,12.651984084647562,21.660274669764135,0.8786665704172058,494.9683532714844,579.0506591796875,202.6773955718251,25.41091697729429,0.5610149309759012,18.285715103149414,0.0
874699265.995,874699371.995,874699341.84,874699321.72,874699361.96,0.011870000072702601,0.018374763516272482,1.6618000101783643e-17,2.5724668922781476e-17,23.633873195963492,1.0154986813464362,,,,,,,,,0.02350545546164819,0.015027944647111399,3.290763764630747e-17,2.1039122505955958e-17,22.8920783228396,0.536671652750897,1.107250795989188,2.0,2.446460275282995,5.0,4.204945729443977,104.08053055064906,1.2110243700798655,,0.8182951173264235,436.87933349609375,193.545166015625,209.72287360855978,25.4106193993616,0.5607232582866855,12.0,0.0
907875665.995,907877334.995,907876664.3585526,907875679.78,907877255.145,0.014863991550820445,0.004673319658248109,2.0809588171148625e-17,6.5426475215473536e-18,23.389661375543923,0.29682336158856515,0.4098315771934651,0.012595994570172206,0.004818549835684436,1.7634392398241088e-17,6.745969769958211e-18,23.56941883812318,0.3516991307719479,0.5234888274980243,0.025398137705106086,0.003929017958958309,3.5557392787148525e-17,5.5006251425416335e-18,22.80799531613195,0.1561701770181898,0.1824690880577826,38.0,41.78647332118206,66.0,60.17840843462953,1645.2573730546092,17.331381629173308,21.062820383650415,0.9101361264871644,456.8414001464844,593.2310791015625,201.4179602254155,25.410925077196044,0.5610271431861286,17.552631378173828,0.0
