t0,t1,t_mean,t0_data,t1_data,cps_bgsub,cps_bgsub_err,flux_bgsub,flux_bgsub_err,mag_bgsub,mag_bgsub_err_1,mag_bgsub_err_2,cps_mcatbgsub,cps_mcatbgsub_err,flux_mcatbgsub,flux_mcatbgsub_err,mag_mcatbgsub,mag_mcatbgsub_err_1,mag_mcatbgsub_err_2,cps,cps_err,flux,flux_err,mag,mag_err_1,mag_err_2,counts,flat_counts,bg_counts,bg_flat_counts,exptime,bg,mcat_bg,responses,detxs,detys,detrad,racent,deccent,q_mean,flags
749327561.995,749327677.995,5e-324,2.6815615859885194e+154,5e-324,-0.0022627535702239394,0.004450562333940713,-3.1678549983135155e-18,6.230787267516998e-18,,,,,,,,,,,0.0,0.0,0.0,0.0,inf,,,5e-324,5e-324,1.0,0.89753677834673,114.23718232749317,0.2584905921638583,,5e-324,5e-324,5e-324,565.685424949238,160000.0,5e-324,5e-324,0.0
874609694.995,874611366.995,874610626.3227273,874610101.345,874611308.725,0.0014085578228133708,0.002779627451438916,1.971980951938719e-18,3.891478432014483e-18,25.948063300141868,1.1831280138226994,,-0.0005482926041172124,0.0029849383480878406,-7.676096457640974e-19,4.178913687322977e-18,,,,0.007091651047344742,0.002071019381893436,9.92831146628264e-18,2.8994271346508105e-18,24.193131606232903,0.27818677065990727,0.3749724915609285,11.0,11.725365475143548,35.0,32.626562795300224,1653.4041786409898,9.396450085046466,12.631914757908897,0.938749366270088,214.1814422607422,349.3556823730469,192.59642600058186,11.117067190394199,-0.10344933685687381,6.454545497894287,65.0
874633358.995,874633513.995,2.5e-323,1.69759663287e-313,2.5e-323,-0.0017966556081082715,0.0034381635222183087,-2.51531785135158e-18,4.813428931105632e-18,,,,,,,,,,,0.0,0.0,0.0,0.0,inf,,,2.5e-323,2.5e-323,1.0,0.9481654593360739,151.9888681261018,0.2730716522887893,,2.5e-323,2.5e-323,2.5e-323,565.685424949238,160000.0,2.5e-323,2.5e-323,64.0
875260578.995,875261793.995,875261132.04625,875260629.555,875261661.485,0.010455771044680274,0.0038086211889659174,1.4638079462552384e-17,5.332069664552285e-18,23.77160983822463,0.3372430189720461,0.4918014873403145,0.005786676539005144,0.004309195462375266,8.101347154607202e-18,6.032873647325373e-18,24.413926982380087,0.6042865719146597,1.4822681996044516,0.013561443543543779,0.0034355044058604414,1.898602096096129e-17,4.8097061682046185e-18,23.489235199176086,0.2451625603084544,0.31717651903325006,12.0,15.582273434283302,16.0,12.390478237284972,1149.0128896861856,3.5684577323380724,8.933307502521746,0.7716388602208393,563.55859375,318.7873840332031,182.6113429709337,11.117485820739866,-0.1035372545323578,14.083333015441895,65.0
