t0,t1,t_mean,t0_data,t1_data,cps_bgsub,cps_bgsub_err,flux_bgsub,flux_bgsub_err,mag_bgsub,mag_bgsub_err_1,mag_bgsub_err_2,cps_mcatbgsub,cps_mcatbgsub_err,flux_mcatbgsub,flux_mcatbgsub_err,mag_mcatbgsub,mag_mcatbgsub_err_1,mag_mcatbgsub_err_2,cps,cps_err,flux,flux_err,mag,mag_err_1,mag_err_2,counts,flat_counts,bg_counts,bg_flat_counts,exptime,bg,mcat_bg,responses,detxs,detys,detrad,racent,deccent,q_mean,flags
745792784.995,745794267.995,745793513.0465001,745792799.05,745794260.41,0.014240351085896998,0.014991027320956083,2.9335123236947814e-18,3.088151628116953e-18,24.69619825835111,0.7808214958873272,,-0.00011029169990219727,0.015351881984628451,-2.2720090179852636e-20,3.1624876888334608e-18,,,,0.15439028457782195,0.010853481679476931,3.180439862303132e-17,2.2358172259722476e-18,22.10845008070983,0.07376279299326072,0.07914174768774984,190.0,202.34933451318096,680.0,637.7966311271163,1310.6351547087459,183.6854297646095,202.49388669234537,0.9391839810795094,238.78428649902344,412.22882080078125,161.67884938298695,348.4429230452964,-0.4791942810873137,13.784210205078125,0.0
750960374.995,750960478.995,750960433.805,750960379.798,750960470.908,0.04524998877511664,0.0524139591517075,9.321497687674027e-18,1.0797275585251744e-17,23.44095381047874,0.83528950058502,,,,,,,,,0.1483270060680258,0.04025974033074439,3.0555363250013315e-17,8.293506508133344e-18,22.151949423195425,0.26072734292437616,0.3438151685298969,12.0,13.573708632959994,37.0,32.752740712761664,91.51205159992789,9.432789325275362,,0.8843669214018043,554.0385131835938,333.1930847167969,167.9018388031211,348.44313960142244,-0.4792607154157695,16.25,0.0
907597619.995,907599316.995,907598456.0283829,907597622.92,907599313.915,0.03438298653247122,0.013336941958308549,7.08289522568907e-18,2.747410043411561e-18,23.73914100715034,0.3558904676509762,0.5329327781721567,0.009021786424939305,0.013951098146681884,1.8584880035374968e-18,2.873926218216468e-18,25.19176864570279,1.0148074718361961,,0.15177788520089142,0.010014861248674274,3.126624435138363e-17,2.0630614172269003e-18,22.126978756787892,0.06937637495470739,0.074113821729199,201.0,229.68208457726365,705.0,616.8440236334955,1513.2776706781701,177.65107880644672,216.02961663077556,0.875367914323548,461.9319152832031,548.6068725585938,160.99554249199565,348.4430209909042,-0.47929557577194354,13.273632049560547,0.0
