t0,t1,t_mean,t0_data,t1_data,cps_bgsub,cps_bgsub_err,flux_bgsub,flux_bgsub_err,mag_bgsub,mag_bgsub_err_1,mag_bgsub_err_2,cps_mcatbgsub,cps_mcatbgsub_err,flux_mcatbgsub,flux_mcatbgsub_err,mag_mcatbgsub,mag_mcatbgsub_err_1,mag_mcatbgsub_err_2,cps,cps_err,flux,flux_err,mag,mag_err_1,mag_err_2,counts,flat_counts,bg_counts,bg_flat_counts,exptime,bg,mcat_bg,responses,detxs,detys,detrad,racent,deccent,q_mean,flags
754203594.995,754203710.995,754203651.075,754203607.489,754203694.661,-0.003841033560357532,0.021065215318610185,-5.377446984500545e-18,2.949130144605426e-17,,,,-0.027177073504076804,0.025565997804163257,-3.8047902905707526e-17,3.579239692582856e-17,,,,0.022749203794343472,0.014303815189069835,3.184888531208086e-17,2.002534126469777e-17,22.927584496833017,0.5296434941815917,1.0758664082919367,2.0,2.529464694690843,13.0,10.265784589558054,111.18915270871095,2.9565459617927203,5.551260470711501,0.791584999017621,592.0109252929688,570.9078369140625,257.0557996826872,57.06605581487745,0.49842119158147,22.0,0.0
912904165.995,912905867.995,912905077.8834885,912904229.575,912905867.77,0.020508713094497033,0.005964911381776152,2.8712198332295846e-17,8.350875934486613e-18,23.040153976028556,0.2771874864680619,0.37315116188572617,-0.00955901688343452,0.007345606130349142,-1.3382623636808329e-17,1.0283848582488799e-17,,,,0.039360591008878607,0.004904861987981318,5.510482741243005e-17,6.866806783173846e-18,22.332345972885292,0.12750825536836885,0.1445004190308623,43.0,64.39759346475518,158.0,107.09523744826237,1636.093153434331,30.843428385099564,80.03703554130557,0.6690157881554653,649.7460327148438,350.7999267578125,254.54612168296813,57.06708258231027,0.4987820297748043,13.348836898803711,8.0
913170345.995,913172050.995,913171250.7673,913170379.115,913172013.54,0.005764735818677524,0.006419739540161336,8.070630146148534e-18,8.987635356225871e-18,24.418051475962002,0.8125685609607061,,-0.012046281370437575,0.007218634630838072,-1.6864793918612607e-17,1.01060884831733e-17,,,,0.03656772768960039,0.004729669590976387,5.1194818765440554e-17,6.6215374273669425e-18,22.412255064463096,0.13206176852527918,0.15037850825370924,50.0,59.77703136788176,208.0,174.8383835766843,1634.6936259012323,50.35345447008509,79.46901073994883,0.8375750851561123,334.9673767089844,150.0384521484375,258.28282462537095,57.0668907166186,0.49881402759850846,8.079999923706055,0.0
