t0,t1,t_mean,t0_data,t1_data,cps_bgsub,cps_bgsub_err,flux_bgsub,flux_bgsub_err,mag_bgsub,mag_bgsub_err_1,mag_bgsub_err_2,cps_mcatbgsub,cps_mcatbgsub_err,flux_mcatbgsub,flux_mcatbgsub_err,mag_mcatbgsub,mag_mcatbgsub_err_1,mag_mcatbgsub_err_2,cps,cps_err,flux,flux_err,mag,mag_err_1,mag_err_2,counts,flat_counts,bg_counts,bg_flat_counts,exptime,bg,mcat_bg,responses,detxs,detys,detrad,racent,deccent,q_mean,flags
780947437.995,780947549.995,780947510.5100001,780947468.575,780947543.137,-0.064053024093889,0.04398629214396262,-1.3194922963341133e-17,9.0611761816563e-18,,,,-0.07082868730424942,0.04476264575245982,-1.459070958467538e-17,9.221105025006723e-18,,,,0.06310705558847608,0.025332288388094766,1.3000053451226073e-17,5.2184514079475215e-18,23.079805206016403,0.366418987062719,0.5571903026472889,6.0,6.2059316516650265,45.0,43.41975556733447,98.33974337408773,12.504889603392328,13.17120658468842,0.966904955914074,624.9402465820312,514.2855834960938,252.3079648513452,28.952865978935467,-0.8100236852452674,10.0,64.0
782047972.995,782048083.995,782048033.8293334,782048003.092,782048076.857,0.005788805300718309,0.044970747903493154,1.1924938919479716e-18,9.263974068119589e-18,25.673527642858616,2.357322119589071,,-0.03498329485666005,0.04940665673583015,-7.20655874047197e-18,1.017777128758101e-17,,,,0.10137318393228929,0.03226304273039172,2.0882875890051594e-17,6.646186802460694e-18,22.565192282389702,0.3000027935135705,0.4159532668713375,9.0,9.87269061214717,35.0,32.322643622939474,97.38956821896299,9.30892136340657,13.279698593113961,0.9117441846172196,650.3521118164062,322.5953369140625,262.04515213676797,28.952995896062166,-0.8098275044954897,12.88888931274414,0.0
908532378.995,908534017.995,908533266.1827884,908532391.32,908534007.9,-0.007749341725713957,0.014269061323039024,-1.596364395497075e-18,2.9394266325460387e-18,,,,-0.007211993454024694,0.014254322088752838,-1.4856706515290868e-18,2.9363903502830845e-18,,,,0.1262443263145176,0.009938388904572819,2.6006331220790623e-17,2.0473081143420007e-18,22.326970327194857,0.08227529948961987,0.08902495781212849,156.0,161.35846861785802,615.0,594.6640476692064,1278.1443200533158,171.26324572873148,170.57643708738138,0.9670181304932859,135.5058135986328,555.9151611328125,307.028845731459,28.953162094209777,-0.8099671840336774,7.897435665130615,32.0
