t0,t1,t_mean,t0_data,t1_data,cps_bgsub,cps_bgsub_err,flux_bgsub,flux_bgsub_err,mag_bgsub,mag_bgsub_err_1,mag_bgsub_err_2,cps_mcatbgsub,cps_mcatbgsub_err,flux_mcatbgsub,flux_mcatbgsub_err,mag_mcatbgsub,mag_mcatbgsub_err_1,mag_mcatbgsub_err_2,cps,cps_err,flux,flux_err,mag,mag_err_1,mag_err_2,counts,flat_counts,bg_counts,bg_flat_counts,exptime,bg,mcat_bg,responses,detxs,detys,detrad,racent,deccent,q_mean,flags
745792784.995,745794267.995,745793569.4077202,745792787.975,745794258.24,0.03290029926141974,0.015056802865249574,6.777461647852466e-18,3.1017013902414122e-18,23.787000379213804,0.409132710171356,0.6642997270783901,0.010299078284460793,0.015618956173882013,2.1216101265989234e-18,3.2175049718196947e-18,25.04800410180121,1.0020092591240939,,0.16501543644179492,0.01122073691393805,3.3993179907009754e-17,2.311471804271238e-18,22.03618856904221,0.07142620489076634,0.07645801110880512,193.0,216.27503207022312,672.0,601.2317474228062,1310.6351547087459,173.15474325776822,202.77669800951136,0.8927491276900076,258.4288024902344,175.58261108398438,265.34047639256113,348.1871580052329,-0.17777563507052827,11.088083267211914,0.0
750960374.995,750960478.995,750960429.7895383,750960381.367,750960477.998,-0.017444204497058705,0.05806360805310758,-3.593506126394093e-18,1.1961103258940161e-17,,,,-0.003904343369274121,0.056775218568052926,-8.042947340704689e-19,1.1695695025018902e-17,,,,0.14553896607012967,0.03987957273816735,2.998102701044671e-17,8.215191984062474e-18,22.172551786736094,0.26293467247131375,0.3476779313762286,13.0,13.31856937280986,53.0,51.78793164883468,91.51205159992789,14.91492431486439,13.67586384468271,0.9761937132286018,609.707275390625,564.6249389648438,266.6055361033187,348.18697527223566,-0.17813004408030508,12.15384578704834,0.0
907597619.995,907599316.995,907598469.493652,907597652.58,907599305.6,0.00718527557199011,0.013489145117219993,1.4801667678299627e-18,2.7787638941473185e-18,25.43889142752319,1.147474800472292,,0.0018918809504464356,0.013618186461841632,3.8972747579196573e-19,2.8053464111393762e-18,26.88776548932669,2.2842997028679726,,0.1412683975818083,0.009661914667664485,2.910128990185251e-17,1.9903544215388837e-18,22.20488745261264,0.07182862893438724,0.07691933968467524,204.0,213.77831163303654,738.0,704.5312310842867,1513.2776706781701,202.9049945522746,210.91537043514455,0.9544769947069581,230.828125,599.427490234375,261.51567286148907,348.1869725356195,-0.1777999211342768,9.892156600952148,0.0
