t0,t1,t_mean,t0_data,t1_data,cps_bgsub,cps_bgsub_err,flux_bgsub,flux_bgsub_err,mag_bgsub,mag_bgsub_err_1,mag_bgsub_err_2,cps_mcatbgsub,cps_mcatbgsub_err,flux_mcatbgsub,flux_mcatbgsub_err,mag_mcatbgsub,mag_mcatbgsub_err_1,mag_mcatbgsub_err_2,cps,cps_err,flux,flux_err,mag,mag_err_1,mag_err_2,counts,flat_counts,bg_counts,bg_flat_counts,exptime,bg,mcat_bg,responses,detxs,detys,detrad,racent,deccent,q_mean,flags
749327703.995,749327790.995,749327738.786,749327738.786,749327738.786,0.011282238488428298,0.011493216808194082,1.5795133883799617e-17,1.6090503531471717e-17,23.689011810561816,0.7626794794860743,,0.0029472099753204235,0.015155253773170396,4.126093965448593e-18,2.1217355282438555e-17,25.146472303847837,1.9708165199652683,,0.011282238488428298,0.011493216808194082,1.5795133883799617e-17,1.6090503531471717e-17,23.689011810561816,0.7626794794860743,,1.0,0.9636234340356079,0.828865100029898,5e-324,85.41065986363917,0.0,0.7119002852867908,1.037749773074788,168.79434204101562,599.1307983398438,305.13788869904437,11.3083689741923,0.827553251164334,10.0,32.0
875841701.995,875842040.995,875841831.6566668,875841767.92,875841880.965,-0.0024734035928925075,0.007912797427652128,-3.4627650300495106e-18,1.107791639871298e-17,,,,-1.2838237345642898e-05,0.007435194656842892,-1.7973532283900058e-20,1.040927251958005e-17,,,,0.009271940282376502,0.005255657586430243,1.2980716395327103e-17,7.35792062100234e-18,23.902073435470804,0.48755796010672725,0.9083658792810567,3.0,3.1123406602547385,14.0,13.689568186968081,335.6730700876571,3.942595637846808,3.1166501107990645,0.9645064711558579,130.31761169433594,245.3905792236328,310.8579475500839,11.305950204120768,0.8289050032736967,10.0,32.0
877526403.995,877528071.995,877527441.419091,877526644.22,877527946.885,0.007597104781208849,0.0028558873128605206,1.063594669369239e-17,3.998242238004729e-18,24.11837970913507,0.3464812639481565,0.5118956012926787,0.0019140882610641347,0.003404213127641931,2.679723565489789e-18,4.765898378698704e-18,25.615095100555,1.1095274635737056,,0.010550220150621955,0.0025243600516315287,1.4770308210870737e-17,3.5341040722841405e-18,23.76184619470654,0.23291557836902754,0.29692484240507255,11.0,17.467085523267535,26.0,16.97644890514363,1655.6133686213002,4.889217284681367,14.298095409528656,0.6303243307635475,698.67724609375,332.7493896484375,306.1547679308689,11.306803811560718,0.8276438751271673,14.272727012634277,40.0
