t0,t1,t_mean,t0_data,t1_data,cps_bgsub,cps_bgsub_err,flux_bgsub,flux_bgsub_err,mag_bgsub,mag_bgsub_err_1,mag_bgsub_err_2,cps_mcatbgsub,cps_mcatbgsub_err,flux_mcatbgsub,flux_mcatbgsub_err,mag_mcatbgsub,mag_mcatbgsub_err_1,mag_mcatbgsub_err_2,cps,cps_err,flux,flux_err,mag,mag_err_1,mag_err_2,counts,flat_counts,bg_counts,bg_flat_counts,exptime,bg,mcat_bg,responses,detxs,detys,detrad,racent,deccent,q_mean,flags
780112827.995,780112935.995,5e-324,-1.727233711018889e-77,5e-324,-0.01527083761949166,0.012534780800948319,-2.1379172667288324e-17,1.7548693121327647e-17,,,,-0.01017161107128615,0.010230107257073441,-1.424025549980061e-17,1.432215015990282e-17,,,,0.0,0.0,0.0,0.0,inf,,,5e-324,5e-324,5.0,5.153469891628683,97.1917432279309,1.484199328789061,0.9885966114548226,5e-324,5e-324,5e-324,565.685424949238,160000.0,5e-324,5e-324,0.0
781402923.995,781403036.995,781403006.29,781403006.29,781403006.29,0.01039025726500545,0.01159169560209251,1.454636017100763e-17,1.6228373842929516e-17,23.778434247712198,0.8135999285462248,,,,,,,,,0.012497132297485112,0.010722995669692158,1.7495985216479157e-17,1.5012193937569022e-17,23.57797408153194,0.672635603596234,2.119558263026832,1.0,1.3582773966082262,1.0,0.7951048360686364,108.68712631629595,0.2289901927877673,,0.7362266371340009,350.2421569824219,113.24064636230469,291.0442747082834,21.5514285855999,0.811055544446022,7.0,0.0
875378931.995,875380467.995,875379749.1582,875379073.315,875380429.575,0.011381401048052136,0.00425603583747323,1.593396146727299e-17,5.958450172462522e-18,23.679510682729067,0.3449246073367327,0.5084714947364652,0.008237741186319572,0.004492004782010984,1.1532837660847401e-17,6.288806694815377e-18,24.030479642116443,0.4725289847829721,0.8556773282367764,0.019483437866154026,0.003576826223218696,2.7276813012615637e-17,5.007556712506175e-18,23.095836022831403,0.18299671430231612,0.2202197822155334,25.0,29.6712265797057,51.0,42.84218712638926,1522.8948188476304,12.33854989240011,17.12601320805189,0.8444771110522692,249.32115173339844,154.3345184326172,288.1937614673219,21.550634329914534,0.8109709940567114,7.199999809265137,0.0
