t0,t1,t_mean,t0_data,t1_data,cps_bgsub,cps_bgsub_err,flux_bgsub,flux_bgsub_err,mag_bgsub,mag_bgsub_err_1,mag_bgsub_err_2,cps_mcatbgsub,cps_mcatbgsub_err,flux_mcatbgsub,flux_mcatbgsub_err,mag_mcatbgsub,mag_mcatbgsub_err_1,mag_mcatbgsub_err_2,cps,cps_err,flux,flux_err,mag,mag_err_1,mag_err_2,counts,flat_counts,bg_counts,bg_flat_counts,exptime,bg,mcat_bg,responses,detxs,detys,detrad,racent,deccent,q_mean,flags
753712846.995,753712963.995,753712866.621,753712866.621,753712866.621,-0.0036158719012925125,0.015193451562964862,-5.062220661809518e-18,2.127083218815081e-17,,,,-0.01610169851165754,0.018438637128994656,-2.254237791632056e-17,2.581409198059252e-17,,,,0.011396103705035514,0.009980820249056225,1.595454518704972e-17,1.3973148348678717e-17,23.67810901829013,0.6829720490179554,2.264782406724926,1.0,1.3037079594953425,8.0,5.963061474622915,114.3994467968278,1.7173617046913998,3.145733361718271,0.7670429506214674,580.0663452148438,191.40447998046875,275.5648374725084,51.4753622182407,-0.527955084185033,11.0,8.0
913341877.995,913343578.995,913342794.2479999,913342077.665,913343515.39,0.004215639233174649,0.004412477716830827,5.901894926444509e-18,6.1774688035631585e-18,24.757841405865356,0.7776314636771993,,-0.010521124438916458,0.005323771549636634,-1.4729574214483043e-17,7.453280169491287e-18,,,,0.018276964717089703,0.0033172334414071736,2.5587750603925585e-17,4.644126817970043e-18,23.16523981637297,0.18108252223504095,0.21745070290358726,20.0,30.35680613165569,123.0,81.09344996797738,1660.9325783329245,23.35491359077749,47.83168447294675,0.6606598063714053,664.6927490234375,457.01239013671875,270.7631142062853,51.475828927581176,-0.5266564322489344,16.399999618530273,8.0
913353706.995,913355013.995,913354364.9069697,913353714.06,913354973.47,0.015948830283137663,0.006273829399937492,2.232836239639273e-17,8.78336115991249e-18,23.313177908508713,0.3601679973788592,0.5426945581504938,0.00463957156311745,0.006943198355938363,6.49540018836443e-18,9.720477698313708e-18,24.653805305274865,0.9933363792091505,,0.0331320717615455,0.005091044713143567,4.63849004661637e-17,7.127462598400994e-18,22.519378516658257,0.15519375122800128,0.18113669251558662,33.0,42.35292059477523,98.0,76.2688812953248,1278.305833078988,21.965437813053548,36.422129202654794,0.7804506724202971,524.3366088867188,161.9674072265625,268.5500093686351,51.47606325835855,-0.527066773143088,11.818181991577148,73.0
