t0,t1,t_mean,t0_data,t1_data,cps_bgsub,cps_bgsub_err,flux_bgsub,flux_bgsub_err,mag_bgsub,mag_bgsub_err_1,mag_bgsub_err_2,cps_mcatbgsub,cps_mcatbgsub_err,flux_mcatbgsub,flux_mcatbgsub_err,mag_mcatbgsub,mag_mcatbgsub_err_1,mag_mcatbgsub_err_2,cps,cps_err,flux,flux_err,mag,mag_err_1,mag_err_2,counts,flat_counts,bg_counts,bg_flat_counts,exptime,bg,mcat_bg,responses,detxs,detys,detrad,racent,deccent,q_mean,flags
776267071.995,776267127.995,5e-324,5e-324,5e-324,-0.037079718261121955,0.03434330775071067,-5.191160556557074e-17,4.8080630850994943e-17,,,,,,,,,,,0.0,0.0,0.0,0.0,inf,,,5e-324,5e-324,4.0,4.047586328352764,31.437802584056758,1.1657048625655964,,5e-324,5e-324,5e-324,565.685424949238,160000.0,5e-324,5e-324,0.0
776272975.995,776273050.995,1.5e-323,5e-324,1.5e-323,-0.036258469113795086,0.02233187712415609,-5.0761856759313126e-17,3.126462797381853e-17,,,,,,,,,,,0.0,0.0,0.0,0.0,inf,,,1.5e-323,1.5e-323,9.0,9.153263825469844,72.70411702882282,2.6361399817353157,,1.5e-323,1.5e-323,1.5e-323,565.685424949238,160000.0,1.5e-323,1.5e-323,0.0
777656630.995,777658330.995,777657614.0838635,777656861.645,777658317.51,0.010067596793308391,0.005406087334103481,1.409463551063175e-17,7.568522267744874e-18,23.812685465613065,0.4666697834295235,0.8359981098003537,0.0066995495533990375,0.005593124900544075,9.379369374758654e-18,7.830374860761705e-18,24.254885990654483,0.659001941611379,1.9553093994385655,0.028957251624602054,0.004205666154765109,4.054015227444288e-17,5.887932616671153e-18,22.66560665011947,0.1472384855547979,0.17038579233808093,44.0,47.40728552629979,116.0,107.3789822640043,1637.147272844865,30.925146892033247,36.43913624566352,0.928827588092516,269.83612060546875,288.0211486816406,171.70293719564995,342.90871336962533,0.9219196639238244,6.4772725105285645,0.0
907520719.995,907522420.995,907521633.329259,907520904.36,907522417.135,0.007512464464313166,0.0044369719465738484,1.0517450250038434e-17,6.211760725203388e-18,24.130543923243128,0.5039124794631817,0.9696693898047641,-0.0025451501817391683,0.005069122407268068,-3.563210254434836e-18,7.096771370175295e-18,,,,0.0202308665079196,0.0034767305683184807,2.832321311108744e-17,4.867422795645873e-18,23.054963788927065,0.1721826328123086,0.20473112383176684,27.0,33.85999555781458,93.0,73.91157792132479,1673.679945669144,21.286534441341544,38.1197623757076,0.7988710473081443,558.716552734375,324.3999328613281,175.80191768935666,342.90882399466835,0.9218029257205195,12.851851463317871,65.0
