t0,t1,t_mean,t0_data,t1_data,cps_bgsub,cps_bgsub_err,flux_bgsub,flux_bgsub_err,mag_bgsub,mag_bgsub_err_1,mag_bgsub_err_2,cps_mcatbgsub,cps_mcatbgsub_err,flux_mcatbgsub,flux_mcatbgsub_err,mag_mcatbgsub,mag_mcatbgsub_err_1,mag_mcatbgsub_err_2,cps,cps_err,flux,flux_err,mag,mag_err_1,mag_err_2,counts,flat_counts,bg_counts,bg_flat_counts,exptime,bg,mcat_bg,responses,detxs,detys,detrad,racent,deccent,q_mean,flags
780947319.995,780947406.995,780947366.818,780947365.504,780947368.132,0.019313821152344646,0.01974582443521729,2.7039349613282506e-17,2.764415420930421e-17,23.105329486291527,0.7646502321564945,,,,,,,,,0.025816095178942455,0.017648013570397664,3.6142533250519437e-17,2.4707218998556732e-17,22.790273616103917,0.5656005627369183,1.2494262133893201,2.0,2.139880144468189,2.0,1.8714217637511483,82.88938081595066,0.5389694679603307,,0.9349658058888081,455.05126953125,336.7205505371094,83.87449553546574,29.20596265069745,-0.236089572973463,10.5,0.0
782047829.995,782047939.995,1.5e-323,-1.494576568404265e-154,1.5e-323,-0.00731028705430082,0.008309102300934323,-1.023440187602115e-17,1.1632743221308052e-17,,,,,,,,,,,0.0,0.0,0.0,0.0,inf,,,1.5e-323,1.5e-323,3.0,2.6876218418143876,105.88299538622906,0.7740350904425437,,1.5e-323,1.5e-323,1.5e-323,565.685424949238,160000.0,1.5e-323,1.5e-323,0.0
908561930.995,908563596.995,908562942.9278126,908561938.055,908563586.215,0.0027390450229829713,0.0035590103023199165,3.83466303217616e-18,4.9826144232478836e-18,25.22600207245714,0.9040182509062191,,,,,,,,,0.011442602012276648,0.002682226895448212,1.601964281718731e-17,3.755117653627497e-18,23.67368801772984,0.2286460076521557,0.29000522493194936,16.0,18.199462417990013,54.0,48.066008233340895,1590.500342357796,13.84301037120218,,0.8794795176122423,394.57110595703125,305.23114013671875,94.92423131274765,29.20502350519672,-0.23541836397872257,6.625,0.0
908567847.995,908569514.995,908568767.8525,908567851.585,908569486.55,0.003983095134388709,0.0033443728321298064,5.5763331881441935e-18,4.6821219649817294e-18,24.819448301358904,0.6618331226340075,1.9872714969463274,,,,,,,,0.010963577530506075,0.0026141498410615703,1.5349008542708507e-17,3.659809777486199e-18,23.720119269684908,0.23218698015293526,0.29573896071820016,16.0,17.58910046416394,43.0,38.885195413074875,1604.3212551033089,11.198936278965565,,0.9105025254103946,434.1922302246094,316.7459716796875,90.00189908714196,29.20537499267002,-0.23571392789836387,8.8125,0.0
