t0,t1,t_mean,t0_data,t1_data,cps_bgsub,cps_bgsub_err,flux_bgsub,flux_bgsub_err,mag_bgsub,mag_bgsub_err_1,mag_bgsub_err_2,cps_mcatbgsub,cps_mcatbgsub_err,flux_mcatbgsub,flux_mcatbgsub_err,mag_mcatbgsub,mag_mcatbgsub_err_1,mag_mcatbgsub_err_2,cps,cps_err,flux,flux_err,mag,mag_err_1,mag_err_2,counts,flat_counts,bg_counts,bg_flat_counts,exptime,bg,mcat_bg,responses,detxs,detys,detrad,racent,deccent,q_mean,flags
753889815.995,753889945.995,753889890.157,753889890.157,753889890.157,-0.017347098249447062,0.01682176199602553,-2.428593754922589e-17,2.3550466794435744e-17,,,,,,,,,,,0.009105462360964595,0.0085124325299538,1.2747647305350433e-17,1.1917405541935321e-17,23.921744991307108,0.7166300279053104,2.965563658429261,1.0,1.144186031719292,13.0,11.541702308350343,125.65930057812919,3.3240102648048993,,0.8739837511364885,505.9800109863281,380.3212585449219,107.79153767303832,53.007138497334,0.413141869218337,13.0,65.0
882637898.995,882639594.995,882638678.38125,882637945.895,882639545.67,0.0023441094026792914,0.005707797595708705,3.2817531637510083e-18,7.990916633992188e-18,25.39505530771085,1.339802182790347,,,,,,,,,0.028002939262935424,0.004123233029831081,3.9204114968109595e-17,5.772526241763513e-18,22.701990953905288,0.14913841428600705,0.1729365965391665,40.0,46.12447930247522,169.0,146.7480088655661,1647.1299269475398,42.26342655328304,,0.8679332065994168,487.41473388671875,331.27545166015625,111.19532024775762,53.00832377349959,0.4139059768001275,12.100000381469727,0.0
912212374.995,912213781.995,912213036.2983749,912212415.76,912213752.98,-0.004743763525623406,0.006981236146159247,-6.641268935872768e-18,9.773730604622946e-18,,,,-0.0024055602322288205,0.006857413860692572,-3.367784325120349e-18,9.6003794049696e-18,,,,0.03088062480812858,0.004757164575682226,4.3232874731380014e-17,6.660030405955117e-18,22.595784802902173,0.15556169506088224,0.18163844281767538,40.0,42.13818303049827,177.0,168.7892000427616,1364.550856477697,48.611289612315346,45.42069230569479,0.9511456944454759,469.7110900878906,477.20050048828125,104.01708204368701,53.00835974022882,0.41385526114405924,13.774999618530273,0.0
