t0,t1,t_mean,t0_data,t1_data,cps_bgsub,cps_bgsub_err,flux_bgsub,flux_bgsub_err,mag_bgsub,mag_bgsub_err_1,mag_bgsub_err_2,cps_mcatbgsub,cps_mcatbgsub_err,flux_mcatbgsub,flux_mcatbgsub_err,mag_mcatbgsub,mag_mcatbgsub_err_1,mag_mcatbgsub_err_2,cps,cps_err,flux,flux_err,mag,mag_err_1,mag_err_2,counts,flat_counts,bg_counts,bg_flat_counts,exptime,bg,mcat_bg,responses,detxs,detys,detrad,racent,deccent,q_mean,flags
750249522.995,750251165.995,750250372.226875,750249608.23,750251157.595,0.0028018826990548005,0.004014057072770769,3.922635778676721e-18,5.619679901879077e-18,25.201375126069202,0.9651894865399839,,,,,,,,,0.014447919408278314,0.0029868694058473545,2.0227087171589642e-17,4.181617168186296e-18,23.420486723888306,0.20402845183256701,0.2514522579118754,24.0,23.397968499553315,64.0,65.48751462608735,1619.4697546656328,18.860404212313156,,1.0266645299190758,191.233154296875,479.85595703125,223.51861161480323,34.146564999626406,-1.0156961922927716,9.958333015441895,0.0
753463428.995,753463538.995,753463475.6952,753463444.343,753463519.28,0.036660742733427884,0.022451274284161483,5.132503982679904e-17,3.1431783997826076e-17,22.40949685158769,0.5186862980339946,1.0290585682784048,,,,,,,,0.04491580596451603,0.02063496393617042,6.288212835032245e-17,2.888894951063859e-17,22.189002007445872,0.41044649967192726,0.6678386339592564,5.0,4.737955371737473,3.0,3.0235676150601014,105.48525780613863,0.8707874731373093,,1.0563264386772717,240.8465576171875,415.3509826660156,159.8920601252968,34.146950169359584,-1.015592054995674,9.0,0.0
907964406.995,907966070.995,907965141.4713043,907964421.44,907965970.695,0.005633784879085435,0.0036082204185113615,7.88729883071961e-18,5.051508585915907e-18,24.44299935042647,0.5374148832366785,1.1106354782860315,0.001953000867303403,0.00390527663176068,2.7342012142247645e-18,5.467387284464952e-18,25.59324390961831,1.1926687591267893,,0.013552229804603997,0.002866656076738352,1.8973121726445596e-17,4.013318507433693e-18,23.48997310659311,0.20833231741873348,0.25803228044236803,23.0,22.34962962151098,44.0,45.34265911897688,1649.1477744805,13.058685826265345,19.128842587639088,1.0299433129479783,374.7285461425781,553.5771484375,155.64249709594648,34.14672566786716,-1.0155984719231193,15.30434799194336,0.0
