t0,t1,t_mean,t0_data,t1_data,cps_bgsub,cps_bgsub_err,flux_bgsub,flux_bgsub_err,mag_bgsub,mag_bgsub_err_1,mag_bgsub_err_2,cps_mcatbgsub,cps_mcatbgsub_err,flux_mcatbgsub,flux_mcatbgsub_err,mag_mcatbgsub,mag_mcatbgsub_err_1,mag_mcatbgsub_err_2,cps,cps_err,flux,flux_err,mag,mag_err_1,mag_err_2,counts,flat_counts,bg_counts,bg_flat_counts,exptime,bg,mcat_bg,responses,detxs,detys,detrad,racent,deccent,q_mean,flags
754203301.995,754203414.995,754203355.8636471,754203306.407,754203403.398,0.04460732020441972,0.0664157457705658,9.189107962110463e-18,1.3681643628736555e-17,23.45648466580264,0.9900177070256291,,,,,,,,,0.21399310664437712,0.04962000982031213,4.4082579968741686e-17,1.0221722022984299e-17,21.75400054086215,0.226418079439064,0.28642261555846105,17.0,18.598840736343128,56.0,51.117613384291275,86.91327037581391,14.72187265467589,,0.9142372329078533,229.9991455078125,316.05450439453125,189.5973015644518,57.19048742820598,0.20041797985996188,11.588234901428223,0.0
913418770.995,913420466.995,913419649.7309616,913418775.95,913420464.855,0.05898316553388067,0.016456168250334403,1.2150532099979418e-17,3.3899706595688867e-18,23.15317980813955,0.26717441920992613,0.3551583932709974,0.003748696382530822,0.017585293391114216,7.722314548013493e-19,3.6225704385695286e-18,26.145299332215767,1.8879795386598062,,0.22406672215263995,0.012487017677418576,4.615774476344383e-17,2.5723256415482266e-18,21.704056597603014,0.058881143801411184,0.06225838691388219,286.0,321.98620754416226,928.0,823.704117710769,1437.01038891807,237.2267859007015,316.5992918975659,0.8884714551630069,206.3384246826172,334.8129577636719,204.33833764110727,57.19033794806755,0.20046206772416936,10.74125862121582,0.0
913424685.995,913426383.995,913425517.8062375,913424697.905,913426380.135,0.05947038120261534,0.016948076983306727,1.2250898527738759e-17,3.491303858561186e-18,23.144248194206583,0.2722438720621376,0.3642098301694503,0.01557598333680487,0.01782839168550009,3.208652567381803e-18,3.672648687213019e-18,24.598861315240597,0.8283696921208374,,0.23565423829664017,0.01282019990493108,4.8544773089107876e-17,2.6409611804158026e-18,21.649311862365455,0.05751615571276858,0.06073431010797847,299.0,337.8787787394172,988.0,877.1205505659487,1433.790375177116,252.61071856299327,315.54608374718725,0.8852582668726386,209.9499969482422,347.2347717285156,197.2388728788395,57.190402371892205,0.2004714804327884,11.070234298706055,0.0
