t0,t1,t_mean,t0_data,t1_data,cps_bgsub,cps_bgsub_err,flux_bgsub,flux_bgsub_err,mag_bgsub,mag_bgsub_err_1,mag_bgsub_err_2,cps_mcatbgsub,cps_mcatbgsub_err,flux_mcatbgsub,flux_mcatbgsub_err,mag_mcatbgsub,mag_mcatbgsub_err_1,mag_mcatbgsub_err_2,cps,cps_err,flux,flux_err,mag,mag_err_1,mag_err_2,counts,flat_counts,bg_counts,bg_flat_counts,exptime,bg,mcat_bg,responses,detxs,detys,detrad,racent,deccent,q_mean,flags
749492997.995,749493109.995,749493055.8192,749493007.165,749493103.451,-0.0016993029923553847,0.04959558002660039,-3.500564164252092e-19,1.021668948547968e-17,,,,,,,,,,,0.11955714754153417,0.03494541825640863,2.4628772393556038e-17,7.198756160820177e-18,22.386061137848817,0.2784003780379365,0.37536243414241,10.0,11.704978061205278,48.0,41.21994639476971,97.90278792942067,11.871344561693677,,0.8545122358779869,334.6955871582031,196.12222290039062,214.08132644322308,15.19537990756242,0.5179685428359548,12.5,0.0
875753018.995,875753279.995,875753163.4658972,875753019.74,875753278.44,0.061912274541217685,0.03668665497082208,1.2753928555490843e-17,7.557450923989348e-18,23.100558101316704,0.5052386009025476,0.9748372941463508,,,,,,,,0.1870159545388973,0.02839794407415709,3.8525286635012845e-17,5.849976479276361e-18,21.90030335434542,0.15348765625619976,0.17881540003279994,39.0,43.36941033591673,112.0,100.73547909562814,231.90219488410742,29.011817979540908,,0.8995560086219055,363.65057373046875,592.8489379882812,196.24472903324573,15.195780508318899,0.5178771166083025,13.384614944458008,0.0
878744980.995,878746631.995,878745886.4143575,878744986.475,878746628.035,0.09489556072737289,0.014563701366325845,1.9548485509838816e-17,3.000122481463124e-18,22.636885259150425,0.15501654933275333,0.18089519270231946,,,,,,,,0.20322395910269583,0.01176233916284543,4.186413557515534e-17,2.4230418675461584e-18,21.810062730479387,0.061089685183652875,0.0647329467207598,249.0,298.5124299248731,663.0,552.5064422711147,1468.8840392781879,159.12185537408106,,0.8346091193880795,274.7598571777344,244.54319763183594,199.62943364312767,15.195640323472132,0.5180187111414086,11.060240745544434,0.0
