t0,t1,t_mean,t0_data,t1_data,cps_bgsub,cps_bgsub_err,flux_bgsub,flux_bgsub_err,mag_bgsub,mag_bgsub_err_1,mag_bgsub_err_2,cps_mcatbgsub,cps_mcatbgsub_err,flux_mcatbgsub,flux_mcatbgsub_err,mag_mcatbgsub,mag_mcatbgsub_err_1,mag_mcatbgsub_err_2,cps,cps_err,flux,flux_err,mag,mag_err_1,mag_err_2,counts,flat_counts,bg_counts,bg_flat_counts,exptime,bg,mcat_bg,responses,detxs,detys,detrad,racent,deccent,q_mean,flags
843839654.995,843839751.995,843839688.67,843839688.67,843839688.67,-0.005673062000154571,0.01730898049115814,-7.9422868002164e-18,2.4232572687621396e-17,,,,,,,,,,,0.011377884603928521,0.010950217572212349,1.5929038445499932e-17,1.533030460109729e-17,23.679846188050785,0.731975715225957,3.5623893810441842,1.0,1.079636485672311,6.0,5.617874520836271,94.88903458376942,1.6179478620008463,,0.9262376858052181,263.3233642578125,349.43426513671875,145.73056062496386,349.783438988818,1.2132323250076,8.0,0.0
873338815.995,873338911.995,873338837.23,873338837.23,873338837.23,0.006686095021641733,0.013603255666737238,9.360533030298426e-18,1.9044557933432136e-17,24.257068638951274,1.2052390107280537,,-0.0036239977297199445,0.017171917228571115,-5.073596821607923e-18,2.404068411999956e-17,,,,0.012028899670571748,0.011319691667201842,1.684045953880045e-17,1.584756833408258e-17,23.619435243548654,0.7200869533750591,3.073630686591869,1.0,1.1292305274877497,2.0,1.7415402457843592,93.87646072486329,0.5015635907858955,1.4694386080287978,0.885558772684569,528.0781860351562,400.6502990722656,128.07983692579984,349.78437956716,1.21250023415577,17.0,0.0
905314096.995,905314626.995,905314306.3733333,905314257.425,905314377.11,0.0007087927132992011,0.006646959195986717,9.923097986188817e-19,9.305742874381405e-18,26.6937018895908,2.540269572515861,,,,,,,,,0.009087731540078213,0.004794526188666283,1.2722824156109498e-17,6.712336664132796e-18,23.923861277251856,0.46001153465955724,0.8141845676733936,3.0,3.5926886987556736,14.0,11.501662791882232,395.3339381683312,3.3124788840620836,,0.8355702207772939,526.2566528320312,312.0442199707031,153.87319982670837,349.784122699036,1.2131766574682399,12.666666984558105,0.0
908060591.995,908060722.995,3.5e-323,0.0,3.5e-323,-0.006037562220661151,0.006994643636024604,-8.452587108925611e-18,9.792501090434446e-18,,,,,,,,,,,0.0,0.0,0.0,0.0,inf,,,3.5e-323,3.5e-323,4.0,2.58701868418673,123.4043399993631,0.7450613810457783,,3.5e-323,3.5e-323,3.5e-323,565.685424949238,160000.0,3.5e-323,3.5e-323,104.0
