t0,t1,t_mean,t0_data,t1_data,cps_bgsub,cps_bgsub_err,flux_bgsub,flux_bgsub_err,mag_bgsub,mag_bgsub_err_1,mag_bgsub_err_2,cps_mcatbgsub,cps_mcatbgsub_err,flux_mcatbgsub,flux_mcatbgsub_err,mag_mcatbgsub,mag_mcatbgsub_err_1,mag_mcatbgsub_err_2,cps,cps_err,flux,flux_err,mag,mag_err_1,mag_err_2,counts,flat_counts,bg_counts,bg_flat_counts,exptime,bg,mcat_bg,responses,detxs,detys,detrad,racent,deccent,q_mean,flags
753889977.995,753890107.995,753890041.7919413,753889987.778,753890102.999,-0.004410745132878083,0.057058824390067577,-9.08613497372885e-19,1.1754117824353921e-17,,,,-0.04916453901696921,0.06052362443779675,-1.0127895037495657e-17,1.246786663418613e-17,,,,0.1766182230899147,0.040097118646344035,3.638335395652243e-17,8.26000644114687e-18,21.96241122218074,0.22213536475758744,0.2795892952580701,17.0,19.40191917362325,79.0,69.05017256869874,109.85230648451214,19.886449699785242,24.802757181885106,0.8763936087092362,320.8197937011719,271.3361511230469,151.0757792545066,53.984165024343284,-0.49606681967728694,13.29411792755127,0.0
849774426.995,849774533.995,849774492.7235714,849774433.655,849774530.135,0.02485837887781444,0.06051268392148963,5.1208260488297745e-18,1.2465612887826864e-17,24.09131799247166,1.3395947126300385,,,,,,,,,0.1795293987556342,0.04435174473862805,3.698305614366065e-17,9.136459416157379e-18,21.944661058913265,0.23970485001522945,0.3080766784040385,14.0,16.385124087738596,57.0,49.01518201972866,91.26708049661075,14.116372421681858,,0.8545299370361027,545.1284790039062,435.3609924316406,149.37427892290495,53.984409959720374,-0.49592950396649044,11.0,0.0
912537424.995,912539115.995,912538282.6496723,912537427.98,912539098.565,0.051351276860966855,0.015593232640697589,1.0578363033359171e-17,3.2122059239837033e-18,23.30362188275791,0.2879092924046702,0.3929437244528664,-0.01244517153413991,0.01695022303583623,-2.5637053360328216e-18,3.4917459453822634e-18,,,,0.20130550922826038,0.011804559889492626,4.1468934901021634e-17,2.431739337235481e-18,21.820360848487596,0.06187077332411661,0.06561067654959629,244.0,290.8115970735471,895.0,752.1808996561388,1444.6281087309724,216.628099100968,308.79024168974416,0.8393214329008416,543.7186279296875,389.5500183105469,144.09804346798694,53.98428865486715,-0.4960785897726879,12.922131538391113,8.0
