t0,t1,t_mean,t0_data,t1_data,cps_bgsub,cps_bgsub_err,flux_bgsub,flux_bgsub_err,mag_bgsub,mag_bgsub_err_1,mag_bgsub_err_2,cps_mcatbgsub,cps_mcatbgsub_err,flux_mcatbgsub,flux_mcatbgsub_err,mag_mcatbgsub,mag_mcatbgsub_err_1,mag_mcatbgsub_err_2,cps,cps_err,flux,flux_err,mag,mag_err_1,mag_err_2,counts,flat_counts,bg_counts,bg_flat_counts,exptime,bg,mcat_bg,responses,detxs,detys,detrad,racent,deccent,q_mean,flags
753712846.995,753712963.995,753712890.7245001,753712847.821,753712958.964,0.11704685112057786,0.05832376724572337,2.411165133083904e-17,1.2014696052619015e-17,22.40910066378965,0.43899274710793534,0.7488771994127106,,,,,,,,0.2316749440299846,0.04770423672366069,4.7725038470176826e-17,9.827072765074102e-18,21.667802333068533,0.20328743181697817,0.25032597174418925,20.0,23.585453466718914,48.0,40.51946879071539,101.80407538445918,11.669607011726034,,0.8481685805253882,405.2337341308594,323.9867248535156,76.19324098269912,51.66521826422822,-0.21717988790924556,14.100000381469727,0.0
913341877.995,913343578.995,913342657.0128189,913341878.145,913343575.7,0.09199426314115512,0.014431161478827781,1.8950818207077953e-17,2.9728192646385227e-18,22.670598137174807,0.15821161621570567,0.18526394355491504,0.027097203766176418,0.015861613847805087,5.582023975832342e-18,3.2674924526478476e-18,23.997688807092175,0.5003196057442238,0.9558214935505376,0.20194704220949267,0.011612145574994749,4.160109069515549e-17,2.392101988448918e-18,21.816906258209514,0.06070190937345643,0.06429769032684618,243.0,302.4475355202529,712.0,571.7764662076474,1497.6576641637794,164.6716222678025,261.8652006224312,0.803635810252155,466.275390625,366.9298400878906,74.06796121879435,51.665047534057074,-0.21724228845380983,13.68724250793457,65.0
913353706.995,913355013.995,913354360.7040104,913353713.315,913355009.68,0.09570220745985514,0.0165132753177702,1.9714654736730157e-17,3.401734715460661e-18,22.627695111760147,0.17282706736247988,0.20564367181374266,,,,,,,,0.20504924059606053,0.013335939276010749,4.224014356278847e-17,2.7472034908582143e-18,21.800354586979417,0.06841249396859794,0.07301479841152414,192.0,236.41177940073737,540.0,437.7493025979881,1152.951255578946,126.0717991482206,,0.8123727345057908,378.1302795410156,323.2337951660156,79.82064192655535,51.66509394345721,-0.21718514039343728,13.583333015441895,0.0
