t0,t1,t_mean,t0_data,t1_data,cps_bgsub,cps_bgsub_err,flux_bgsub,flux_bgsub_err,mag_bgsub,mag_bgsub_err_1,mag_bgsub_err_2,cps_mcatbgsub,cps_mcatbgsub_err,flux_mcatbgsub,flux_mcatbgsub_err,mag_mcatbgsub,mag_mcatbgsub_err_1,mag_mcatbgsub_err_2,cps,cps_err,flux,flux_err,mag,mag_err_1,mag_err_2,counts,flat_counts,bg_counts,bg_flat_counts,exptime,bg,mcat_bg,responses,detxs,detys,detrad,racent,deccent,q_mean,flags
753629995.995,753630115.995,753630055.124079,753629997.769,753630114.856,0.28884470779477517,0.06743184192771047,5.950200980572369e-17,1.3890959437108356e-17,21.428338962954694,0.22780705755462805,0.28865390385558953,0.2399034218159149,0.07077684486741952,4.9420104894078466e-17,1.458003004268842e-17,21.629908893782257,0.2806930669687624,0.3795614586730629,0.38510433758259366,0.060313903796990864,7.93314935420143e-17,1.2424664182180117e-17,21.11605397429765,0.15797397151348136,0.18493795253772305,38.0,40.76823809286216,38.0,35.38304719351704,105.86283797470487,10.190317591732908,15.371381019586684,0.932152579405553,305.8138732910156,510.8746337890625,145.47924553797898,35.01122409122878,0.7217541877795756,15.789473533630371,0.0
908881353.995,908883049.995,908882223.8243896,908881367.03,908883047.125,0.393252010882805,0.019990375471569097,8.100991424185782e-17,4.118017347143234e-18,21.093322619866754,0.05383477187750785,0.05664399375455886,0.3578893730292557,0.020566511554944995,7.372521084402668e-17,4.236701380318669e-18,21.1956279928017,0.060666148902750905,0.06425756783568204,0.4990156201439155,0.01815848400346598,1.0279721774964659e-16,3.7406477047139916e-18,20.834714649788538,0.03880657687431821,0.04024518631333507,606.0,755.2123869469947,691.0,555.7746576036324,1513.4043033145783,160.06310138984617,213.58106969396272,0.8026482007226668,491.0474853515625,291.4679870605469,141.66454186398448,35.01129261068872,0.7218020247447866,13.60066032409668,0.0
