t0,t1,t_mean,t0_data,t1_data,cps_bgsub,cps_bgsub_err,flux_bgsub,flux_bgsub_err,mag_bgsub,mag_bgsub_err_1,mag_bgsub_err_2,cps_mcatbgsub,cps_mcatbgsub_err,flux_mcatbgsub,flux_mcatbgsub_err,mag_mcatbgsub,mag_mcatbgsub_err_1,mag_mcatbgsub_err_2,cps,cps_err,flux,flux_err,mag,mag_err_1,mag_err_2,counts,flat_counts,bg_counts,bg_flat_counts,exptime,bg,mcat_bg,responses,detxs,detys,detrad,racent,deccent,q_mean,flags
754203890.995,754204006.995,754203930.3285,754203900.706,754203957.336,0.045970103572729834,0.025875434418167267,6.435814500182178e-17,3.622560818543418e-17,22.16381129440852,0.48481079739675437,0.8984865550527168,0.01713295596931947,0.030455942514732992,2.398613835704726e-17,4.263831952062619e-17,23.23541925306297,1.1091833843688512,,0.06039900356815351,0.02324720513339312,8.455860499541492e-17,3.254608718675037e-17,21.86742556521961,0.353541218145498,0.5276248302261379,4.0,6.750221938994409,9.0,5.599239108006363,111.76048511094292,1.6125808631058327,4.83543446847884,0.5937200282652971,720.4258422851562,463.4110107421875,326.63998023435164,56.24982386093349,0.7278548746291985,12.25,40.0
912490092.995,912491793.995,912490913.4282978,912490132.58,912491667.945,0.018043338156426673,0.006116708657487658,2.5260673418997343e-17,8.563392120482722e-18,23.179207778847616,0.31695220750811615,0.4494979009179083,-0.0031982220790939837,0.0071001983134798006,-4.477510910731577e-18,9.940277638871721e-18,,,,0.0395914536769407,0.004922178194652699,5.5428035147716976e-17,6.891049472513778e-18,22.325996379978953,0.12722895462280803,0.14414170533290616,47.0,64.69760911449477,168.0,122.26540508905407,1634.1306798789428,35.21243666564758,69.92392193500847,0.7274369630798431,585.3758544921875,669.4487915039062,327.0578827541452,56.2504215940083,0.7282424856150377,16.680850982666016,105.0
