t0,t1,t_mean,t0_data,t1_data,cps_bgsub,cps_bgsub_err,flux_bgsub,flux_bgsub_err,mag_bgsub,mag_bgsub_err_1,mag_bgsub_err_2,cps_mcatbgsub,cps_mcatbgsub_err,flux_mcatbgsub,flux_mcatbgsub_err,mag_mcatbgsub,mag_mcatbgsub_err_1,mag_mcatbgsub_err_2,cps,cps_err,flux,flux_err,mag,mag_err_1,mag_err_2,counts,flat_counts,bg_counts,bg_flat_counts,exptime,bg,mcat_bg,responses,detxs,detys,detrad,racent,deccent,q_mean,flags
749492145.995,749492246.995,749492197.876,749492197.876,749492197.876,0.0050359543170572915,0.013415761510617762,7.050336043880209e-18,1.8782066114864868e-17,24.56479554546719,1.4098874391633132,,0.0005169505282365116,0.015155574762095952,7.2373073953111625e-19,2.1217804666934335e-17,27.036377541404043,3.7042249897062547,,0.01069904852777389,0.010848453192223573,1.4978667938883447e-17,1.5187834469113003e-17,23.746637106607267,0.7601294167336761,,1.0,0.9726457103321451,2.0,1.787601939608062,90.90955217253509,0.514829358607122,0.9256499693148084,1.0281235905091421,397.9773864746094,241.66278076171875,158.35013723260437,17.7151593018754,0.122487332763855,10.0,0.0
875810858.995,875812453.995,875811735.1388235,875811029.7,875812399.16,-0.003282912577599824,0.003863313369526409,-4.596077608639754e-18,5.408638717336973e-18,,,,-0.0004440799729633744,0.0036229227631373708,-6.217119621487242e-19,5.072091868392319e-18,,,,0.010130500203603492,0.0025341718350204694,1.418270028504489e-17,3.547840569028657e-18,23.805922775962177,0.2424076456725821,0.31256789944234953,17.0,15.980474099918114,70.0,73.46924415319486,1577.4615052308814,21.159142316120125,16.680993162511808,1.0646400517172427,283.0294189453125,502.2332763671875,155.35044135450968,17.71462660466954,0.12159676727296442,11.588234901428223,0.0
877053101.995,877054787.995,877054007.56875,877053159.135,877054681.105,0.0031116582924142055,0.003499639680242281,4.356321609379888e-18,4.899495552339194e-18,25.08752025307077,0.8182370814459574,,0.0014364506402819168,0.0036400647778055332,2.0110308963946836e-18,5.0960906889277466e-18,25.9267732319098,1.3706875057479273,,0.011787824810851277,0.002656103517149122,1.650295473519179e-17,3.718544924008771e-18,23.64141581800836,0.22062912989339978,0.2772025618423193,20.0,19.69596898699678,50.0,50.3360427599863,1670.8739146568978,14.496780314876057,17.295841082457525,1.0164994256437425,257.1126708984375,463.8182678222656,156.49140591614818,17.714288475801293,0.12158572157050332,10.449999809265137,0.0
