t0,t1,t_mean,t0_data,t1_data,cps_bgsub,cps_bgsub_err,flux_bgsub,flux_bgsub_err,mag_bgsub,mag_bgsub_err_1,mag_bgsub_err_2,cps_mcatbgsub,cps_mcatbgsub_err,flux_mcatbgsub,flux_mcatbgsub_err,mag_mcatbgsub,mag_mcatbgsub_err_1,mag_mcatbgsub_err_2,cps,cps_err,flux,flux_err,mag,mag_err_1,mag_err_2,counts,flat_counts,bg_counts,bg_flat_counts,exptime,bg,mcat_bg,responses,detxs,detys,detrad,racent,deccent,q_mean,flags
753712552.995,753712666.995,753712591.997,753712555.734,753712628.26,0.001604727144705498,0.01818563285452997,2.2466180025876973e-18,2.545988599634196e-17,25.806497002575433,2.727631238503175,,-0.013048709683541847,0.021532043840413333,-1.8268193556958585e-17,3.014486137657867e-17,,,,0.019033058559450096,0.013139114597618256,2.6646281983230135e-17,1.8394760436665558e-17,23.121228540480857,0.569929534222176,1.272756453597843,2.0,2.0983840022069815,7.0,6.671749086747289,110.2494376115453,1.9214637369832195,3.5369969063737954,0.9533194876666364,477.48175048828125,578.9521484375,195.00587962706484,51.872690060195,0.8957314071728385,20.0,0.0
882815355.995,882817031.995,882816204.2727383,882815398.455,882816960.0,0.006942044131758705,0.00570249793880873,9.718861784462188e-18,7.983497114332223e-18,24.21628157442932,0.6510393387753304,1.8705616359928676,-0.002843041176877677,0.0062088439853296915,-3.980257647628748e-18,8.692381579461568e-18,,,,0.02984992802223025,0.004289368849212431,4.178989923112235e-17,6.005116388897404e-18,22.6326417793923,0.1457782098864584,0.1684323446324285,42.0,48.428363054122855,148.0,129.04731911274615,1622.394634186609,37.165627904470895,53.04089780426078,0.8681916577065343,518.9690551757812,553.6156005859375,194.29716630150932,51.87402082056621,0.895420998835248,19.095237731933594,64.0
912295094.995,912296592.995,912295725.6715715,912295112.7,912296590.095,-0.012056375486587594,0.006286295586947421,-1.6878925681222633e-17,8.80081382172639e-18,,,,-0.00913114397572456,0.0061251960555573385,-1.2783601566014385e-17,8.575274477780274e-18,,,,0.022878716723458127,0.003954529659556081,3.203020341284138e-17,5.536341523378513e-18,22.92142084737572,0.17310389328769915,0.20603607172432348,35.0,33.47138226674737,171.0,177.46446038638624,1462.9921193275807,51.109764591279244,46.83017394367791,1.0483670257183555,386.5272521972656,594.6041870117188,195.0699990666122,51.8739856699413,0.8956140859536403,16.77142906188965,65.0
