t0,t1,t_mean,t0_data,t1_data,cps_bgsub,cps_bgsub_err,flux_bgsub,flux_bgsub_err,mag_bgsub,mag_bgsub_err_1,mag_bgsub_err_2,cps_mcatbgsub,cps_mcatbgsub_err,flux_mcatbgsub,flux_mcatbgsub_err,mag_mcatbgsub,mag_mcatbgsub_err_1,mag_mcatbgsub_err_2,cps,cps_err,flux,flux_err,mag,mag_err_1,mag_err_2,counts,flat_counts,bg_counts,bg_flat_counts,exptime,bg,mcat_bg,responses,detxs,detys,detrad,racent,deccent,q_mean,flags
754203890.995,754204006.995,754203944.0528,754203900.267,754203993.023,0.12442236835934714,0.059573664327479056,2.563100788202551e-17,1.2272174851460685e-17,22.342753840476334,0.42477498766329447,0.7074929061385049,,,,,,,,0.23684994510820206,0.04905752566270765,4.8791088692289624e-17,1.0105850286517776e-17,21.643816778967754,0.20438053805345646,0.2519880778768524,20.0,23.309625572248123,45.0,38.41867399323269,98.41516138667205,11.064578110051016,,0.8581044616156422,495.71539306640625,273.5286865234375,158.60778544051232,55.977542650355076,1.1347504392296643,14.199999809265137,0.0
912490092.995,912491793.995,912490941.2013934,912490095.515,912491792.98,0.0835881449643377,0.01680490768765293,1.7219157862653564e-17,3.4618109836565034e-18,22.774638281930464,0.1988974319983079,0.24369304959784444,,,,,,,,0.24729275192902092,0.01303533838067475,5.0942306897378307e-17,2.685279706418998e-18,21.596971531209174,0.055774112529995534,0.058795109035454374,305.0,359.89694179562014,977.0,827.2469649509505,1455.3477163735045,238.24712590587382,,0.847634379265871,553.7770385742188,377.904052734375,155.3563918164362,55.97774821081104,1.134741573805721,13.226229667663574,0.0
