t0,t1,t_mean,t0_data,t1_data,cps_bgsub,cps_bgsub_err,flux_bgsub,flux_bgsub_err,mag_bgsub,mag_bgsub_err_1,mag_bgsub_err_2,cps_mcatbgsub,cps_mcatbgsub_err,flux_mcatbgsub,flux_mcatbgsub_err,mag_mcatbgsub,mag_mcatbgsub_err_1,mag_mcatbgsub_err_2,cps,cps_err,flux,flux_err,mag,mag_err_1,mag_err_2,counts,flat_counts,bg_counts,bg_flat_counts,exptime,bg,mcat_bg,responses,detxs,detys,detrad,racent,deccent,q_mean,flags
749327417.995,749327531.995,749327465.0884664,749327420.757,749327509.48,0.10782795001504264,0.060696462215277046,2.2212557703098782e-17,1.2503471216347071e-17,22.498171628393727,0.48482868115958055,0.898550498229362,,,,,,,,0.2079070455028596,0.04986919922923455,4.2828851373589077e-17,1.0273055041222316e-17,21.785326982886232,0.23343421444906554,0.2977702608104025,15.0,17.38095457087195,34.0,29.0506130322516,83.59964198824079,8.366576553288462,,0.8633530547342659,513.2357788085938,271.7137145996094,171.1131573673376,11.661739947013087,-1.2558462759713882,14.733333587646484,0.0
874662939.995,874664601.995,874663693.1582912,874662942.735,874664594.92,0.010585058079680937,0.012805665186955782,2.180521964414273e-18,2.637967028512891e-18,25.018266886715168,0.8608760139029634,,,,,,,,,0.12344712017335674,0.009255552008350227,2.5430106755711486e-17,1.9066437137201465e-18,22.35129759254819,0.07849676297388797,0.08461731480952395,158.0,177.8923510761749,636.0,564.7182267011115,1441.0409155463549,162.63884928992013,,0.888307298895669,334.5716857910156,544.6472778320312,158.7567298871025,11.661485041383994,-1.256039553661697,13.47468376159668,0.0
875804942.995,875806537.995,875805722.213886,875804943.035,875806526.91,0.04210143689110475,0.013769472951826976,8.67289599956758e-18,2.836511428076357e-18,23.519257704399614,0.3072220638697978,0.4300505947009441,0.012836115008144936,0.01450519230332605,2.644239691677857e-18,2.9880696144851662e-18,24.808916000992795,0.8209641917683754,,0.15441769098622238,0.010476752880799828,3.181004434316181e-17,2.1582110934447645e-18,22.108257364638515,0.07127242038799508,0.07628181339761042,193.0,217.2404571193451,616.0,548.6479701428427,1406.836585444915,158.01061540113872,199.18214091090826,0.8886292923486309,226.41143798828125,404.8796081542969,173.65713183464652,11.661616576326404,-1.2560039418559499,12.564766883850098,65.0
