t0,t1,t_mean,t0_data,t1_data,cps_bgsub,cps_bgsub_err,flux_bgsub,flux_bgsub_err,mag_bgsub,mag_bgsub_err_1,mag_bgsub_err_2,cps_mcatbgsub,cps_mcatbgsub_err,flux_mcatbgsub,flux_mcatbgsub_err,mag_mcatbgsub,mag_mcatbgsub_err_1,mag_mcatbgsub_err_2,cps,cps_err,flux,flux_err,mag,mag_err_1,mag_err_2,counts,flat_counts,bg_counts,bg_flat_counts,exptime,bg,mcat_bg,responses,detxs,detys,detrad,racent,deccent,q_mean,flags
849774280.995,849774389.995,849774345.9508334,849774289.47,849774384.825,-0.05826227754886441,0.061866651790199935,-1.2002029175066068e-17,1.2744530268781186e-17,,,,-0.05988963400077371,0.06201345645076439,-1.2337264604159385e-17,1.2774772028857465e-17,,,,0.14211646392975283,0.039852132094695514,2.927599156952908e-17,8.209539211507275e-18,22.19838901736187,0.2683801281200182,0.35730051977311206,12.0,12.71702906189549,66.0,62.25875439652875,89.48315142559012,17.930521266200284,18.076142250009894,0.9437490979566485,682.4739379882812,441.2266540527344,285.46657010408626,53.152844522569495,-0.42391859284336864,7.916666507720947,0.0
882644241.995,882645508.995,882644893.3709191,882644246.63,882645505.395,0.0007969342770842314,0.020740072042041566,1.6416846107935166e-19,4.2724548406605625e-18,27.826443733136415,3.5794070718318487,,-0.02234673702702713,0.021394883388446986,-4.6034278275675885e-18,4.407345978020079e-18,,,,0.18080989477071024,0.014681632127196946,3.724683832276631e-17,3.0244162182025708e-18,21.936944516416926,0.08476436318617075,0.09194667539292922,136.0,151.66861156152828,583.0,524.3059717149345,838.8291567442325,151.00011985390114,170.41370613789456,0.8970085476546378,133.10317993164062,264.9132080078125,299.13601243137333,53.152693771296676,-0.42410204811462343,8.227941513061523,32.0
913679056.995,913680694.995,913679912.7114594,913679064.425,913680693.38,0.062112814766910385,0.018890349881033327,1.2795239841983539e-17,3.891412075492865e-18,23.097046973455193,0.28830193924105885,0.3936792011687338,0.006241921527352664,0.02027474899234274,1.2858358346346488e-18,4.176598292422605e-18,25.591704238829045,1.5705017197502826,,0.2149112543569298,0.014441657522547285,4.427171839752754e-17,2.9749814496447406e-18,21.74935210253324,0.07061274836818043,0.07552660505457709,185.0,221.45435974670738,653.0,546.7030628874418,1030.4456153743845,157.45048211158326,215.02239907733585,0.8357193323129812,532.638671875,134.1930389404297,297.0628853029066,53.15272114257201,-0.4241944391795417,8.940540313720703,96.0
