t0,t1,t_mean,t0_data,t1_data,cps_bgsub,cps_bgsub_err,flux_bgsub,flux_bgsub_err,mag_bgsub,mag_bgsub_err_1,mag_bgsub_err_2,cps_mcatbgsub,cps_mcatbgsub_err,flux_mcatbgsub,flux_mcatbgsub_err,mag_mcatbgsub,mag_mcatbgsub_err_1,mag_mcatbgsub_err_2,cps,cps_err,flux,flux_err,mag,mag_err_1,mag_err_2,counts,flat_counts,bg_counts,bg_flat_counts,exptime,bg,mcat_bg,responses,detxs,detys,detrad,racent,deccent,q_mean,flags
749327273.995,749327387.995,749327331.8385,749327328.888,749327334.789,0.0037487753898859185,0.018604914114559157,5.248285545840286e-18,2.6046879760382822e-17,24.88527644952985,1.9386494851103393,,,,,,,,,0.02124929471277313,0.013777331816589924,2.9749012597882387e-17,1.9288264543225894e-17,23.00163870020288,0.5426344795353408,1.1347745332111465,2.0,2.3788047852612277,8.0,6.802565500891715,111.94747013562328,1.9591388642568144,,0.8409977570989748,543.9066162109375,346.17572021484375,153.64298644478646,12.666157560922901,-1.041419906984895,13.0,0.0
876893370.995,876895067.995,876894255.64,876893391.17,876895059.27,0.011862838641959177,0.0045551388748409465,1.660797409874285e-17,6.3771944247773254e-18,23.634528442052297,0.3528275835431103,0.526019817213303,0.010546670472832538,0.0046406278801669094,1.4765338661965553e-17,6.496879032233674e-18,23.762211557905918,0.39591286966336625,0.6295470054787025,0.02330088347414111,0.0037306079199980772,3.262123686379755e-17,5.2228510879973086e-18,22.90156902998105,0.16124404862824804,0.18943861834184617,39.0,39.01086320958144,67.0,66.49247197663225,1674.2224925881019,19.14983192927009,21.35339028205041,1.0009155182521288,239.5392303466797,406.3736877441406,160.58730489424042,12.666273079732026,-1.0418073022364027,7.92307710647583,0.0
