t0,t1,t_mean,t0_data,t1_data,cps_bgsub,cps_bgsub_err,flux_bgsub,flux_bgsub_err,mag_bgsub,mag_bgsub_err_1,mag_bgsub_err_2,cps_mcatbgsub,cps_mcatbgsub_err,flux_mcatbgsub,flux_mcatbgsub_err,mag_mcatbgsub,mag_mcatbgsub_err_1,mag_mcatbgsub_err_2,cps,cps_err,flux,flux_err,mag,mag_err_1,mag_err_2,counts,flat_counts,bg_counts,bg_flat_counts,exptime,bg,mcat_bg,responses,detxs,detys,detrad,racent,deccent,q_mean,flags
745260582.995,745260713.995,745260641.3895,745260584.577,745260708.964,0.008631567846898757,0.025522320362009066,1.2084194985658261e-17,3.5731248506812697e-17,23.97977577855308,1.4933761599841908,,,,,,,,,0.04575766358780323,0.018963450211174602,6.406072902292452e-17,2.6548830295644445e-17,22.1688403974273,0.3764553537565902,0.5810570736528469,6.0,5.822278434638072,16.0,16.40272191325845,127.24160234855194,4.723983911018434,,1.0317934245014315,189.4736785888672,457.6625671386719,218.28033272818107,327.24068650318463,-0.4335950975562217,10.333333015441895,0.0
777224737.995,777226407.995,777225614.2575511,777224766.335,777226370.055,-0.006946679933890377,0.0062307492777512385,-9.725351907446529e-18,8.723048988851734e-18,,,,-0.0015262693104922656,0.005958325118455987,-2.136777034689172e-18,8.341655165838382e-18,,,,0.02821258552360911,0.004157320664078867,3.949761973305275e-17,5.820248929710415e-18,22.693892778480606,0.1492463803830475,0.1730818639021301,49.0,46.05308513664707,188.0,199.27973921096248,1632.3596112135315,57.39256489275721,48.54450551492937,1.0653231083389536,270.0338134765625,588.1030883789062,228.6350399591619,327.24085366082954,-0.4337793122392821,14.020408630371094,0.0
905686822.995,905688432.995,905687663.5620239,905686960.22,905688319.425,0.008792162778408323,0.005777161752589423,1.2309027889771654e-17,8.088026453625193e-18,23.95976069991737,0.5483592431617481,1.162020639483071,0.0011158791717252251,0.006185488530866932,1.5622308404153152e-18,8.659683943213706e-18,26.20095707150217,2.03946762250607,,0.030621039425795023,0.004414200878831922,4.2869455196113034e-17,6.179881230364691e-18,22.604950178344442,0.14621292994393897,0.16901323880653152,42.0,48.121113875437416,137.0,119.11175999993779,1571.5049122369246,34.30418687998209,46.367504275608354,0.8738424847980679,498.5270690917969,582.7236938476562,207.5946329680797,327.24076250467783,-0.4339273542200235,17.738094329833984,0.0
