t0,t1,t_mean,t0_data,t1_data,cps_bgsub,cps_bgsub_err,flux_bgsub,flux_bgsub_err,mag_bgsub,mag_bgsub_err_1,mag_bgsub_err_2,cps_mcatbgsub,cps_mcatbgsub_err,flux_mcatbgsub,flux_mcatbgsub_err,mag_mcatbgsub,mag_mcatbgsub_err_1,mag_mcatbgsub_err_2,cps,cps_err,flux,flux_err,mag,mag_err_1,mag_err_2,counts,flat_counts,bg_counts,bg_flat_counts,exptime,bg,mcat_bg,responses,detxs,detys,detrad,racent,deccent,q_mean,flags
753712996.995,753713112.995,753713058.9225,753713019.688,753713097.133,0.008747751669360607,0.023062106635976447,1.224685233710485e-17,3.228694929036703e-17,23.965258885461505,1.4016632219090006,,,,,,,,,0.034581339178827365,0.01744808439717402,4.841387485035831e-17,2.4427318156043626e-17,22.472895481189543,0.44351801733322205,0.7625048359384543,4.0,3.928150408189799,10.0,10.189163566772397,113.59162199811027,2.934479107230451,,1.019370683894386,177.9870147705078,432.86651611328125,224.43255889450464,50.90981093294667,0.21041090900516152,7.5,0.0
913276818.995,913278488.995,913277752.6196874,913276867.16,913278436.32,-0.001560277709817456,0.006152016345605317,-2.1843887937444386e-18,8.612822883847444e-18,,,,-0.0031235096658178423,0.006229365751552399,-4.372913532144979e-18,8.72111205217336e-18,,,,0.030108749654031132,0.004294847054602398,4.215224951564359e-17,6.012785876443358e-18,22.623268198367697,0.14477781853626226,0.16709763400829658,48.0,49.146210454976824,184.0,179.489708788547,1632.2899828022864,51.69303613110155,54.244683993677405,0.9780025382955376,185.0409393310547,533.2681274414062,252.91854727444212,50.90954906994341,0.21027811823234857,11.1875,65.0
913288643.995,913290346.995,913289465.5238982,913288671.6,913290334.47,0.021281922104046475,0.006268587534645849,2.979469094566507e-17,8.776022548504189e-18,22.99997287685839,0.2802969693310473,0.3788342159424687,,,,,,,,0.0434262193076852,0.005101423788790727,6.079670703075928e-17,7.141993304307018e-18,22.22561994681556,0.12059294405846543,0.13568043727465096,59.0,72.46382199354032,158.0,128.30353703605914,1668.6652245758887,36.95141866638504,,0.8150729244836231,490.3760681152344,176.3045196533203,241.26230873367112,50.9096485144193,0.2103492997185028,11.271186828613281,0.0
