t0,t1,t_mean,t0_data,t1_data,cps_bgsub,cps_bgsub_err,flux_bgsub,flux_bgsub_err,mag_bgsub,mag_bgsub_err_1,mag_bgsub_err_2,cps_mcatbgsub,cps_mcatbgsub_err,flux_mcatbgsub,flux_mcatbgsub_err,mag_mcatbgsub,mag_mcatbgsub_err_1,mag_mcatbgsub_err_2,cps,cps_err,flux,flux_err,mag,mag_err_1,mag_err_2,counts,flat_counts,bg_counts,bg_flat_counts,exptime,bg,mcat_bg,responses,detxs,detys,detrad,racent,deccent,q_mean,flags
777384471.995,777386165.995,777385374.101403,777384474.495,777386165.74,0.06369014300484106,0.015641748998339422,1.3120169458997259e-17,3.222200293657921e-18,23.069819439956373,0.23843896993447444,0.3059833696144487,0.016465108265767053,0.01666213129021811,3.391812302748013e-18,3.4323990457849308e-18,24.53858852313472,0.7590516438122386,,0.20711011709847318,0.012023289843897235,4.2664684122285476e-17,2.4767977078428304e-18,21.78949671446697,0.06126819174121323,0.06493342116754164,253.0,296.7262684159926,837.0,713.4636195073745,1432.698086278954,205.4775224181239,273.13673931325235,0.8528825530281897,450.1405029296875,125.37122344970703,279.1684705398386,338.4329849603081,-0.46026826208314164,11.071146011352539,0.0
1002457246.995,1002457473.995,1002457356.8886249,1002457248.975,1002457472.605,0.1401327950811004,0.05658408568630941,2.886735578670668e-17,1.1656321651379739e-17,22.213650538730185,0.3682546122648276,0.5615000973016038,,,,,,,,0.3057516489501125,0.04557193882292963,6.298483968372317e-17,9.387819397523502e-18,21.3665779802263,0.15084625319607525,0.17523845603706079,40.0,45.0134815342814,95.0,84.66249902722451,147.22236720177412,24.382799719840666,,0.8896689593133751,390.76885986328125,315.72625732421875,84.77781344672398,338.43309523764754,-0.46028838910191505,8.100000381469727,0.0
