t0,t1,t_mean,t0_data,t1_data,cps_bgsub,cps_bgsub_err,flux_bgsub,flux_bgsub_err,mag_bgsub,mag_bgsub_err_1,mag_bgsub_err_2,cps_mcatbgsub,cps_mcatbgsub_err,flux_mcatbgsub,flux_mcatbgsub_err,mag_mcatbgsub,mag_mcatbgsub_err_1,mag_mcatbgsub_err_2,cps,cps_err,flux,flux_err,mag,mag_err_1,mag_err_2,counts,flat_counts,bg_counts,bg_flat_counts,exptime,bg,mcat_bg,responses,detxs,detys,detrad,racent,deccent,q_mean,flags
753712846.995,753712963.995,753712945.381,753712945.381,753712945.381,0.0023557777041824154,0.012976715226905631,3.2980887858553817e-18,1.8167401317667885e-17,25.389664232082588,2.0336961649123353,,,,,,,,,0.01081004417191662,0.00972079472339171,1.5134061840683267e-17,1.3609112612748395e-17,23.735431328581004,0.696448066371822,2.491750299595754,1.0,1.2366630731165338,4.0,3.358206274242237,114.3994467968278,0.9671634069817644,,0.8086276866664132,327.0201110839844,133.06063842773438,276.7357709852536,51.8943334858138,-0.468509160638159,9.0,0.0
913341877.995,913343578.995,913342713.7618966,913342061.7,913343414.07,0.009746455190075375,0.004815808998811379,1.3645037266105526e-17,6.742132598335931e-18,23.84788327391113,0.4359555383265885,0.7398571262174016,-0.0038797078353543695,0.0056032079507976505,-5.431590969496117e-18,7.844491131116711e-18,,,,0.024133415320809978,0.003811828840482306,3.3786781449133973e-17,5.336560376675228e-18,22.86345303277229,0.159222803914286,0.18665294284901535,29.0,40.08397573277222,115.0,82.97142633442363,1660.9325783329245,23.89577078431401,46.5279088709258,0.725002049305957,600.2911987304688,212.40953063964844,274.42075082567123,51.894507387112775,-0.46995045279836634,11.482758522033691,8.0
913353706.995,913355013.995,913354384.8552173,913353738.405,913354989.82,0.0012823759226479887,0.005561615735361975,1.795326291707184e-18,7.786262029506766e-18,26.04996161177062,1.818235290564239,,-0.008117256510674074,0.0061874683740332165,-1.1364159114943704e-17,8.662455723646503e-18,,,,0.020411190876527246,0.003995920016686047,2.8575667227138144e-17,5.5942880233604656e-18,23.04532913984915,0.19412007575448342,0.23655072717159698,23.0,26.0917443575534,96.0,84.90442963691814,1278.305833078988,24.452475735432426,36.46808070374646,0.8827035549799571,273.6183776855469,147.46141052246094,282.39697879782295,51.89428062739719,-0.47010191426249376,8.260869979858398,0.0
