t0,t1,t_mean,t0_data,t1_data,cps_bgsub,cps_bgsub_err,flux_bgsub,flux_bgsub_err,mag_bgsub,mag_bgsub_err_1,mag_bgsub_err_2,cps_mcatbgsub,cps_mcatbgsub_err,flux_mcatbgsub,flux_mcatbgsub_err,mag_mcatbgsub,mag_mcatbgsub_err_1,mag_mcatbgsub_err_2,cps,cps_err,flux,flux_err,mag,mag_err_1,mag_err_2,counts,flat_counts,bg_counts,bg_flat_counts,exptime,bg,mcat_bg,responses,detxs,detys,detrad,racent,deccent,q_mean,flags
753712400.995,753712519.995,753712407.268,753712404.299,753712410.237,0.004864429884914864,0.018095582369161842,6.810201838880809e-18,2.5333815316826582e-17,24.602420130187063,1.6848504189745164,,,,,,,,,0.021282744179312633,0.013595951455305389,2.9795841851037686e-17,1.9034332037427546e-17,22.999930937994186,0.5363315259161539,1.1057061360444855,2.0,2.4503946697555885,8.0,6.563636049207793,115.13527809714661,1.8903271821718448,,0.8162099556376499,468.27178955078125,164.25433349609375,245.43238686823128,51.52897985198485,1.13104699951652,12.5,0.0
913318217.995,913319920.995,913319117.7760975,913318333.815,913319876.58,0.014862138435347935,0.00535114897628366,2.0806993809487112e-17,7.491608566797125e-18,23.38979674429617,0.33388912242223867,0.4846390048275637,0.000259568053904406,0.006116355854233298,3.6339527546616845e-19,8.562898195926618e-18,27.784371897425373,3.4757297110268226,,0.031256765405879655,0.004333923697287851,4.375947156823152e-17,6.0674931762029915e-18,22.582639916964585,0.14098090908756333,0.162057838543884,41.0,52.014633725012,120.0,94.73066002416543,1664.1080114843749,27.282430086959646,51.58268444698427,0.7894825049052635,515.5966186523438,182.27276611328125,246.51110851200463,51.52774913450507,1.1307077307805655,11.87804889678955,0.0
913324132.995,913325835.995,913325130.4676191,913324161.365,913325805.67,0.011020050864819492,0.005450647385657734,1.542807121074729e-17,7.630906339920828e-18,23.714541002308714,0.4363210293620199,0.7409372932317133,-0.001078271003254954,0.00608282506812011,-1.5095794045569357e-18,8.515955095368155e-18,,,,0.030158614869852152,0.004263269133037747,4.222206081779302e-17,5.968576786252846e-18,22.621471521743214,0.14355811362990423,0.16547419377349826,42.0,50.042302405325486,130.0,110.26628751903644,1659.3037386259382,31.7566908054825,51.83148151227837,0.8410253203657082,376.2091369628906,150.4593963623047,250.67213253155177,51.527821515706115,1.1307734847868423,8.119047164916992,0.0
