t0,t1,t_mean,t0_data,t1_data,cps_bgsub,cps_bgsub_err,flux_bgsub,flux_bgsub_err,mag_bgsub,mag_bgsub_err_1,mag_bgsub_err_2,cps_mcatbgsub,cps_mcatbgsub_err,flux_mcatbgsub,flux_mcatbgsub_err,mag_mcatbgsub,mag_mcatbgsub_err_1,mag_mcatbgsub_err_2,cps,cps_err,flux,flux_err,mag,mag_err_1,mag_err_2,counts,flat_counts,bg_counts,bg_flat_counts,exptime,bg,mcat_bg,responses,detxs,detys,detrad,racent,deccent,q_mean,flags
749491991.995,749492102.995,749492061.324,749492061.324,749492061.324,0.0012671629292296878,0.012587744461355016,1.774028100921563e-18,1.7622842245897025e-17,26.06291885206496,2.5969279200721616,,-0.0012948361899634173,0.013505404876133848,-1.8127706659487843e-18,1.890756682658739e-17,,,,0.009110466992680047,0.009227521809343237,1.2754653789752066e-17,1.2918530533080533e-17,23.92114840247805,0.7595276604642294,,1.0,0.9747901169116046,3.0,2.913916095357604,106.99672340559661,0.83920783546299,1.1133333465846769,1.0258618574922231,237.14642333984375,576.3003540039062,240.0064629398718,18.5671676348677,-0.129388280973658,12.0,0.0
875361179.995,875362713.995,875362003.5900002,875361243.98,875362709.915,0.0010138432097927417,0.0038363421737612614,1.4193804937098385e-18,5.3708790432657665e-18,26.305073007937764,1.6994688541938743,,0.0007787762771601114,0.0038567817509088586,1.090286788024156e-18,5.3994944512724024e-18,26.591468215733688,1.9367232706316173,,0.011507653532248202,0.0027745013240031563,1.6110714945147483e-17,3.884301853604419e-18,23.667533055366224,0.23451739952279738,0.29953937100821193,17.0,17.202979939727015,55.0,54.47003160724129,1494.9163955552406,15.687369102885494,16.038774514530893,0.9886240529504422,311.1156005859375,632.405517578125,248.8227502861319,18.568117962239715,-0.1285057802528103,14.411765098571777,0.0
906136487.995,906138061.995,906137248.5488461,906136532.765,906138005.07,0.005540519105649298,0.0031817841272968727,7.756726747909018e-18,4.454497778215622e-18,24.46112385796348,0.4927018103404954,0.9271782736132437,-0.00019731430974758595,0.0037249622703841414,-2.7624003364662036e-19,5.214947178537798e-18,,,,0.01051208839700454,0.00262167246280376,1.4716923755806356e-17,3.670341447925264e-18,23.76577748937848,0.24175025029686026,0.3114727677541538,13.0,16.0775971934753,33.0,26.401776389328912,1529.438926527356,7.603711600126728,16.379377379564133,0.8093627793194371,560.9764404296875,592.2295532226562,250.73016473012328,18.568196893564092,-0.12836258338515885,17.076923370361328,0.0
