t0,t1,t_mean,t0_data,t1_data,cps_bgsub,cps_bgsub_err,flux_bgsub,flux_bgsub_err,mag_bgsub,mag_bgsub_err_1,mag_bgsub_err_2,cps_mcatbgsub,cps_mcatbgsub_err,flux_mcatbgsub,flux_mcatbgsub_err,mag_mcatbgsub,mag_mcatbgsub_err_1,mag_mcatbgsub_err_2,cps,cps_err,flux,flux_err,mag,mag_err_1,mag_err_2,counts,flat_counts,bg_counts,bg_flat_counts,exptime,bg,mcat_bg,responses,detxs,detys,detrad,racent,deccent,q_mean,flags
750539624.995,750539738.995,750539715.615,750539697.482,750539733.748,0.012230031430603583,0.014477167308984016,1.7122044002845016e-17,2.0268034232577623e-17,23.601431067114895,0.8480019126139418,,,,,,,,,0.01758670173357031,0.012674976674869425,2.4621382426998433e-17,1.7744967344817195e-17,23.207039004713664,0.5892715339670431,1.384875873992108,2.0,1.9251938188677595,2.0,2.036068990510709,109.4687251784603,0.5863878692670844,,1.0389879233026371,347.59130859375,559.427734375,167.82095644722412,356.80446654365846,-0.267768996711349,14.5,0.0
843501435.995,843503133.995,843502255.1047058,843501475.985,843503103.635,0.019956011553834054,0.004207633300504767,2.7938416175367675e-17,5.8906866207066734e-18,23.069815633228597,0.20772174335950666,0.25709477334523356,0.014349489912662305,0.004588606696565861,2.008928587772723e-17,6.424049375192206e-18,23.42790884175936,0.30124966099766226,0.4183683665015465,0.02478774989666026,0.0038491750411767016,3.4702849855324365e-17,5.3888450576473825e-18,22.834407236107445,0.1567231889968248,0.1832249666030883,34.0,41.47046346344175,34.0,28.06807983760495,1673.02250653373,8.083606993230228,17.46344388227899,0.8205401159354501,518.9509887695312,510.0559387207031,162.054458059457,356.80473102515435,-0.2678918517177866,18.08823585510254,65.0
903888534.995,903889973.995,903889349.8822415,903888609.095,903889947.525,0.014886528907979087,0.004743793410701876,2.0841140471170723e-17,6.641310774982626e-18,23.388016387225722,0.30033496354047884,0.41659586257020464,0.011710872283192073,0.0049743687646027004,1.6395221196468903e-17,6.96411627044378e-18,23.64852688835066,0.3843581013192896,0.6003867592548744,0.023389495430437335,0.004062488747079913,3.274529360261227e-17,5.687484245911879e-18,22.89744786725356,0.17388221701523676,0.20714064066058313,29.0,33.14800259528398,48.0,41.842198217477716,1417.2175151819501,12.050553086633585,16.551149277485337,0.8759389612406592,464.31561279296875,253.33607482910156,160.14619881679982,356.804537863106,-0.26796169938503644,11.758620262145996,65.0
