t0,t1,t_mean,t0_data,t1_data,cps_bgsub,cps_bgsub_err,flux_bgsub,flux_bgsub_err,mag_bgsub,mag_bgsub_err_1,mag_bgsub_err_2,cps_mcatbgsub,cps_mcatbgsub_err,flux_mcatbgsub,flux_mcatbgsub_err,mag_mcatbgsub,mag_mcatbgsub_err_1,mag_mcatbgsub_err_2,cps,cps_err,flux,flux_err,mag,mag_err_1,mag_err_2,counts,flat_counts,bg_counts,bg_flat_counts,exptime,bg,mcat_bg,responses,detxs,detys,detrad,racent,deccent,q_mean,flags
754203301.995,754203414.995,754203368.9271666,754203322.57,754203410.533,0.021942039489430982,0.031888420582770305,3.071885528520338e-17,4.4643788815878426e-17,22.966807519177628,0.9743777482061873,,,,,,,,,0.06217842908985856,0.024846858225762658,8.704980072580198e-17,3.4785601516067725e-17,21.835900636024128,0.3650143004993396,0.5539087018271971,6.0,6.262338331760322,15.0,14.070946073544507,100.71560866727853,4.052432469180819,,0.9595381178436545,229.8623809814453,315.3020324707031,190.05408469405936,57.190051789414554,0.2004252339083358,6.666666507720947,0.0
913418770.995,913420466.995,913419632.850959,913418775.33,913420448.98,0.0061127775346869325,0.007457908491708856,8.557888548561706e-18,1.0441071888392399e-17,24.354403523537144,0.8659080302965307,,-0.0003978384979907283,0.007722825003575868,-5.569738971870197e-19,1.0811955005006216e-17,,,,0.048078349415529006,0.005449599985670354,6.730968918174061e-17,7.629439979938496e-18,22.115126126433452,0.11657764228966983,0.13061739297370423,73.0,77.83408934783468,250.0,235.89620661828653,1618.901029133391,67.93810750606653,78.47815050166075,0.9390230258423294,206.3027801513672,335.38616943359375,204.19000973983484,57.19028999958353,0.20052286848577167,6.50684928894043,65.0
913424685.995,913426383.995,913425579.4045713,913424687.895,913426327.23,0.0070274937779334955,0.007288320198519587,9.838491289106894e-18,1.0203648277927422e-17,24.2029988255999,0.7725389416374782,,-0.001941780204524534,0.007660607453717774,-2.7184922863343476e-18,1.0724850435204884e-17,,,,0.04631869495226446,0.005360972957042808,6.484617293317025e-17,7.505362139859931e-18,22.155609213821943,0.11890849943102211,0.1335513015379668,70.0,74.6492409363195,235.0,219.87299876693126,1611.643873240647,63.323423644876215,77.77869910612144,0.9385259472851729,210.72146606445312,346.92340087890625,196.57947192688064,57.190235317245914,0.20035689696961398,6.828571319580078,65.0
