t0,t1,t_mean,t0_data,t1_data,cps_bgsub,cps_bgsub_err,flux_bgsub,flux_bgsub_err,mag_bgsub,mag_bgsub_err_1,mag_bgsub_err_2,cps_mcatbgsub,cps_mcatbgsub_err,flux_mcatbgsub,flux_mcatbgsub_err,mag_mcatbgsub,mag_mcatbgsub_err_1,mag_mcatbgsub_err_2,cps,cps_err,flux,flux_err,mag,mag_err_1,mag_err_2,counts,flat_counts,bg_counts,bg_flat_counts,exptime,bg,mcat_bg,responses,detxs,detys,detrad,racent,deccent,q_mean,flags
745792784.995,745794267.995,745793570.4350227,745792786.745,745794260.45,0.06539650930199234,0.015378921140090627,1.3471680916210422e-17,3.168057754858669e-18,23.04111358145775,0.22931178394869534,0.2910795527764911,0.036902654107786204,0.01607021185405276,7.601946746203958e-18,3.3104636419348685e-18,23.662355993619013,0.3924896685359549,0.6207935397275008,0.18768821136577074,0.01196678783942049,3.866377154134877e-17,2.465158294920621e-18,21.89640751103555,0.06710798368809634,0.07153070685275864,221.0,245.99076794038473,621.0,556.527096715125,1310.6351547087459,160.27980385395605,197.62485216466303,0.8986720030745863,578.965576171875,183.07525634765625,281.2205928860229,348.5741552305334,0.191129834604477,12.126696586608887,0.0
750960374.995,750960478.995,750960432.7223636,750960377.884,750960469.05,-0.03964058162160298,0.05560391334557258,-8.165959814050213e-18,1.1454406149187952e-17,,,,,,,,,,,0.12164796918337266,0.03645971635247632,2.5059481651774768e-17,7.510701568610122e-18,22.36723784218878,0.28462029539824485,0.3868128798868149,11.0,11.132255232935236,52.0,51.24946591577263,91.51205159992789,14.759846183742521,,0.9882315176985847,301.3538818359375,655.8591918945312,274.21703576867856,348.574032618324,0.1912751727865469,10.818181991577148,0.0
907597619.995,907599316.995,907598469.9650211,907597648.08,907599315.67,0.0636622752293428,0.013781892545419672,1.3114428697244617e-17,2.8390698643564522e-18,23.07029461041182,0.2127664032673664,0.2648809477363798,0.03739338252996022,0.014397899144029648,7.703036801171804e-18,2.9659672236701076e-18,23.64801311916496,0.3536547656541842,0.5278805226596148,0.17554754333100964,0.010770554587611964,3.6162793926187986e-17,2.2187342450480646e-18,21.969013109533197,0.06465071435900072,0.06874548552800874,238.0,265.6521774652254,657.0,587.894020472545,1513.2776706781701,169.31347789609296,209.06560665150943,0.8961485526103932,143.8907012939453,290.0068359375,278.73010067839317,348.5741400427335,0.1910334938759454,8.277311325073242,0.0
