t0,t1,t_mean,t0_data,t1_data,cps_bgsub,cps_bgsub_err,flux_bgsub,flux_bgsub_err,mag_bgsub,mag_bgsub_err_1,mag_bgsub_err_2,cps_mcatbgsub,cps_mcatbgsub_err,flux_mcatbgsub,flux_mcatbgsub_err,mag_mcatbgsub,mag_mcatbgsub_err_1,mag_mcatbgsub_err_2,cps,cps_err,flux,flux_err,mag,mag_err_1,mag_err_2,counts,flat_counts,bg_counts,bg_flat_counts,exptime,bg,mcat_bg,responses,detxs,detys,detrad,racent,deccent,q_mean,flags
754203890.995,754204006.995,754203943.3045714,754203910.795,754203994.625,0.038473800222077366,0.03097043315648018,5.3863320310908314e-17,4.335860641907226e-17,22.357087286119743,0.6411777559456056,1.7747722321131008,,,,,,,,0.07283542550923201,0.02552861135727699,1.0196959571292483e-16,3.5740055900187784e-17,21.664143345636102,0.3262342054020557,0.4685474000115484,7.0,8.140122488173716,15.0,13.334277469766825,111.76048511094292,3.840271911292846,,0.8609220926744025,496.0528259277344,274.0819396972656,158.37140928559893,55.97772490801947,1.1345078095837644,12.571428298950195,0.0
912490092.995,912491793.995,912490877.6397437,912490107.595,912491792.74,0.024286456138412647,0.007471639117276326,3.400103859377771e-17,1.0460294764186858e-17,22.856589631247488,0.2912257487624821,0.3991800045445757,,,,,,,,0.05775622022461254,0.005945056549546516,8.085870831445756e-17,8.323079169365122e-18,21.91600309076478,0.10637343339337946,0.1179385426853159,78.0,94.38121142288404,230.0,189.9096122971168,1634.1306798789428,54.69396834156965,,0.8273132913453302,553.9981689453125,377.5174560546875,155.63065514467874,55.97752104539666,1.1347581929969792,14.333333015441895,0.0
