t0,t1,t_mean,t0_data,t1_data,cps_bgsub,cps_bgsub_err,flux_bgsub,flux_bgsub_err,mag_bgsub,mag_bgsub_err_1,mag_bgsub_err_2,cps_mcatbgsub,cps_mcatbgsub_err,flux_mcatbgsub,flux_mcatbgsub_err,mag_mcatbgsub,mag_mcatbgsub_err_1,mag_mcatbgsub_err_2,cps,cps_err,flux,flux_err,mag,mag_err_1,mag_err_2,counts,flat_counts,bg_counts,bg_flat_counts,exptime,bg,mcat_bg,responses,detxs,detys,detrad,racent,deccent,q_mean,flags
753889815.995,753889945.995,753889906.8287499,753889860.557,753889940.16,0.005559696895039353,0.023059184419770524,7.783575653055094e-18,3.2282858187678735e-17,24.457372211872233,1.7790038458526247,,,,,,,,,0.03618800620410407,0.016970123738237183,5.06632086857457e-17,2.375817323353206e-17,22.423588359748752,0.41751259582393985,0.687147807837281,4.0,4.547359548924717,15.0,13.363652519679427,125.65930057812919,3.8487319256676757,,0.8801424028019533,394.1465148925781,180.05116271972656,220.02671271654043,53.3295820426831,0.201859535222639,9.0,0.0
882637898.995,882639594.995,882638733.3424039,882637909.16,882639593.97,0.007336040202534807,0.0061850813907113455,1.027045628354873e-17,8.659113946995884e-18,24.156345743341276,0.6638775392107839,2.011004801011378,0.002265010025050196,0.006429147583682696,3.1710140350702745e-18,9.000806617155776e-18,25.432324678593275,1.4603934507649896,,0.03517368868932318,0.004621096403818753,4.924316416505246e-17,6.469534965346254e-18,22.454455211321992,0.134020620547588,0.152924627229293,52.0,57.9356352813204,176.0,159.2091108278994,1647.1299269475398,45.85222391843503,54.20486948422403,0.8988797526529039,291.5566711425781,208.17674255371094,220.35452723051606,53.32930780121437,0.20148930416867206,8.480769157409668,0.0
912212374.995,912213781.995,912213050.7638159,912212382.425,912213779.42,0.0219288171078485,0.006191436662579477,3.07003439509879e-17,8.668011327611268e-18,22.967461986400078,0.27001007550916256,0.36020690396853183,0.005887786436834911,0.00707738841976946,8.242901011568875e-18,9.908343787677245e-18,24.39511987803943,0.857065823831455,,0.03711867836884174,0.00521556532223023,5.1966149716378435e-17,7.301791451122321e-18,22.3960187386853,0.14274825225387744,0.16439860437697007,38.0,50.650324359523154,95.0,71.96992428286704,1364.550856477697,20.72733819346571,42.61614033438231,0.7509736132675754,562.8362426757812,265.6162109375,211.12708185251938,53.32920645253706,0.20114026540430185,12.078947067260742,8.0
