t0,t1,t_mean,t0_data,t1_data,cps_bgsub,cps_bgsub_err,flux_bgsub,flux_bgsub_err,mag_bgsub,mag_bgsub_err_1,mag_bgsub_err_2,cps_mcatbgsub,cps_mcatbgsub_err,flux_mcatbgsub,flux_mcatbgsub_err,mag_mcatbgsub,mag_mcatbgsub_err_1,mag_mcatbgsub_err_2,cps,cps_err,flux,flux_err,mag,mag_err_1,mag_err_2,counts,flat_counts,bg_counts,bg_flat_counts,exptime,bg,mcat_bg,responses,detxs,detys,detrad,racent,deccent,q_mean,flags
749327126.995,749327241.995,749327188.032125,749327140.103,749327226.525,-0.04174314076398426,0.054610299000352754,-8.599086997380758e-18,1.1249721594072667e-17,,,,,,,,,,,0.10650337458299709,0.03531012347304789,2.1939695164097402e-17,7.273885435447866e-18,22.511591578226117,0.310885502527519,0.43731135708583224,8.0,9.097629892431966,50.0,43.97004420537517,85.42104818793575,12.663372731148051,,0.8794737406325532,432.9483642578125,476.8537902832031,83.61877652872029,12.368973175772975,-0.060127690647511396,15.625,0.0
874657022.995,874658521.995,874657815.3958064,874657030.99,874658506.185,0.08105448727996124,0.015223621647978773,1.6697224379672016e-17,3.136066059483627e-18,22.808057342631482,0.1868762210722288,0.225868742837406,0.03997824308943443,0.016278663850027384,8.235518076423493e-18,3.353404753105641e-18,23.57544073898457,0.3708803653451582,0.5677076719000667,0.18374102114619073,0.01219308627692888,3.785065035611529e-17,2.5117757730473493e-18,21.919484685873893,0.0697597929142475,0.07455157839165238,186.0,227.08317493884107,538.0,440.656153267501,1235.887193411023,126.90897214104031,177.67457628953633,0.8193497706929511,335.7247009277344,344.9816589355469,84.60692598312315,12.36884314195841,-0.06008994569463733,14.204300880432129,0.0
874668855.995,874670517.995,874669716.3651803,874668863.735,874670511.22,0.07593738322496947,0.014056653327052153,1.564310094434371e-17,2.8956705853727436e-18,22.87886093142671,0.18439526118175564,0.2222504994128336,0.04008963390463761,0.014900833847308859,8.258464584355347e-18,3.0695717725456248e-18,23.572419774185473,0.3431383087613895,0.5045615280788951,0.1828457326805897,0.011166307082271882,3.766622093220148e-17,2.3002592589480075e-18,21.924787927320835,0.06435963153209201,0.0684164437534669,222.0,268.1331584227082,658.0,544.3582780945255,1466.4447153989956,156.7751840912234,209.343926640972,0.8281968403523587,320.19439697265625,346.087158203125,96.30954669799277,12.36873012815135,-0.06002479978515316,14.180180549621582,0.0
