t0,t1,t_mean,t0_data,t1_data,cps_bgsub,cps_bgsub_err,flux_bgsub,flux_bgsub_err,mag_bgsub,mag_bgsub_err_1,mag_bgsub_err_2,cps_mcatbgsub,cps_mcatbgsub_err,flux_mcatbgsub,flux_mcatbgsub_err,mag_mcatbgsub,mag_mcatbgsub_err_1,mag_mcatbgsub_err_2,cps,cps_err,flux,flux_err,mag,mag_err_1,mag_err_2,counts,flat_counts,bg_counts,bg_flat_counts,exptime,bg,mcat_bg,responses,detxs,detys,detrad,racent,deccent,q_mean,flags
753629849.995,753629969.995,753629887.395,753629887.395,753629887.395,-0.013048306806082668,0.016009406814805865,-1.8267629528515738e-17,2.2413169540728213e-17,,,,,,,,,,,0.008574525426629025,0.00853091894229399,1.2004335597280636e-17,1.1943286519211586e-17,23.986974768679392,0.749810670837757,5.73414754590517,1.0,1.01024929053297,9.0,8.845829261813183,117.8198489441226,2.547598827402197,,0.9898546916795528,217.00816345214844,560.073974609375,243.1248436305892,34.5891661302864,0.0306789941637883,11.0,0.0
908863633.995,908865004.995,908864467.0053334,908863702.41,908864972.645,0.0017774367578724172,0.003917760766536216,2.4884114610213842e-18,5.484865073150702e-18,25.695514606869118,1.264286584743214,,-0.0006860695906294732,0.004145499938109433,-9.604974268812624e-19,5.803699913353207e-18,,,,0.011184304538099552,0.0028873662001502715,1.5658026353339373e-17,4.04231268021038e-18,23.698477540017198,0.2493417013947301,0.32422780381191885,15.0,15.004247917592657,43.0,43.81852954368383,1341.5450076918412,12.619736508580944,15.924641151830812,1.0009020634792818,230.2267608642578,456.14459228515625,178.81601709441,34.58970556686443,0.029707883954753777,9.399999618530273,0.0
908887268.995,908888965.995,908888157.2493182,908887345.085,908888934.04,0.007683552368153208,0.00380111412847637,1.0756973315414493e-17,5.321559779866918e-18,24.10609486099115,0.4363908315696463,0.7411437493408357,0.0036291323355063924,0.0041106078452492305,5.080785269708949e-18,5.754850983348923e-18,24.920492987646647,0.8223089423389993,,0.01580360845701834,0.0030894074396216093,2.2125051839825677e-17,4.3251704154702534e-18,23.32310934684734,0.19386257181633937,0.23616796928945405,22.0,26.167494794358976,55.0,46.68446933715396,1655.7924011802547,13.445127169100344,20.15840505034994,0.8422707697618556,390.5804443359375,157.2761993408203,242.90650760188697,34.589796656983296,0.030054700225954033,9.272727012634277,0.0
