t0,t1,t_mean,t0_data,t1_data,cps_bgsub,cps_bgsub_err,flux_bgsub,flux_bgsub_err,mag_bgsub,mag_bgsub_err_1,mag_bgsub_err_2,cps_mcatbgsub,cps_mcatbgsub_err,flux_mcatbgsub,flux_mcatbgsub_err,mag_mcatbgsub,mag_mcatbgsub_err_1,mag_mcatbgsub_err_2,cps,cps_err,flux,flux_err,mag,mag_err_1,mag_err_2,counts,flat_counts,bg_counts,bg_flat_counts,exptime,bg,mcat_bg,responses,detxs,detys,detrad,racent,deccent,q_mean,flags
749492278.995,749492390.995,749492282.316,749492282.316,749492282.316,0.0012605091933465666,0.012102629902201071,1.764712870685193e-18,1.6943681863081502e-17,26.068634956275613,2.563406178671311,,-0.0019222687728162058,0.013233641654625003,-2.6911762819426883e-18,1.8527098316475004e-17,,,,0.008764664060832658,0.008883198717887092,1.2270529685165722e-17,1.243647820504193e-17,23.963161813107615,0.7598921087189794,,1.0,0.973490672473505,3.0,2.8940486027470294,111.06993556362521,0.8334859975911446,1.1869969412061698,1.027231208552968,200.01283264160156,372.9669189453125,201.80598251624102,17.6322578498035,1.01074452603499,9.0,0.0
780207087.995,780208730.995,780207793.0252501,780207180.795,780208662.96,-0.0018752189625270922,0.004079132681690371,-2.6253065475379292e-18,5.710785754366519e-18,,,,0.0008378375666387873,0.003867373590935031,1.1729725932943023e-18,5.4143230273090434e-18,26.512100427022936,1.8735482225264306,,0.012476017246394149,0.0027817475156517533,1.746642414495181e-17,3.894446521912455e-18,23.579810083903812,0.21853737099609916,0.27390216797817857,20.0,20.11483688580823,81.0,80.34102599250879,1612.2803045676997,23.138215485842537,18.764007878689586,0.9964988013598548,143.1823272705078,217.742919921875,314.9173864123679,17.632166857873973,1.011936896425378,7.75,32.0
874603779.995,874605452.995,874604996.2813334,874604067.67,874605451.45,-0.005554114853533289,0.00374437610577996,-7.775760794946604e-18,5.2421265480919446e-18,,,,-0.002347067929659098,0.0034765469726831585,-3.2858951015227374e-18,4.867165761756422e-18,,,,0.00884769506286855,0.0023098707694082423,1.2386773088015971e-17,3.2338190771715395e-18,23.95292463451403,0.25184827941469123,0.32849225406063454,15.0,14.671851622164425,80.0,82.9238327211813,1658.2682289468055,23.882063823700218,18.563919801098063,1.023592639990858,391.56146240234375,601.9456787109375,202.12190892332345,17.632230796527573,1.0119689909670195,16.46666717529297,0.0
