t0,t1,t_mean,t0_data,t1_data,cps_bgsub,cps_bgsub_err,flux_bgsub,flux_bgsub_err,mag_bgsub,mag_bgsub_err_1,mag_bgsub_err_2,cps_mcatbgsub,cps_mcatbgsub_err,flux_mcatbgsub,flux_mcatbgsub_err,mag_mcatbgsub,mag_mcatbgsub_err_1,mag_mcatbgsub_err_2,cps,cps_err,flux,flux_err,mag,mag_err_1,mag_err_2,counts,flat_counts,bg_counts,bg_flat_counts,exptime,bg,mcat_bg,responses,detxs,detys,detrad,racent,deccent,q_mean,flags
754203156.995,754203266.995,754203220.6202352,754203157.366,754203264.724,-0.042940016541533434,0.07471635168691551,-8.845643407555888e-18,1.5391568447504596e-17,,,,-0.033862226618555764,0.07401669647239578,-6.975618683422487e-18,1.524743947331353e-17,,,,0.22202490552474768,0.05044946439045965,4.573713053809802e-17,1.0392589664434687e-17,21.713995765165226,0.2223099075877606,0.2798664244091178,17.0,19.368244917969275,91.0,80.25728598131855,87.23455988954547,23.114098362619746,22.322201353919038,0.8779279310357899,269.88201904296875,249.18434143066406,199.18848319628538,56.235752731354495,0.4021343717813054,13.058823585510254,0.0
912632060.995,912633761.995,912632932.7723982,912632065.025,912633754.8,0.06095442824457672,0.01709501139780295,1.2556612218382804e-17,3.521572347947408e-18,23.117486845199103,0.26841131865688794,0.35735602226062824,,,,,,,,0.2423189758536295,0.0129283267384877,4.991770902584767e-17,2.663235308128466e-18,21.619031437976144,0.05643434106794487,0.05952928618032516,319.0,351.3097560781956,1004.0,912.9830084343839,1449.7822749564648,262.9391064291026,,0.9083769403623235,199.6456756591797,407.2944030761719,200.4870659127523,56.23552387332158,0.4024421690406842,11.253918647766113,0.0
