t0,t1,t_mean,t0_data,t1_data,cps_bgsub,cps_bgsub_err,flux_bgsub,flux_bgsub_err,mag_bgsub,mag_bgsub_err_1,mag_bgsub_err_2,cps_mcatbgsub,cps_mcatbgsub_err,flux_mcatbgsub,flux_mcatbgsub_err,mag_mcatbgsub,mag_mcatbgsub_err_1,mag_mcatbgsub_err_2,cps,cps_err,flux,flux_err,mag,mag_err_1,mag_err_2,counts,flat_counts,bg_counts,bg_flat_counts,exptime,bg,mcat_bg,responses,detxs,detys,detrad,racent,deccent,q_mean,flags
777390387.995,777392082.995,777391221.2602153,777390394.66,777392079.18,0.03740336492800164,0.01665243270118298,7.705093175168338e-18,3.4304011364436942e-18,23.64772331375506,0.3998290138416394,0.6396826562910469,0.0013001960939576598,0.017389637197431675,2.678403953552779e-19,3.582265262670925e-18,27.294977857499504,2.8939914264959974,,0.21816671242627322,0.012314691870444448,4.494234275981228e-17,2.5368265253115563e-18,21.733028781853314,0.05961851032031973,0.06308338263609414,302.0,313.8555950268517,939.0,902.9407959076505,1438.6044119031924,260.0469492214034,311.9851271897449,0.9625407432574749,689.4522705078125,379.6202392578125,290.16883283708586,338.4580590721483,0.8506258242683863,10.417218208312988,32.0
1002452261.995,1002452501.995,1002452391.3780881,1002452273.465,1002452498.47,0.06890400690527744,0.0464502393989945,1.4194225422487153e-17,9.568749316192867e-18,22.984388805671678,0.5594727705771589,1.2173881405665625,,,,,,,,0.2207298057289984,0.03575385681800765,4.5470339980173666e-17,7.365294504509575e-18,21.720347547367368,0.16299681414821166,0.19186429289903728,34.0,38.11326626132295,102.0,91.02659025431812,172.66932363505367,26.215657993243624,,0.8924483480290848,486.4574279785156,453.34423828125,101.58983517294924,338.45809216902234,0.850538622663501,7.617647171020508,32.0
