t0,t1,t_mean,t0_data,t1_data,cps_bgsub,cps_bgsub_err,flux_bgsub,flux_bgsub_err,mag_bgsub,mag_bgsub_err_1,mag_bgsub_err_2,cps_mcatbgsub,cps_mcatbgsub_err,flux_mcatbgsub,flux_mcatbgsub_err,mag_mcatbgsub,mag_mcatbgsub_err_1,mag_mcatbgsub_err_2,cps,cps_err,flux,flux_err,mag,mag_err_1,mag_err_2,counts,flat_counts,bg_counts,bg_flat_counts,exptime,bg,mcat_bg,responses,detxs,detys,detrad,racent,deccent,q_mean,flags
753629703.995,753629818.995,753629776.9840666,753629706.453,753629811.443,0.0701003623007909,0.052411882558460396,1.4440674633962927e-17,1.079684780704284e-17,22.965699343641568,0.6061480880264192,1.4950743849785084,,,,,,,,0.1748467849912598,0.041447207604710976,3.601843770819952e-17,8.53812476657046e-18,21.973355872261475,0.2309670157661472,0.2937579934232666,15.0,17.796096387559015,44.0,37.01807323577222,101.78109016101497,10.661205091902401,,0.842989044678159,417.7196960449219,313.79095458984375,88.01128983519558,33.47988701220239,-0.4826997016281986,15.133333206176758,0.0
908810373.995,908812063.995,908811197.1157203,908810378.25,908812063.295,0.09478172786763471,0.013586758899726077,1.952503594073275e-17,2.798872333343572e-18,22.63818844597751,0.14544596853194136,0.16798875361556398,0.0474417289598745,0.014688839168676084,9.772996165734147e-18,3.025900868747273e-18,23.389598729966863,0.29286204213286027,0.4022772103583314,0.1876092483225323,0.011112851559480118,3.8647505154441656e-17,2.2892474212529043e-18,21.896864391485625,0.06247981068316477,0.06629599967073219,236.0,285.00826886995185,591.0,489.6519395605586,1519.158950948804,141.01975859344088,212.9367416720714,0.8282508194770098,380.8199768066406,478.6075134277344,80.91362343257929,33.47993315726806,-0.48240479811544684,14.21610164642334,0.0
908816288.995,908817979.995,908817142.0470047,908816302.875,908817973.05,0.0861459046618546,0.013154636107731425,1.7746056360342046e-17,2.7098550381926735e-18,22.74191340973123,0.1542924436738069,0.17990931139095068,0.034639850817852355,0.014392794295942585,7.135809268477585e-18,2.9649156249641725e-18,23.73105996752609,0.3772732733184263,0.5830352943637003,0.17372876360650263,0.01072593942600154,3.578812530293954e-17,2.2095435217563173e-18,21.980320677811285,0.06504501003395191,0.06919149959320237,217.0,262.3449917417284,554.0,459.22727973503584,1510.0838012981108,132.25745656369037,210.03591414230644,0.8273364620891684,455.3171081542969,462.39129638671875,83.38259002555367,33.47992987061115,-0.4824637038885701,14.156682014465332,0.0
