t0,t1,t_mean,t0_data,t1_data,cps_bgsub,cps_bgsub_err,flux_bgsub,flux_bgsub_err,mag_bgsub,mag_bgsub_err_1,mag_bgsub_err_2,cps_mcatbgsub,cps_mcatbgsub_err,flux_mcatbgsub,flux_mcatbgsub_err,mag_mcatbgsub,mag_mcatbgsub_err_1,mag_mcatbgsub_err_2,cps,cps_err,flux,flux_err,mag,mag_err_1,mag_err_2,counts,flat_counts,bg_counts,bg_flat_counts,exptime,bg,mcat_bg,responses,detxs,detys,detrad,racent,deccent,q_mean,flags
749327273.995,749327387.995,749327327.2358124,749327278.307,749327386.507,0.06002832569870661,0.05305092936708303,1.236583509393356e-17,1.0928491449619103e-17,23.13410942438365,0.6875667714272993,2.3366570941866556,,,,,,,,0.17146042006659445,0.04130134645608823,3.5320846533718455e-17,8.508077369954176e-18,21.994590291538657,0.2343242603698812,0.2992235861915198,16.0,17.234526110356683,42.0,38.891372357433276,100.51606139576043,11.200715238940786,,0.9286268830766322,598.0152587890625,417.17413330078125,198.75863143001462,12.583359259872944,-0.9189455832035566,14.6875,0.0
876893370.995,876895067.995,876894216.623495,876893375.845,876895060.92,0.04028738824085401,0.012913595258052486,8.299201977615926e-18,2.660200623158812e-18,23.567077215579115,0.30187636794267547,0.419585338084989,0.00957506536473664,0.013673378510500652,1.972463465135748e-18,2.8167159731631343e-18,25.127145631532148,0.96313035373527,,0.14691424767008907,0.009830032123312071,3.026433502003835e-17,2.0249866174022867e-18,22.162340211265494,0.07031946302093317,0.07519116079759414,196.0,223.36645767902974,642.0,562.8960114738932,1520.386628399867,162.11405130448125,208.80865633242945,0.877823293936225,205.27810668945312,325.579345703125,208.45874776660006,12.583305048447253,-0.9191240764888814,11.02550983428955,0.0
