t0,t1,t_mean,t0_data,t1_data,cps_bgsub,cps_bgsub_err,flux_bgsub,flux_bgsub_err,mag_bgsub,mag_bgsub_err_1,mag_bgsub_err_2,cps_mcatbgsub,cps_mcatbgsub_err,flux_mcatbgsub,flux_mcatbgsub_err,mag_mcatbgsub,mag_mcatbgsub_err_1,mag_mcatbgsub_err_2,cps,cps_err,flux,flux_err,mag,mag_err_1,mag_err_2,counts,flat_counts,bg_counts,bg_flat_counts,exptime,bg,mcat_bg,responses,detxs,detys,detrad,racent,deccent,q_mean,flags
750539624.995,750539738.995,750539694.08075,750539638.162,750539733.959,0.06245815801320154,0.030263482032423718,8.744142121848216e-17,4.236887484539321e-17,21.831027069816997,0.4289798317050355,0.7195127838116164,,,,,,,,0.08135909641450319,0.027262019747165148,1.1390273498030447e-16,3.816682764603121e-17,21.54398470848437,0.31377036141936543,0.4430807988761316,8.0,8.906276566167104,8.0,7.184241775927416,109.4687251784603,2.0690616314670964,,0.8985965424886109,544.1864013671875,452.9996032714844,153.61860657535735,356.67380006843587,-0.6155391849606408,16.125,0.0
843501435.995,843503133.995,843502374.3059231,843501463.295,843503133.895,0.03891869445181712,0.005936766308520389,5.4486172232543974e-17,8.311472831928545e-18,22.34460434199339,0.1541426473843721,0.17970555509037212,0.03691468473609995,0.006036806446458259,5.168055863053993e-17,8.451529025041563e-18,22.40200209061881,0.16444770609601989,0.19387928180531233,0.048942348799443244,0.0054086827980108125,6.851928831922054e-17,7.572155917215137e-18,22.0957879804847,0.11380745930635783,0.12714891714248466,65.0,81.88165106409262,73.0,58.22846986560132,1673.02250653373,16.769799321293185,20.12255267900026,0.7954903591389048,533.5324096679688,288.51422119140625,173.95396893515516,356.67374806433935,-0.6156357009281238,12.830769538879395,0.0
903888534.995,903889973.995,903889291.5767742,903888563.4,903889950.425,0.03474721537764523,0.006594492229653094,4.864610152870333e-17,9.232289121514332e-18,22.467699984488966,0.18867101216385151,0.22849899170362065,0.034664906611402244,0.006598894262672398,4.8530869255963146e-17,9.238451967741357e-18,22.47027491367437,0.18919798625547557,0.2292733064286736,0.04818910898871613,0.005831176575604765,6.746475258420259e-17,8.163647205846672e-18,22.11262775920347,0.12401994831191843,0.14003535816468116,62.0,68.29444929982046,73.0,66.14613563479871,1417.2175151819501,19.050087062822033,19.166736487994612,0.9087584858765905,246.83981323242188,309.05682373046875,178.12552910986804,356.67369721571754,-0.615568621825213,6.645161151885986,0.0
