t0,t1,t_mean,t0_data,t1_data,cps_bgsub,cps_bgsub_err,flux_bgsub,flux_bgsub_err,mag_bgsub,mag_bgsub_err_1,mag_bgsub_err_2,cps_mcatbgsub,cps_mcatbgsub_err,flux_mcatbgsub,flux_mcatbgsub_err,mag_mcatbgsub,mag_mcatbgsub_err_1,mag_mcatbgsub_err_2,cps,cps_err,flux,flux_err,mag,mag_err_1,mag_err_2,counts,flat_counts,bg_counts,bg_flat_counts,exptime,bg,mcat_bg,responses,detxs,detys,detrad,racent,deccent,q_mean,flags
753889659.995,753889785.995,753889749.2505714,753889702.724,753889781.924,0.009007470680930302,0.03103648307142719,1.2610458953302423e-17,4.345107629999807e-17,23.933492857049263,1.6198352348654197,,0.018424180218429745,0.029707537624210963,2.5793852305801645e-17,4.159055267389535e-17,23.15652956729275,1.042607972590762,,0.06068655044435826,0.022808776146694316,8.496117062210157e-17,3.193228660537204e-17,21.862268870129398,0.3464242896013374,0.5117700001513725,7.0,7.079147121233365,21.0,20.932002119937277,116.65100536113073,6.028416610541937,4.9299479757988784,0.9894982841815755,186.6165008544922,257.8748779296875,256.38265938062614,54.044679053181525,1.2288288927672628,7.857142925262451,0.0
912217990.995,912219695.995,912218942.3939285,912218045.875,912219671.925,0.020419275049655117,0.006216126915839574,2.8586985069517166e-17,8.702577682175405e-18,23.04489920208743,0.28854734029211926,0.3941392563896038,0.0026000976314468154,0.007026169094682992,3.6401366840255416e-18,9.836636732556189e-18,25.28252586083974,1.4211705883613632,,0.04230383181705698,0.005046397887643652,5.922536454387977e-17,7.064957042701113e-18,22.254050732766075,0.12235595823373302,0.13791691731436018,56.0,70.27428475103595,159.0,126.22982920558884,1661.1801279595018,36.3541908112096,65.95505423492193,0.7981690241848972,479.7740783691406,155.9451446533203,256.76190527010533,54.044168493853896,1.228552618681245,9.857142448425293,8.0
