t0,t1,t_mean,t0_data,t1_data,cps_bgsub,cps_bgsub_err,flux_bgsub,flux_bgsub_err,mag_bgsub,mag_bgsub_err_1,mag_bgsub_err_2,cps_mcatbgsub,cps_mcatbgsub_err,flux_mcatbgsub,flux_mcatbgsub_err,mag_mcatbgsub,mag_mcatbgsub_err_1,mag_mcatbgsub_err_2,cps,cps_err,flux,flux_err,mag,mag_err_1,mag_err_2,counts,flat_counts,bg_counts,bg_flat_counts,exptime,bg,mcat_bg,responses,detxs,detys,detrad,racent,deccent,q_mean,flags
777396303.995,777397999.995,777397153.256655,777396307.37,777397988.275,0.056088728830377896,0.01608958065717939,1.1554278139057846e-17,3.3144536153789543e-18,23.20781100633243,0.2738277715464186,0.3670621370738232,0.014564003934408347,0.016951351040265097,3.0001848104881195e-18,3.4919783142946095e-18,24.67179803103783,0.838103539001267,,0.21680975417884427,0.01219292637363276,4.466280936084192e-17,2.5117428329683485e-18,21.73980295742414,0.059404372251325555,0.06284367389575252,287.0,316.18534106651,896.0,813.8476634996001,1458.3538561908601,234.3881270878849,294.9458697671867,0.9080677499269336,226.01663208007812,341.1931457519531,183.65309259391722,339.079261026988,0.47934722609042346,12.735191345214844,0.0
1002452377.995,1002452500.995,1002452430.0262499,1002452379.03,1002452481.335,0.10221680572687752,0.06030374694284664,2.105666197973677e-17,1.2422571870226408e-17,22.556194237156376,0.5034649634687121,0.9679323716423625,,,,,,,,0.24193945004384892,0.0480129209270529,4.983952670903288e-17,9.890661710972898e-18,21.620733277220026,0.19654993814555866,0.24017366139145935,20.0,25.392012485925815,64.0,50.917226862216125,104.95193107748152,14.664161336318246,,0.7879028651291511,412.78106689453125,222.8656005859375,177.59490737840179,339.07922367351574,0.479271526379045,12.050000190734863,0.0
1002456987.995,1002457079.995,1002457033.103,1002456992.23,1002457072.62,0.10437619219881225,0.07806523090675462,2.1501495592955324e-17,1.608143756679145e-17,22.533496377276037,0.6063050053454688,1.4961618335426294,,,,,,,,0.2506847767268923,0.0620340316390291,5.164106400573982e-17,1.2779010517639994e-17,21.58218009633947,0.24006510264385028,0.30867359162678554,15.0,16.330365629585643,36.0,33.09369560879823,65.14302879818149,9.53098433533389,,0.9186010960567709,431.87255859375,672.6755981445312,274.5320415084365,339.0792727437291,0.4796503308610211,8.600000381469727,0.0
