t0,t1,t_mean,t0_data,t1_data,cps_bgsub,cps_bgsub_err,flux_bgsub,flux_bgsub_err,mag_bgsub,mag_bgsub_err_1,mag_bgsub_err_2,cps_mcatbgsub,cps_mcatbgsub_err,flux_mcatbgsub,flux_mcatbgsub_err,mag_mcatbgsub,mag_mcatbgsub_err_1,mag_mcatbgsub_err_2,cps,cps_err,flux,flux_err,mag,mag_err_1,mag_err_2,counts,flat_counts,bg_counts,bg_flat_counts,exptime,bg,mcat_bg,responses,detxs,detys,detrad,racent,deccent,q_mean,flags
874699404.995,874699510.995,5e-324,-1.4916681462400413e-154,5e-324,-0.01481961698154167,0.011872884287005704,-2.074746377415834e-17,1.6622038001807986e-17,,,,,,,,,,,0.0,0.0,0.0,0.0,inf,,,5e-324,5e-324,6.0,5.409647918756548,105.12947821407265,1.557978600601886,,5e-324,5e-324,5e-324,565.685424949238,160000.0,5e-324,5e-324,0.0
875722141.995,875723692.995,875723159.0198148,875722474.745,875723631.945,0.008836489166442587,0.004156840063329735,1.2371084833019621e-17,5.819576088661629e-18,23.954300626635252,0.4186017338922987,0.6901661500251279,0.006489428029232831,0.004337364262287946,9.085199240925963e-18,6.072309967203125e-18,24.28948394932985,0.5557334619825696,1.198378211690315,0.01764224660032125,0.0033950314990753177,2.4699145240449752e-17,4.753044098705445e-18,23.203615279303442,0.19108914950932743,0.23205976761784086,27.0,27.00350637833393,47.0,46.799423427478665,1530.6160825255793,13.478233947113857,17.070683470397885,1.001092056108836,197.86607360839844,523.0557250976562,236.6449570090082,25.09067335764473,-0.3537229088233943,11.88888931274414,65.0
908224723.995,908226374.995,908225644.1928124,908225043.645,908226347.335,0.004217845860345777,0.0033464722247804335,5.904984204484088e-18,4.685061114692607e-18,24.75727323860397,0.6341976960005624,1.7122157221261638,0.0007336842760790359,0.0036532429559491906,1.0271579865106502e-18,5.114540138328867e-18,26.656226970969477,1.9416280475273702,,0.011194414956071671,0.002626628800096396,1.567218093850034e-17,3.677280320134955e-18,23.69749649661234,0.2288486013907587,0.29033195746229623,16.0,18.163745116598,45.0,39.30550764611434,1622.572076153589,11.319986202080933,16.973289497519197,0.8815392834932292,471.6025695800781,330.4844970703125,99.79645844436224,25.090513748219713,-0.3534405276853252,9.8125,0.0
