t0,t1,t_mean,t0_data,t1_data,cps_bgsub,cps_bgsub_err,flux_bgsub,flux_bgsub_err,mag_bgsub,mag_bgsub_err_1,mag_bgsub_err_2,cps_mcatbgsub,cps_mcatbgsub_err,flux_mcatbgsub,flux_mcatbgsub_err,mag_mcatbgsub,mag_mcatbgsub_err_1,mag_mcatbgsub_err_2,cps,cps_err,flux,flux_err,mag,mag_err_1,mag_err_2,counts,flat_counts,bg_counts,bg_flat_counts,exptime,bg,mcat_bg,responses,detxs,detys,detrad,racent,deccent,q_mean,flags
753629703.995,753629818.995,753629757.0749999,753629718.381,753629798.903,0.027235094506925354,0.020395404602571242,3.8129132309695496e-17,2.855356644359974e-17,22.732177783420212,0.6068906144490605,1.5002311859201036,,,,,,,,0.0371005277305942,0.018127201506057847,5.194073882283188e-17,2.537808210848099e-17,22.396549781969465,0.4319427494227597,0.7280915330952631,4.0,4.188887043513646,4.0,3.8676060933012977,112.90640052161214,1.113870554870774,,0.956529905921786,465.75396728515625,465.03240966796875,92.48134147469918,33.28468314393185,-0.306156326127553,12.75,0.0
908810373.995,908812063.995,908811215.934881,908810401.695,908811976.025,0.022747777795930523,0.004523176925924846,3.1846888914302737e-17,6.3324476962947845e-18,22.92765255664935,0.19690341242894505,0.24070237890747492,0.018396505605206278,0.004802190241409124,2.5755107847288792e-17,6.723066337972774e-18,23.158161657218034,0.2518205846889927,0.32844499138656147,0.028481230863063832,0.004126831022026286,3.9873723208289367e-17,5.777563430836801e-18,22.68360311470474,0.14691558108298253,0.16995330570307488,42.0,47.63038973722639,38.0,33.292710557427256,1672.3430938160868,9.588300640539051,16.86512063801074,0.882627792844571,350.33843994140625,323.7846374511719,90.96731300803947,33.28401938716405,-0.30644400366817076,6.309523582458496,0.0
908816288.995,908817979.995,908817087.6391667,908816354.35,908817955.0,0.0180092806493648,0.004831968057633142,2.521299290911072e-17,6.764755280686399e-18,23.18125908500429,0.25805869161556316,0.3391737940522823,0.018466715116599076,0.004803406873970996,2.5853401163238706e-17,6.7247696235593946e-18,23.154025876398116,0.2510225264598631,0.32708445840671985,0.028409127886570282,0.004134156553422301,3.97727790411984e-17,5.787819174791222e-18,22.686355245494106,0.1475087007532636,0.17074794022499518,48.0,47.22173790678719,59.0,60.023115935313044,1662.2030107833796,17.28665738937016,16.52630844069726,1.0170827183568394,301.1798095703125,428.5174560546875,102.85268755064563,33.28412819659215,-0.3061118870538844,8.729166984558105,0.0
