t0,t1,t_mean,t0_data,t1_data,cps_bgsub,cps_bgsub_err,flux_bgsub,flux_bgsub_err,mag_bgsub,mag_bgsub_err_1,mag_bgsub_err_2,cps_mcatbgsub,cps_mcatbgsub_err,flux_mcatbgsub,flux_mcatbgsub_err,mag_mcatbgsub,mag_mcatbgsub_err_1,mag_mcatbgsub_err_2,cps,cps_err,flux,flux_err,mag,mag_err_1,mag_err_2,counts,flat_counts,bg_counts,bg_flat_counts,exptime,bg,mcat_bg,responses,detxs,detys,detrad,racent,deccent,q_mean,flags
780823874.995,780823969.995,780823916.3926,780823876.382,780823960.51,0.03914819083659826,0.02734267711661039,5.480746717123757e-17,3.827974796325455e-17,22.338220758206475,0.5751257635744551,1.3015670161364454,,,,,,,,0.05439567115702211,0.02416484401404362,7.615393961983095e-17,3.383078161966107e-17,21.981089150911806,0.3990999577424894,0.6377857740053017,5.0,5.067114139408941,5.0,4.931760083531266,93.1528930819123,1.420346904057005,,0.9871237507506271,188.98941040039062,386.7616271972656,211.42545598304608,27.03892390732476,0.2963379366646136,7.199999809265137,0.0
781989535.995,781989646.995,781989591.3285,781989553.282,781989629.375,0.013230623927049143,0.014749133154011131,1.85228734978688e-17,2.0648786415615585e-17,23.51604918739872,0.8131590365183143,,0.006668040463348501,0.016664754854073566,9.335256648687903e-18,2.3330656795702993e-17,24.26000443356942,1.3599213618021224,,0.01847699726808517,0.013016493234071376,2.586779617531924e-17,1.8223090527699928e-17,23.15342151350663,0.5789735066204358,1.3234966557902368,2.0,2.0149988158933803,2.0,1.9865985100396886,109.05445222822186,0.5721403708914303,1.2878193157272908,0.9926159882270464,437.8544616699219,595.480712890625,199.11220299255027,27.038975131042548,0.2969037652804435,16.5,0.0
908437725.995,908439356.995,908438624.6679311,908437773.705,908439322.87,0.02570113614056644,0.005367341416684217,3.598159059679302e-17,7.514277983357904e-18,22.795119194719188,0.2059191250335779,0.2543347180248574,,,,,,,,0.036083578784325825,0.004729838148042093,5.0517010298056155e-17,6.62177340725893e-18,22.426725988717237,0.13373337817134967,0.15255060763340467,58.0,58.200491141881095,58.0,58.14656954819508,1612.9356649945855,16.746212029880187,,0.9974250744716283,411.03314208984375,540.1661987304688,140.5997634810384,27.038688610574088,0.2964529291396344,14.637930870056152,0.0
