t0,t1,t_mean,t0_data,t1_data,cps_bgsub,cps_bgsub_err,flux_bgsub,flux_bgsub_err,mag_bgsub,mag_bgsub_err_1,mag_bgsub_err_2,cps_mcatbgsub,cps_mcatbgsub_err,flux_mcatbgsub,flux_mcatbgsub_err,mag_mcatbgsub,mag_mcatbgsub_err_1,mag_mcatbgsub_err_2,cps,cps_err,flux,flux_err,mag,mag_err_1,mag_err_2,counts,flat_counts,bg_counts,bg_flat_counts,exptime,bg,mcat_bg,responses,detxs,detys,detrad,racent,deccent,q_mean,flags
749327273.995,749327387.995,749327320.374,749327320.374,749327320.374,0.00248871407731442,0.012309403909154375,3.484199708240188e-18,1.7233165472816127e-17,25.33006248907052,1.9355787032227596,,,,,,,,,0.00972557711624252,0.009320743338213597,1.3615807962739528e-17,1.3049040673499037e-17,23.85021154545218,0.729739263109284,3.451596600850621,1.0,1.0887537537722607,3.0,2.8130156559930533,111.94747013562328,0.8101485089259994,,0.9184813338509732,470.0335998535156,614.3175048828125,225.46994923412012,12.8225239918369,-0.605100045652377,14.0,0.0
874668855.995,874670452.995,874669734.725,874668929.14,874670445.34,0.010882870334968651,0.0037749057582453414,1.5236018468956113e-17,5.284868061543478e-18,23.728141363103465,0.3233115713166832,0.4624954999285755,,,,,,,,0.01650641570908193,0.003260184497247674,2.3108981992714702e-17,4.564258296146744e-18,23.27586805378477,0.19569799988115477,0.23890111783995138,16.0,25.634284564924542,48.0,30.323975597592575,1552.9891538367356,8.733304972106664,,0.625014560253166,719.73486328125,494.788818359375,333.4895843702562,12.822143888161674,-0.6047540726677072,14.5,40.0
876893370.995,876895067.995,876894180.0672916,876893400.585,876895061.035,0.003877008471264768,0.004118161802889961,5.427811859770676e-18,5.765426524045945e-18,24.848758125145423,0.7858274186588581,,0.002443318505021535,0.004220851624744192,3.420645907030149e-18,5.90919227464187e-18,25.350049789425732,1.0894149785630631,,0.0161352886933953,0.0031044293735642855,2.2589404170753422e-17,4.34620112299e-18,23.300558149429722,0.19105490874907005,0.23200921006946373,24.0,27.0140632548849,81.0,71.26072384839864,1674.2224925881019,20.523088468338813,22.92340445722111,0.8892558091836524,381.2840881347656,166.93617248535156,233.81409934545226,12.822566649835215,-0.6049232199378701,9.458333015441895,0.0
