t0,t1,t_mean,t0_data,t1_data,cps_bgsub,cps_bgsub_err,flux_bgsub,flux_bgsub_err,mag_bgsub,mag_bgsub_err_1,mag_bgsub_err_2,cps_mcatbgsub,cps_mcatbgsub_err,flux_mcatbgsub,flux_mcatbgsub_err,mag_mcatbgsub,mag_mcatbgsub_err_1,mag_mcatbgsub_err_2,cps,cps_err,flux,flux_err,mag,mag_err_1,mag_err_2,counts,flat_counts,bg_counts,bg_flat_counts,exptime,bg,mcat_bg,responses,detxs,detys,detrad,racent,deccent,q_mean,flags
753889977.995,753890107.995,753890050.7683749,753889982.251,753890106.66,0.0471890480447539,0.02842513698879185,6.606466726265546e-17,3.979519178430859e-17,22.135396959221588,0.5119051485008228,1.001294626647372,0.03344583412814916,0.030291328428177968,4.6824167779408823e-17,4.240785979944916e-17,22.509144921035354,0.7001267352759832,2.5635267877584766,0.0742641089102774,0.02433343290525281,1.0396975247438837e-16,3.406680606735393e-17,21.64305256412487,0.3077177827847244,0.43102882099449147,8.0,9.314320628352702,13.0,11.790959920787303,125.42156318883258,3.395796457186744,5.1194918298458285,0.8612038647203607,319.24603271484375,272.51666259765625,150.90793401121064,53.984324671442025,-0.49609205243612325,6.125,0.0
849774426.995,849774533.995,849774474.9091667,849774430.79,849774531.235,0.03712314852718193,0.03162582129848717,5.197240793805471e-17,4.427614981788204e-17,22.395887992636617,0.6690534797149361,2.073733034520316,,,,,,,,0.07013541802704112,0.026078389021444607,9.818958523785757e-17,3.650974463002245e-17,21.705156525369688,0.34325002393356385,0.5048054569590548,6.0,7.232913320823613,14.0,11.82112377765127,103.12782791192491,3.4044836479635663,,0.8299368772034028,544.7686157226562,436.1536560058594,149.2147410306506,53.98421946632913,-0.49558657216552043,14.166666984558105,0.0
912537424.995,912539115.995,912538203.4175999,912537444.015,912539078.76,0.012954347964436098,0.00620117953513312,1.8136087150210538e-17,8.681651349186369e-18,23.53896110404658,0.424696393956534,0.7072699422050555,-0.0030227049464072145,0.006947458625367375,-4.231786924970101e-18,9.726442075514325e-18,,,,0.037783581953520474,0.004817195264832534,5.289701473492867e-17,6.744073370765548e-18,22.37674218135388,0.13028598771178324,0.1480794473881879,50.0,61.52020207965553,172.0,140.37360694882577,1628.2257768819986,40.42759880126183,66.44184818930448,0.8141343564404901,543.7857666015625,389.79510498046875,144.1474472876945,53.98419244331471,-0.49591587365563666,14.5,0.0
