t0,t1,t_mean,t0_data,t1_data,cps_bgsub,cps_bgsub_err,flux_bgsub,flux_bgsub_err,mag_bgsub,mag_bgsub_err_1,mag_bgsub_err_2,cps_mcatbgsub,cps_mcatbgsub_err,flux_mcatbgsub,flux_mcatbgsub_err,mag_mcatbgsub,mag_mcatbgsub_err_1,mag_mcatbgsub_err_2,cps,cps_err,flux,flux_err,mag,mag_err_1,mag_err_2,counts,flat_counts,bg_counts,bg_flat_counts,exptime,bg,mcat_bg,responses,detxs,detys,detrad,racent,deccent,q_mean,flags
753712552.995,753712666.995,753712637.1123333,753712609.302,753712652.992,0.013439021007444452,0.022308717153271936,1.8814629410422233e-17,3.1232204014580714e-17,23.499080917965628,1.062202338525477,,,,,,,,,0.03415391777328544,0.017600786416748407,4.781548488259962e-17,2.464110098344777e-17,22.486398678731497,0.45127325540279273,0.7864009177976641,3.0,3.7654502267356813,10.0,7.929880967413844,110.2494376115453,2.2838057186151874,,0.7973497606376291,183.4732666015625,151.77911376953125,329.3894877454916,52.5803625724355,0.4057313323515987,6.333333492279053,32.0
882815390.995,882817014.995,882816309.2310319,882815434.27,882817010.715,0.010986920233885682,0.0067494974346905025,1.5381688327439955e-17,9.449296408566704e-18,23.71781007123284,0.5199748394147576,1.0344354313817625,0.002608401658828947,0.007133482323524557,3.651762322360526e-18,9.98687525293438e-18,25.279063830680663,1.4306712136418085,,0.04129348184769708,0.0051257278733459755,5.781087458677591e-17,7.176019022684366e-18,22.280296240168045,0.1270405961554424,0.1438999102967422,63.0,64.90107892446541,170.0,165.3920353918098,1571.7027487253395,47.63290619284123,60.80144686750422,0.9713743513561491,121.95625305175781,222.3985137939453,329.92516290761694,52.580026250106776,0.4054798737887229,7.55555534362793,32.0
912295094.995,912296592.995,912295824.5344318,912295124.26,912296552.455,0.021243436006824424,0.006294634200661105,2.97408104095542e-17,8.812487880925547e-18,23.001938093021092,0.28177185007050554,0.38154594703775047,0.0042938402935646745,0.007155975714399497,6.011376410990545e-18,1.0018366000159296e-17,24.737885282209522,1.0648815518757324,,0.03960536190303398,0.0052030260428980865,5.5447506664247574e-17,7.28423646005732e-18,22.32561503472768,0.13401333410079275,0.15291513669764,44.0,57.9423323472555,123.0,93.27553083969305,1462.9921193275807,26.863352881831602,51.660477836119156,0.7618372423671314,296.4218444824219,88.11576843261719,328.6338512703773,52.579875819603735,0.4054578630950701,7.204545497894287,40.0
