t0,t1,t_mean,t0_data,t1_data,cps_bgsub,cps_bgsub_err,flux_bgsub,flux_bgsub_err,mag_bgsub,mag_bgsub_err_1,mag_bgsub_err_2,cps_mcatbgsub,cps_mcatbgsub_err,flux_mcatbgsub,flux_mcatbgsub_err,mag_mcatbgsub,mag_mcatbgsub_err_1,mag_mcatbgsub_err_2,cps,cps_err,flux,flux_err,mag,mag_err_1,mag_err_2,counts,flat_counts,bg_counts,bg_flat_counts,exptime,bg,mcat_bg,responses,detxs,detys,detrad,racent,deccent,q_mean,flags
749492997.995,749493109.995,749493056.1945263,749493000.322,749493108.136,0.06417364175135919,0.05989069044141471,1.3219770200779992e-17,1.233748223093143e-17,23.06160828623351,0.715725641705987,2.939033870725467,0.05439210096888226,0.06071907072446808,1.1204772799589745e-17,1.2508128569240424e-17,23.2411604141144,0.8139541004549748,,0.20767032141629393,0.04605636814702405,4.278008621175655e-17,9.487611838286954e-18,21.78656391232263,0.21747929520170572,0.27223895329123593,19.0,20.331503436854053,52.0,48.78029513129207,97.90278792942067,14.04872499781212,15.006365110661937,0.9346278001771012,304.98431396484375,503.5249938964844,140.51834383452757,15.3406817211588,1.010721525509533,13.947368621826172,0.0
878744980.995,878746631.995,878745851.5210751,878744981.26,878746619.16,0.045427822987022394,0.012926098823252232,9.358131535326612e-18,2.66277635758996e-18,23.436695187865332,0.2718703106836564,0.36353881161442203,0.008375866052604215,0.013867537383071945,1.7254284068364683e-18,2.8567127009128204e-18,25.272425691348346,1.0604287884893253,,0.145427444515245,0.00995014547623151,2.995805357014047e-17,2.0497299681036908e-18,22.17338406834162,0.07185502077048511,0.07694960743373969,186.0,213.61605212145764,586.0,510.02724998842234,1468.8840392781879,146.88784799666567,201.3128761616553,0.8709289511071752,373.4206848144531,537.1810302734375,139.732226285186,15.340957490123856,1.0107800479560562,14.365591049194336,0.0
