t0,t1,t_mean,t0_data,t1_data,cps_bgsub,cps_bgsub_err,flux_bgsub,flux_bgsub_err,mag_bgsub,mag_bgsub_err_1,mag_bgsub_err_2,cps_mcatbgsub,cps_mcatbgsub_err,flux_mcatbgsub,flux_mcatbgsub_err,mag_mcatbgsub,mag_mcatbgsub_err_1,mag_mcatbgsub_err_2,cps,cps_err,flux,flux_err,mag,mag_err_1,mag_err_2,counts,flat_counts,bg_counts,bg_flat_counts,exptime,bg,mcat_bg,responses,detxs,detys,detrad,racent,deccent,q_mean,flags
754203594.995,754203710.995,754203654.6662353,754203599.554,754203704.467,-0.04962474756522049,0.06472824900359683,-1.022269799843542e-17,1.3334019294740948e-17,,,,-0.05123277888925316,0.06485576088744162,-1.055395245118615e-17,1.3360286742812973e-17,,,,0.1790561366312934,0.0428941820888928,3.6885564146046444e-17,8.836201510311917e-18,21.94752697552382,0.2331664080432887,0.29733358226783935,17.0,17.425355115460313,79.0,77.2733610680892,97.31783251496171,22.254727987609694,22.411218110680718,0.9757410767516252,594.8626708984375,568.9483032226562,257.905001253344,57.06721056960088,0.4991802758333866,11.470588684082031,0.0
912904165.995,912905867.995,912905011.2177444,912904167.175,912905855.875,0.01888280161879127,0.01633872069090544,3.889857133471002e-18,3.365776462326521e-18,24.389833923755525,0.6768542304609753,2.176338770698944,-0.027137711537245805,0.01728304964659555,-5.590368576672636e-18,3.560308227198683e-18,,,,0.20291142000676426,0.011831762909352367,4.179975252139344e-17,2.4373431593265875e-18,21.811733774649852,0.06153223944815167,0.06523009223136356,266.0,294.11289319392444,1024.0,926.1907750525629,1449.464466731936,266.7429432151382,333.44804177558353,0.9046163542434413,650.4061279296875,350.5897521972656,255.2344049940498,57.066986590217915,0.49878166601042223,10.699248313903809,0.0
913170345.995,913172050.995,913171180.8195977,913170361.745,913172043.06,0.06142597787436177,0.016085539725317184,1.2653751442118525e-17,3.31362118341534e-18,23.109119802542622,0.25253540262568563,0.32966591587742045,-0.015466965642711664,0.017662757387880233,-3.1861949223986028e-18,3.6385280219033275e-18,,,,0.21760221690997367,0.012273266443536613,4.4826056683454577e-17,2.528292887368542e-18,21.735841711004678,0.05957334957316007,0.06303282081226413,261.0,314.34481855467715,943.0,783.3673433286879,1444.5846325395105,225.60979487866214,336.688159434155,0.8306764011996421,335.8965148925781,150.30300903320312,257.79418942402503,57.0669673673136,0.49876350945602366,9.55555534362793,0.0
