t0,t1,t_mean,t0_data,t1_data,cps_bgsub,cps_bgsub_err,flux_bgsub,flux_bgsub_err,mag_bgsub,mag_bgsub_err_1,mag_bgsub_err_2,cps_mcatbgsub,cps_mcatbgsub_err,flux_mcatbgsub,flux_mcatbgsub_err,mag_mcatbgsub,mag_mcatbgsub_err_1,mag_mcatbgsub_err_2,cps,cps_err,flux,flux_err,mag,mag_err_1,mag_err_2,counts,flat_counts,bg_counts,bg_flat_counts,exptime,bg,mcat_bg,responses,detxs,detys,detrad,racent,deccent,q_mean,flags
753629995.995,753630115.995,753630050.8036191,753629997.978,753630104.577,0.12417661023413598,0.05430647095905137,2.5580381708232013e-17,1.1187133017564582e-17,22.344900499184156,0.39389313584134555,0.6243704784342263,0.07469412744238252,0.058451804908916445,1.5386990253130798e-17,1.2041071811236788e-17,22.896783854217325,0.6276036120903399,1.656595820073175,0.21819326425456562,0.045399273546596106,4.4947812436440517e-17,9.352250350598797e-18,21.732896651122466,0.20522942960673518,0.2532817617343106,21.0,23.098558180953045,38.0,34.55857573433551,105.86283797470487,9.952869811488629,15.191225869858147,0.9094989017546338,241.6510467529297,320.2355651855469,177.30413434466777,35.26611441284725,0.5047988706055666,12.333333015441895,0.0
908881353.995,908883049.995,908882162.3788955,908881363.525,908883048.195,0.15772969532066086,0.015184685861069162,3.249231723605614e-17,3.1280452873802473e-18,22.08521633896959,0.09979412591578196,0.10990361817768246,0.11506727339707917,0.01608615523997763,2.3703858319798308e-17,3.3137479794353915e-18,22.427620444271422,0.14206956547394967,0.16349866676703684,0.25334120769003243,0.012938246944293633,5.218828878414668e-17,2.6652788705244883e-18,21.570735408697352,0.05407955570760237,0.056915061224451335,335.0,383.40767392500743,573.0,502.42664675771516,1513.4043033145783,144.698874266222,209.2643671951927,0.8739419886978441,541.2067260742188,486.35821533203125,165.52063570423152,35.26618266408637,0.5047384501396088,12.573134422302246,0.0
