t0,t1,t_mean,t0_data,t1_data,cps_bgsub,cps_bgsub_err,flux_bgsub,flux_bgsub_err,mag_bgsub,mag_bgsub_err_1,mag_bgsub_err_2,cps_mcatbgsub,cps_mcatbgsub_err,flux_mcatbgsub,flux_mcatbgsub_err,mag_mcatbgsub,mag_mcatbgsub_err_1,mag_mcatbgsub_err_2,cps,cps_err,flux,flux_err,mag,mag_err_1,mag_err_2,counts,flat_counts,bg_counts,bg_flat_counts,exptime,bg,mcat_bg,responses,detxs,detys,detrad,racent,deccent,q_mean,flags
780823874.995,780823969.995,780823910.4679999,780823909.14,780823911.796,0.015587153322618561,0.01729319072791116,2.1822014651665988e-17,2.4210467019075623e-17,23.338082981617994,0.8104238646810309,,,,,,,,,0.021722470057393216,0.015270611552520328,3.0411458080350504e-17,2.137885617352846e-17,22.97772698185813,0.5780282582701908,1.3180609322712726,2.0,2.0235109307313914,2.0,1.9844531382573982,93.1528930819123,0.5715225038181307,,0.9884688306558438,216.13284301757812,385.876708984375,184.4087816941227,27.001337307177998,0.303417675089995,7.0,0.0
781989535.995,781989646.995,1.5e-323,-1.7306061927963153e-77,1.5e-323,-0.007713804394619536,0.008410321747811512,-1.079932615246735e-17,1.1774450446936117e-17,,,,,,,,,,,0.0,0.0,0.0,0.0,inf,,,1.5e-323,1.5e-323,3.0,2.920919141843347,109.05445222822186,0.8412247128508841,,1.5e-323,1.5e-323,1.5e-323,565.685424949238,160000.0,1.5e-323,1.5e-323,0.0
908437725.995,908439356.995,908438588.1533332,908437737.07,908439275.66,-0.0016665018172146565,0.0032050939919066475,-2.3331025441005192e-18,4.487131588669307e-18,,,,-0.0037374796200781127,0.003399501126773818,-5.232471468109358e-18,4.7593015774833454e-18,,,,0.007451292722914937,0.0021493507334211398,1.0431809812080912e-17,3.009091026789596e-18,24.13942093768455,0.275171791161398,0.36949163319873435,12.0,12.01845578310412,52.0,51.06394444398585,1612.9356649945855,14.706415999867927,18.04676995951852,0.9990272799485841,432.6260070800781,543.1233520507812,146.79492579868412,27.002715307425436,0.30439703657256656,15.5,0.0
