t0,t1,t_mean,t0_data,t1_data,cps_bgsub,cps_bgsub_err,flux_bgsub,flux_bgsub_err,mag_bgsub,mag_bgsub_err_1,mag_bgsub_err_2,cps_mcatbgsub,cps_mcatbgsub_err,flux_mcatbgsub,flux_mcatbgsub_err,mag_mcatbgsub,mag_mcatbgsub_err_1,mag_mcatbgsub_err_2,cps,cps_err,flux,flux_err,mag,mag_err_1,mag_err_2,counts,flat_counts,bg_counts,bg_flat_counts,exptime,bg,mcat_bg,responses,detxs,detys,detrad,racent,deccent,q_mean,flags
750539624.995,750539738.995,5e-324,2.6815615859885194e+154,5e-324,-0.017410522666714546,0.01261132954092963,-2.4374731733400365e-17,1.7655861357301482e-17,,,,-0.013904695849251403,0.011270306228050126,-1.9466574188951965e-17,1.5778428719270176e-17,,,,0.0,0.0,0.0,0.0,inf,,,5e-324,5e-324,7.0,6.617735142416416,109.4687251784603,1.9059077210159283,1.5221293286117796,5e-324,5e-324,5e-324,565.685424949238,160000.0,5e-324,5e-324,0.0
843501435.995,843503133.995,843502325.6075001,843501563.7,843503093.945,-0.0036492895635898233,0.00393663113498352,-5.1090053890257526e-18,5.5112835889769285e-18,,,,-0.0006356715314285255,0.0037007787213156444,-8.899401439999358e-19,5.181090209841902e-18,,,,0.01113882422643865,0.0025802915708513143,1.559435391701411e-17,3.61240819919184e-18,23.702901623201715,0.2262169277341961,0.2861000965910421,16.0,18.635503627155025,99.0,85.90571944409531,1673.02250653373,24.740847199899452,19.69899640599771,0.8592529187382731,475.87347412109375,316.7485656738281,112.6391823148996,356.7801461334095,-0.5991388214139642,10.9375,0.0
903888534.995,903889973.995,903889250.2381817,903888555.665,903889904.54,-0.006161367457279025,0.004041902706207469,-8.625914440190635e-18,5.6586637886904575e-18,,,,-0.004755716286895357,0.003917287172487283,-6.6580028016535006e-18,5.484202041482197e-18,,,,0.008495841590823613,0.0024484145267069215,1.1894178227153058e-17,3.4277803373896902e-18,23.99698398455734,0.2749496041982624,0.36908941746004587,11.0,12.040455508726506,78.0,72.12657425921671,1417.2175151819501,20.772453386654416,18.780339927750674,0.9158358563111382,291.4507141113281,355.86285400390625,117.17949958768861,356.7802327648106,-0.5989477492523598,6.909090995788574,0.0
