t0,t1,t_mean,t0_data,t1_data,cps_bgsub,cps_bgsub_err,flux_bgsub,flux_bgsub_err,mag_bgsub,mag_bgsub_err_1,mag_bgsub_err_2,cps_mcatbgsub,cps_mcatbgsub_err,flux_mcatbgsub,flux_mcatbgsub_err,mag_mcatbgsub,mag_mcatbgsub_err_1,mag_mcatbgsub_err_2,cps,cps_err,flux,flux_err,mag,mag_err_1,mag_err_2,counts,flat_counts,bg_counts,bg_flat_counts,exptime,bg,mcat_bg,responses,detxs,detys,detrad,racent,deccent,q_mean,flags
753712552.995,753712666.995,753712614.24325,753712588.036,753712637.43,0.002371796093282107,0.025162613150472798,3.3205145305949503e-18,3.522765841066192e-17,25.382306626558773,2.661996034164975,,0.0021491813401272324,0.025202704067119736,3.0088538761781254e-18,3.528378569396763e-17,25.48931734692288,2.761785517631381,,0.03608850517490848,0.018092403102321252,5.052390724487188e-17,2.5329364343249754e-17,22.42657776629302,0.44119346923940483,0.7554761142385971,4.0,3.9787373997750026,13.0,12.90711185542149,110.2494376115453,3.71724821436139,3.741791365700748,1.005512075975243,315.1419677734375,375.4826354980469,88.32885596160493,52.241698178525525,0.6763034801766208,6.75,0.0
882815355.995,882817031.995,882816264.0356605,882815414.745,882817026.355,-0.0016909306619747881,0.006458142880897308,-2.3673029267647037e-18,9.041400033256231e-18,,,,-0.0019164198290600148,0.006468894408631187,-2.682987760684021e-18,9.056452172083663e-18,,,,0.032987635573520524,0.004509177625881417,4.6182689802928736e-17,6.312848676233984e-18,22.52412202973111,0.13910792780204062,0.1595867967404807,53.0,53.518962948982995,198.0,195.35527701997393,1622.394634186609,56.2623197817525,56.62815219649878,0.991034203454882,310.12841796875,402.7578125,89.91388539366349,52.242496664954565,0.676607458470933,8.320755004882812,0.0
912295094.995,912296592.995,912295620.661375,912295099.345,912296544.09,0.0015752290305929922,0.006300747016347072,2.2053206428301892e-18,8.8210458228859e-18,25.8266407324774,1.7474016991182317,,-0.004051825503739679,0.006598914864077158,-5.672555705235551e-18,9.238480809708021e-18,,,,0.02982757866943287,0.004515314514871923,4.175861013720602e-17,6.321440320820693e-18,22.633455000452116,0.15304719817912016,0.1782175143831175,40.0,43.63751253200373,154.0,143.51723914621581,1462.9921193275807,41.33296487411016,49.56530131286539,0.9180153745519929,323.0171813964844,346.79156494140625,93.58147210600173,52.24236557445472,0.6766179630019549,7.025000095367432,0.0
