t0,t1,t_mean,t0_data,t1_data,cps_bgsub,cps_bgsub_err,flux_bgsub,flux_bgsub_err,mag_bgsub,mag_bgsub_err_1,mag_bgsub_err_2,cps_mcatbgsub,cps_mcatbgsub_err,flux_mcatbgsub,flux_mcatbgsub_err,mag_mcatbgsub,mag_mcatbgsub_err_1,mag_mcatbgsub_err_2,cps,cps_err,flux,flux_err,mag,mag_err_1,mag_err_2,counts,flat_counts,bg_counts,bg_flat_counts,exptime,bg,mcat_bg,responses,detxs,detys,detrad,racent,deccent,q_mean,flags
780112827.995,780112935.995,780112884.512,780112884.512,780112884.512,0.014389865071160118,0.012167845173589152,2.0145811099624167e-17,1.7034983243024813e-17,23.42485819568756,0.6653347663527782,2.028271945290662,,,,,,,,0.014389865071160118,0.012167845173589152,2.0145811099624167e-17,1.7034983243024813e-17,23.42485819568756,0.6653347663527782,2.028271945290662,1.0,1.3985760710807658,-3.105036184601418e+231,5e-324,97.1917432279309,0.0,,0.7150129482962185,625.6520385742188,500.5105895996094,247.02473789959137,22.3883584188837,0.69616567575324,15.0,0.0
781402923.995,781403036.995,781402988.685,781402966.573,781403010.797,0.012906727960428632,0.01482291149530449,1.8069419144600085e-17,2.0752076093426287e-17,23.542959609059107,0.8303201662165698,,0.009243705323611334,0.015919207172643973,1.2941187453055868e-17,2.2286890041701563e-17,23.90538476918131,1.0872870375697943,,0.018393661313148214,0.013009033727146561,2.5751125838407502e-17,1.8212647218005185e-17,23.158329536362338,0.5807468405344132,1.333781284124349,2.0,1.999154190561306,2.0,2.070691036097675,108.68712631629595,0.5963590183961305,0.9944824224233438,1.0009732153245525,288.871337890625,616.81494140625,243.63558516607392,22.388066845371547,0.69422762190154,15.0,0.0
875378931.995,875380467.995,875379687.6914284,875379081.6,875380320.53,-0.002964288235219969,0.002867080999859556,-4.150003529307957e-18,4.0139133998033785e-18,,,,-0.005271701046565743,0.003120144647859213,-7.38038146519204e-18,4.3682025070028984e-18,,,,0.0047770704393871825,0.0017711113573554214,6.687898615142056e-18,2.4795559002975902e-18,24.62209588715606,0.34239770764744293,0.5029464514655224,7.0,7.274975821412913,42.0,40.93498269583468,1522.8948188476304,11.78927501640039,15.303222031741514,0.9631717419816253,383.7223205566406,645.2965698242188,245.83606329338377,22.38871686129126,0.6959432136760526,16.428571701049805,0.0
