t0,t1,t_mean,t0_data,t1_data,cps_bgsub,cps_bgsub_err,flux_bgsub,flux_bgsub_err,mag_bgsub,mag_bgsub_err_1,mag_bgsub_err_2,cps_mcatbgsub,cps_mcatbgsub_err,flux_mcatbgsub,flux_mcatbgsub_err,mag_mcatbgsub,mag_mcatbgsub_err_1,mag_mcatbgsub_err_2,cps,cps_err,flux,flux_err,mag,mag_err_1,mag_err_2,counts,flat_counts,bg_counts,bg_flat_counts,exptime,bg,mcat_bg,responses,detxs,detys,detrad,racent,deccent,q_mean,flags
749492853.995,749492965.995,749492904.6570001,749492869.644,749492939.67,0.007467580720436092,0.01701557464642183,1.045461300861053e-17,2.3821804504990564e-17,24.137050185535564,1.2892186569344162,,,,,,,,,0.019639907873378014,0.013369625815740771,2.749587102272922e-17,1.871747614203708e-17,23.087151384317863,0.5637498575434456,1.239630922568562,2.0,2.157945079019917,5.0,4.64389155737505,109.87551942364361,1.3374407685240146,,0.9273254307495762,275.5446472167969,258.82415771484375,188.20136365423832,15.7778467727156,-0.1578727410890545,7.0,0.0
876851959.995,876853658.995,876852726.771875,876851969.625,876853639.075,0.010500893639797832,0.003966666699036251,1.4701251095716966e-17,5.553333378650752e-18,23.766934350820748,0.3479226066226069,0.5150801143843786,,,,,,,,0.018390637161812298,0.0033182436524910415,2.5746892026537217e-17,4.6455411134874585e-18,23.158508059848586,0.1801016455803044,0.21603637981101187,24.0,30.716873382406227,59.0,45.75627159810673,1670.245196625871,13.177806220254741,,0.7829390044468716,550.2709350585938,297.630615234375,181.82641408958347,15.778496889350222,-0.15691449690892564,13.541666984558105,65.0
876864028.995,876865490.995,876864702.8826,876864039.63,876865389.325,0.009621453953524197,0.005818583165319972,1.3470035534933877e-17,8.146016431447961e-18,23.86189823563324,0.5135190858154708,1.0078228407426337,,,,,,,,0.024215055802536706,0.004596165649022207,3.390107812355139e-17,6.4346319086310895e-18,22.859786314509137,0.18869049096573676,0.22852759656574761,25.0,27.757452368508144,64.0,58.08501885840599,1146.289011054038,16.72848543122093,,0.9013954910353433,472.8974609375,563.49072265625,179.0063021398889,15.778593711769684,-0.15671541753641005,17.600000381469727,0.0
