t0,t1,t_mean,t0_data,t1_data,cps_bgsub,cps_bgsub_err,flux_bgsub,flux_bgsub_err,mag_bgsub,mag_bgsub_err_1,mag_bgsub_err_2,cps_mcatbgsub,cps_mcatbgsub_err,flux_mcatbgsub,flux_mcatbgsub_err,mag_mcatbgsub,mag_mcatbgsub_err_1,mag_mcatbgsub_err_2,cps,cps_err,flux,flux_err,mag,mag_err_1,mag_err_2,counts,flat_counts,bg_counts,bg_flat_counts,exptime,bg,mcat_bg,responses,detxs,detys,detrad,racent,deccent,q_mean,flags
753629849.995,753629969.995,753629883.027,753629883.027,753629883.027,-0.006880775042302169,0.014360950480875599,-9.633085059223037e-18,2.0105330673225838e-17,,,,,,,,,,,0.008709012605452301,0.008597560266304446,1.2192617647633222e-17,1.2036584372826225e-17,23.970077702122516,0.7456053905511304,4.732199328301057,1.0,1.0260945496268497,7.0,6.3777306448936795,117.8198489441226,1.83678642572938,,0.9745690593168639,494.94390869140625,620.9469604492188,240.4826503707715,34.1398445773735,-0.121396288491074,8.0,0.0
908863633.995,908865004.995,908864372.64,908863845.14,908864942.755,-0.0005752218723237661,0.0036197885682786846,-8.053106212532726e-19,5.067703995590159e-18,,,,-0.0018769051789001366,0.003751420530949969,-2.6276672504601914e-18,5.251988743329957e-18,,,,0.008501433497706273,0.0025173491612694716,1.1902006896788783e-17,3.52428882577726e-18,23.996269595228043,0.28160363739483074,0.3812361407463243,10.0,11.40505566707204,48.0,42.2803531187609,1341.5450076918412,12.176741698203141,13.92300843973648,0.8770534745531984,433.1548767089844,259.5288391113281,144.33084525145375,34.140585523611506,-0.1207144113300492,9.600000381469727,0.0
908887268.995,908888965.995,908888108.1797223,908887353.625,908888771.735,0.0026721585846378004,0.003442766806423228,3.741022018492921e-18,4.8198735289925194e-18,25.252844428375415,0.8988223346891822,,0.000250683384592301,0.0036489820626952577,3.5095673842922145e-19,5.108574887773361e-18,27.82218612580462,2.979754501941926,,0.011148837633603793,0.002594847580184395,1.560837268704531e-17,3.632786612258153e-18,23.701926023384026,0.22718402211788202,0.28765212430744214,18.0,18.460160635713613,50.0,48.73479429347832,1655.7924011802547,14.035620756521759,18.045080992403534,0.9763014170526331,169.32240295410156,332.3778076171875,240.38493022967975,34.14094442411945,-0.12024424785090623,6.5,0.0
