t0,t1,t_mean,t0_data,t1_data,cps_bgsub,cps_bgsub_err,flux_bgsub,flux_bgsub_err,mag_bgsub,mag_bgsub_err_1,mag_bgsub_err_2,cps_mcatbgsub,cps_mcatbgsub_err,flux_mcatbgsub,flux_mcatbgsub_err,mag_mcatbgsub,mag_mcatbgsub_err_1,mag_mcatbgsub_err_2,cps,cps_err,flux,flux_err,mag,mag_err_1,mag_err_2,counts,flat_counts,bg_counts,bg_flat_counts,exptime,bg,mcat_bg,responses,detxs,detys,detrad,racent,deccent,q_mean,flags
780823161.995,780823267.995,780823223.3076667,780823163.873,780823260.794,0.022516146732376008,0.05086902552333622,4.6383262268694574e-18,1.047901925780726e-17,24.198764824521774,1.2827856194736462,,,,,,,,,0.133129834324014,0.03759452247921868,2.7424745870746886e-17,7.744471630719047e-18,22.26931152114864,0.27005023416738894,0.3602786649499343,12.0,12.540118411602492,38.0,36.177839605328565,94.19465197471894,10.419217806334629,,0.9572802304547885,688.1611328125,391.6352233886719,288.28251412727184,26.16211348573759,-1.1461705548824035,8.666666984558105,0.0
781988806.995,781988916.995,781988853.0276,781988811.574,781988884.562,0.031306363366411565,0.04614336627673009,6.4491108534807825e-18,9.505533453006398e-18,23.8409184457476,0.9834682109696331,,,,,,,,,0.11970699917785943,0.03499653437897135,2.465964183063904e-17,7.209286082068098e-18,22.384701139951893,0.278451723597648,0.37545619833951704,10.0,11.700084796601956,35.0,30.00076756194708,97.73935423122661,8.64022105784076,,0.8549046824309018,323.14361572265625,109.74516296386719,300.2578462372944,26.16287331953486,-1.146133694263497,7.5,32.0
908479111.995,908480771.995,908479944.2042893,908479112.44,908480765.495,0.03853074734630482,0.012811137611512502,7.937333953338793e-18,2.6390943479715754e-18,23.615481418213115,0.3116609413301674,0.43885764581739295,0.01133617853794446,0.013501951261108796,2.3352527788165586e-18,2.781401959788412e-18,24.943833307079352,0.8516305378003857,,0.14203610170864742,0.00974371684784109,2.925943695198137e-17,2.0072056706552646e-18,22.19900313939226,0.07203821268769417,0.07715974651304691,197.0,212.4947373221748,581.0,537.6749003246338,1496.0614573755072,154.85037129349456,195.53511753762868,0.9273589015570597,684.902099609375,400.35089111328125,284.902315691543,26.162633103680573,-1.1460314359791228,8.58883285522461,0.0
