t0,t1,t_mean,t0_data,t1_data,cps_bgsub,cps_bgsub_err,flux_bgsub,flux_bgsub_err,mag_bgsub,mag_bgsub_err_1,mag_bgsub_err_2,cps_mcatbgsub,cps_mcatbgsub_err,flux_mcatbgsub,flux_mcatbgsub_err,mag_mcatbgsub,mag_mcatbgsub_err_1,mag_mcatbgsub_err_2,cps,cps_err,flux,flux_err,mag,mag_err_1,mag_err_2,counts,flat_counts,bg_counts,bg_flat_counts,exptime,bg,mcat_bg,responses,detxs,detys,detrad,racent,deccent,q_mean,flags
749493141.995,749493253.995,749493180.388625,749493143.13,749493245.359,0.06558430511633054,0.05525432072164378,1.351036685396409e-17,1.1382390068658619e-17,23.038000196412,0.6635146411264152,2.006750639988983,0.02211725978158054,0.0591420599043703,4.556155515005591e-18,1.218326434030028e-17,24.21817170239858,1.4128546574818017,,0.18198678783483946,0.043151368413266444,3.748927829397693e-17,8.889181893132887e-18,21.929900351173373,0.23102311403783204,0.29384895728668425,16.0,17.786503161478564,44.0,39.50212600269458,97.7351343638229,11.376612288776041,15.624869804966213,0.8998418871567058,587.0511474609375,159.01470947265625,305.06071857419084,13.704053444528224,0.4295480767283557,11.625,32.0
874674771.995,874676430.995,874675586.5462434,874674775.17,874676430.7,0.021241100696372132,0.013206409771008985,4.375666743452659e-18,2.7205204128278508e-18,24.262057455561283,0.5249520575022579,1.0555196064665928,-0.00025123530452561034,0.013745248979429879,-5.175447273227573e-20,2.831521289762555e-18,,,,0.13967663174422285,0.009714991173878937,2.877338613930991e-17,2.0012881818190607e-18,22.217190615950056,0.07300622908552157,0.07827142149364974,193.0,206.71057092666132,653.0,608.5951075984152,1479.922363142259,175.2753909883436,207.08237967223963,0.9339079001213564,109.10963439941406,458.9317626953125,296.7998609393528,13.704598247683665,0.42968123547752424,7.994818687438965,32.0
875893680.995,875895295.995,875894477.1720176,875893681.34,875895273.94,0.014860991899237792,0.013078496566077529,3.0613643312429853e-18,2.694170292611971e-18,24.649880506386598,0.6854266326354654,2.3025484899199107,-0.015218208112209568,0.013862695366808134,-3.134950871115171e-18,2.8557152455624756e-18,,,,0.12919170492317325,0.009525892229903011,2.661349121417369e-17,1.9623337993600203e-18,22.301913426025408,0.07724231954710703,0.08316133746006216,171.0,183.9322703092613,607.0,565.1890329126509,1423.7157905659712,162.77444147884347,205.59867350273322,0.9298255699743928,667.57666015625,528.4270629882812,296.80090897463447,13.704645151801492,0.42965586922356036,8.26900577545166,32.0
