t0,t1,t_mean,t0_data,t1_data,cps_bgsub,cps_bgsub_err,flux_bgsub,flux_bgsub_err,mag_bgsub,mag_bgsub_err_1,mag_bgsub_err_2,cps_mcatbgsub,cps_mcatbgsub_err,flux_mcatbgsub,flux_mcatbgsub_err,mag_mcatbgsub,mag_mcatbgsub_err_1,mag_mcatbgsub_err_2,cps,cps_err,flux,flux_err,mag,mag_err_1,mag_err_2,counts,flat_counts,bg_counts,bg_flat_counts,exptime,bg,mcat_bg,responses,detxs,detys,detrad,racent,deccent,q_mean,flags
749492278.995,749492390.995,749492331.4854,749492284.022,749492382.998,0.11200482733655574,0.05742934956543708,2.3072994431330482e-17,1.1830446010480038e-17,22.456908147778805,0.4494106908477882,0.7805979863460237,0.06588119418975652,0.06137644352300238,1.3571526003089844e-17,1.264354736573849e-17,23.03309634307412,0.7148059859588578,2.912726761340437,0.21820068688516622,0.04710031842946871,4.494934149834424e-17,9.702665596470554e-18,21.732859716518963,0.2122069557018058,0.2640129215496181,20.0,21.461720776594465,39.0,36.267993027264616,98.35771409779866,10.44518199185221,14.981797114056839,0.9320152469325823,293.86822509765625,486.3636169433594,136.83065437050672,17.508214723655037,1.2302319852875292,13.25,0.0
874603779.995,874605451.995,874604633.6913253,874603799.76,874605446.28,0.02784722581994905,0.012483087837096079,5.736528518909504e-18,2.571516094441792e-18,23.968045158415794,0.4021241574587826,0.6456843444852822,-0.008624935657321892,0.013420739041639849,-1.7767367454083096e-18,2.764672242577809e-18,,,,0.1309194244911105,0.009337355955799808,2.696940144516876e-17,1.9234953268947604e-18,22.28748978118896,0.07479944512708059,0.08033639887074884,166.0,196.58951204922323,634.0,537.409463274173,1501.6069067930541,154.77392542296187,209.54077500290347,0.8446887212254656,496.2943420410156,491.4432373046875,132.79482654784974,17.508060788026572,1.2302071025163404,13.216867446899414,0.0
906830178.995,906830320.995,906830252.3969231,906830193.895,906830305.44,0.005057288108678586,0.04074541794249768,1.0418013503877888e-18,8.393556096154522e-18,25.82020576084392,2.392433603690737,,-0.03810011954568665,0.044723610571671124,-7.84862462641145e-18,9.213063777764252e-18,,,,0.1078916936221863,0.029155038432098608,2.2225688886170377e-17,6.005937917012313e-18,22.497529973855965,0.25970168394767157,0.34202762216186144,13.0,13.694582114004724,48.0,45.321755960460735,126.9289752922058,13.052665716612694,18.530591246449273,0.9494474912189533,67.34281921386719,428.7433166503906,333.8966579357189,17.50824025826623,1.2301534055252845,5.307692527770996,32.0
