t0,t1,t_mean,t0_data,t1_data,cps_bgsub,cps_bgsub_err,flux_bgsub,flux_bgsub_err,mag_bgsub,mag_bgsub_err_1,mag_bgsub_err_2,cps_mcatbgsub,cps_mcatbgsub_err,flux_mcatbgsub,flux_mcatbgsub_err,mag_mcatbgsub,mag_mcatbgsub_err_1,mag_mcatbgsub_err_2,cps,cps_err,flux,flux_err,mag,mag_err_1,mag_err_2,counts,flat_counts,bg_counts,bg_flat_counts,exptime,bg,mcat_bg,responses,detxs,detys,detrad,racent,deccent,q_mean,flags
746284258.995,746284368.995,746284339.278,746284339.278,746284339.278,0.009015022511266953,0.01271169158071333,1.2621031515773735e-17,1.7796368212998665e-17,23.93258296117624,0.9550680846595689,,,,,,,,,0.013260136643011046,0.011063516261786682,1.8564191300215465e-17,1.5488922766501354e-17,23.51363000147971,0.6587019951345994,1.9519824763654867,1.0,1.4365132684426227,2.0,1.5968294201379996,108.3332176067551,0.45988687299974396,,0.6961300128359671,595.3828125,499.8946533203125,219.4387959828334,325.538069055908,0.962919475821255,18.0,8.0
777301650.995,777303329.995,777302598.7815385,777301731.715,777303300.39,0.012289082593713611,0.004102247300682062,1.7204715631199056e-17,5.743146220954888e-18,23.596201342287344,0.31273681992420777,0.4410085249191269,0.0006859066821644711,0.004882700160565036,9.602693550302596e-19,6.835780224791051e-18,26.729337415462687,2.2737038072599454,,0.020067397519053305,0.003482476526964289,2.809435652667463e-17,4.8754671377500045e-18,23.063772365542643,0.17374383727650056,0.20694411707991023,26.0,33.205170298011105,57.0,44.68972611930444,1654.6824403355708,12.87064112235968,32.07021255532472,0.7845734840086765,590.3148803710938,543.1347045898438,238.13294049476977,325.5382858610379,0.9624056910845867,18.884614944458008,0.0
904911894.995,904913592.995,904912795.7456666,904911897.02,904913580.51,0.012402080646332077,0.0045297081172944705,1.736291290486491e-17,6.341591364212259e-18,23.58626362229223,0.3380207265332196,0.4934722847423707,0.004174528147727619,0.005043259667366723,5.8443394068186665e-18,7.060563534313413e-18,24.76848151567195,0.8600482827928388,,0.023370256183993028,0.0037369021527736707,3.2718358657590243e-17,5.231663013883139e-18,22.89834131714901,0.1610512985452459,0.18917243807632644,30.0,39.11141184931173,83.0,63.73557745789369,1673.555118154857,18.355846307873385,32.12510890180066,0.7680930565535988,568.8136596679688,258.5734558105469,220.22606360706746,325.5383268783115,0.9626308208816639,11.866666793823242,8.0
