t0,t1,t_mean,t0_data,t1_data,cps_bgsub,cps_bgsub_err,flux_bgsub,flux_bgsub_err,mag_bgsub,mag_bgsub_err_1,mag_bgsub_err_2,cps_mcatbgsub,cps_mcatbgsub_err,flux_mcatbgsub,flux_mcatbgsub_err,mag_mcatbgsub,mag_mcatbgsub_err_1,mag_mcatbgsub_err_2,cps,cps_err,flux,flux_err,mag,mag_err_1,mag_err_2,counts,flat_counts,bg_counts,bg_flat_counts,exptime,bg,mcat_bg,responses,detxs,detys,detrad,racent,deccent,q_mean,flags
745857891.995,745859400.995,745858667.871,745857949.755,745859340.795,0.010982788945386474,0.0045954444398473345,1.5375904523541064e-17,6.433622215786269e-18,23.718218405226903,0.3795139200595976,0.588480742917465,0.005764883572731721,0.004963477207293657,8.07083700182441e-18,6.94886809021112e-18,24.418023648169843,0.6743570727087018,2.1423443827313093,0.02115262396245532,0.003776432439767592,2.961367354743745e-17,5.287005415674629e-18,23.006589377846375,0.17835397833130529,0.21352413518733115,25.0,31.37365081114896,66.0,52.37478213611062,1483.2037323991278,15.08393725519986,22.823153979226852,0.7983415331931887,577.3982543945312,360.0516357421875,181.84062381410183,349.96708233514755,-0.2782513243710288,13.079999923706055,0.0
750959631.995,750959740.995,750959694.8605001,750959655.895,750959721.425,0.019879852001417155,0.023368287043157184,2.783179280198402e-17,3.271560186042006e-17,23.073967132745043,0.8438856943245518,,,,,,,,,0.03843206504823113,0.019190938497767006,5.380489106752358e-17,2.6867313896873808e-17,22.358265698027488,0.43975542736333395,0.7511580619894431,4.0,4.010467620558149,7.0,6.7220931868648375,104.35212407985696,1.9359628378170737,,0.9986190393741953,214.91094970703125,347.3642578125,192.42785113902323,349.966690595663,-0.27815019472862945,6.25,0.0
907662692.995,907664383.995,907663461.1959615,907662777.43,907664348.27,0.012091788753456876,0.004034441312779724,1.6928504254839628e-17,5.648217837891613e-18,23.61377362165016,0.31260575016715464,0.4407461502265839,0.005738345273329261,0.004485164389106776,8.033683382660965e-18,6.279230144749487e-18,24.423033310061953,0.6270333395222139,1.6519322858964998,0.01951121474005412,0.00343401520415986,2.731570063607577e-17,4.807621285823804e-18,23.094289228041163,0.17602026381113234,0.21018476727540403,26.0,32.28227926967193,53.0,42.62434325005159,1654.5499447248862,12.275810856014859,22.78790041487269,0.8062736942872435,571.8729858398438,454.4220886230469,180.28335195352315,349.96683104518075,-0.27792585846567147,16.076923370361328,64.0
