t0,t1,t_mean,t0_data,t1_data,cps_bgsub,cps_bgsub_err,flux_bgsub,flux_bgsub_err,mag_bgsub,mag_bgsub_err_1,mag_bgsub_err_2,cps_mcatbgsub,cps_mcatbgsub_err,flux_mcatbgsub,flux_mcatbgsub_err,mag_mcatbgsub,mag_mcatbgsub_err_1,mag_mcatbgsub_err_2,cps,cps_err,flux,flux_err,mag,mag_err_1,mag_err_2,counts,flat_counts,bg_counts,bg_flat_counts,exptime,bg,mcat_bg,responses,detxs,detys,detrad,racent,deccent,q_mean,flags
753712996.995,753713112.995,753713052.5162,753713001.294,753713110.174,0.07917928297469558,0.058838213700216725,1.631093229278729e-17,1.2120672022244645e-17,22.833471088536545,0.6033064535921042,1.4755944643083403,,,,,,,,0.21334832259703623,0.04610158341837848,4.3949754454989466e-17,9.496926184185967e-18,21.757276918333616,0.21241071260789823,0.26432893403490354,20.0,21.416415363018796,50.0,46.764615932084055,100.38239392896125,13.46820938844021,,0.9340882702699552,151.65695190429688,285.3219299316406,273.5421892360816,51.038350623337394,-0.00307868874229406,9.75,0.0
913276818.995,913278488.995,913277638.7726419,913276824.955,913278481.435,0.024008382098801725,0.014616180723765212,4.945726712353155e-18,3.0109332290956334e-18,24.129092764084568,0.516251706181599,1.0189887470015613,-0.0008614622633090183,0.015187663124566509,-1.7746122624165775e-19,3.1286586036607006e-18,,,,0.16797227625958316,0.010725556623588473,3.460228890947413e-17,2.2094646644592256e-18,22.016905981117574,0.0672041954456617,0.07164003317335244,229.0,245.2649760087877,781.0,729.8927089534208,1460.15152899254,210.20910017858523,246.52284144972774,0.933898870022866,100.23748016357422,410.37451171875,299.94199237866985,51.03849625953683,-0.0030200075435766614,7.436681270599365,32.0
913288643.995,913290346.995,913289442.2720084,913288649.685,913290326.795,0.05296256396414537,0.014263951972902884,1.0910288176613946e-17,2.938374106417994e-18,23.27007749620721,0.2589290067357055,0.34068403280587845,,,,,,,,0.17862779795404196,0.010928697028613108,3.679732637853264e-17,2.2513115878943003e-18,21.950127388833653,0.06447406315078297,0.0685457755242922,234.0,267.1537755206023,745.0,652.5817559808215,1495.5890325051012,187.9435457224766,,0.8761899761450099,627.1725463867188,236.91555786132812,279.6496041468818,51.03847395019779,-0.0029775265671533615,10.05555534362793,0.0
