t0,t1,t_mean,t0_data,t1_data,cps_bgsub,cps_bgsub_err,flux_bgsub,flux_bgsub_err,mag_bgsub,mag_bgsub_err_1,mag_bgsub_err_2,cps_mcatbgsub,cps_mcatbgsub_err,flux_mcatbgsub,flux_mcatbgsub_err,mag_mcatbgsub,mag_mcatbgsub_err_1,mag_mcatbgsub_err_2,cps,cps_err,flux,flux_err,mag,mag_err_1,mag_err_2,counts,flat_counts,bg_counts,bg_flat_counts,exptime,bg,mcat_bg,responses,detxs,detys,detrad,racent,deccent,q_mean,flags
753630144.995,753630263.995,753630237.7,753630237.7,753630237.7,0.007511793320740413,0.011394977079647811,1.0516510649036579e-17,1.5952967911506938e-17,24.130640924357785,1.002184300003286,,,,,,,,,0.011332945907247578,0.00985416457287076,1.586612427014661e-17,1.3795830402019064e-17,23.6841429603451,0.6793222883999874,2.211097139304968,1.0,1.3226532687192252,2.0,1.5484781666725187,116.70868982736164,0.44596171200168544,,0.7560560455638821,543.3298950195312,127.90482330322266,307.5373863255658,36.0119223190561,-0.0496199332796621,6.0,97.0
908857693.995,908859021.995,908858360.9158334,908857723.155,908859014.755,0.008041727088667475,0.004423351723879494,1.1258417924134465e-17,6.1926924134312925e-18,24.056626673984567,0.4758642458546163,0.8670892812315358,0.0030286904058865038,0.004841351823072237,4.240166568241105e-18,6.777892552301132e-18,25.11686279544544,1.03680545218635,,0.016684718342835515,0.003590152979252532,2.335860567996972e-17,5.026214170953545e-18,23.26420280083954,0.21159806726029373,0.2630694795483173,18.0,21.59791611772909,47.0,38.84763246416887,1294.4729227031467,11.188118149680635,17.677358396058207,0.8346051641734819,211.76937866210938,147.80712890625,314.69351922109416,36.011844218153136,-0.04853287454340757,7.222222328186035,32.0
908905720.995,908905974.995,908905873.7425001,908905825.105,908905922.38,0.012084205892857658,0.009085593938482642,1.691788825000072e-17,1.27198315138757e-17,23.61445470937198,0.6087465884125578,1.5132446205419186,0.0009802420563051698,0.01162739966332587,1.3723388788272377e-18,1.6278359528656218e-17,26.341666671133044,2.773251317793129,,0.014747116759038333,0.00836194202729103,2.0645963462653668e-17,1.1706718838207441e-17,23.39823220311954,0.48768784654171426,0.9088358310591076,2.0,3.1102831882502997,3.0,1.9501003319980903,210.90788383051515,0.5616288956154502,2.9035424105133036,0.6430293785340309,725.6729736328125,460.009033203125,331.1555070066212,36.013411724022504,-0.0479058000695714,13.5,105.0
