t0,t1,t_mean,t0_data,t1_data,cps_bgsub,cps_bgsub_err,flux_bgsub,flux_bgsub_err,mag_bgsub,mag_bgsub_err_1,mag_bgsub_err_2,cps_mcatbgsub,cps_mcatbgsub_err,flux_mcatbgsub,flux_mcatbgsub_err,mag_mcatbgsub,mag_mcatbgsub_err_1,mag_mcatbgsub_err_2,cps,cps_err,flux,flux_err,mag,mag_err_1,mag_err_2,counts,flat_counts,bg_counts,bg_flat_counts,exptime,bg,mcat_bg,responses,detxs,detys,detrad,racent,deccent,q_mean,flags
842112154.995,842112265.995,5e-324,-1.4916681462400413e-154,5e-324,-0.016184711943534463,0.012234803057238966,-2.2658596720948248e-17,1.7128724280134554e-17,,,,,,,,,,,0.0,0.0,0.0,0.0,inf,,,5e-324,5e-324,7.0,6.076080160451523,108.12123764174258,1.749911086210039,,5e-324,5e-324,5e-324,565.685424949238,160000.0,5e-324,5e-324,0.0
844342648.995,844342761.995,844342687.545,844342687.545,844342687.545,-0.006949297570120943,0.015414742505203435,-9.729016598169321e-18,2.158063950728481e-17,,,,,,,,,,,0.009713919120761897,0.00935448102371597,1.3599486769066656e-17,1.3096273433202359e-17,23.851513792087722,0.7322994343026572,3.579425942090303,1.0,1.0783247408392194,7.0,6.422756254726184,111.008206619147,1.8497538013611412,,0.9273644219845478,248.18572998046875,213.18617248535156,240.72178699119854,343.084182952466,-0.844861019823898,12.0,0.0
907088981.995,907090614.995,907089716.8726087,907088986.34,907090597.555,0.005928136403071558,0.005676204348970209,8.299390964300182e-18,7.946686088558293e-18,24.38770453010735,0.7292557126638926,3.429086900753365,-0.0017806028093637013,0.006218457743054033,-2.492843933109182e-18,8.705840840275647e-18,,,,0.022217804272047156,0.004311576393323134,3.110492598086602e-17,6.036206950652388e-18,22.953247158678323,0.19256493716300582,0.23424257351592104,23.0,26.554009251230536,78.0,67.60031310609466,1195.168024980708,19.468890174555263,28.68212879417285,0.8675920713873464,363.9678649902344,172.56703186035156,230.26955888734472,343.08290662362555,-0.8461356515777382,9.434782981872559,0.0
907573983.995,907575655.995,907574714.0523685,907574031.775,907575488.77,-0.0014096987162346044,0.005433105489810783,-1.973578202728446e-18,7.606347685735097e-18,,,,,,,,,,,0.01699531745144254,0.0037645155941927093,2.3793444432019556e-17,5.270321831869793e-18,23.24417679730775,0.21723643859527186,0.271857788817222,19.0,20.381697946911423,83.0,76.63987638502627,1199.2537359272128,22.072284398887568,,0.9332358645780756,438.179443359375,630.4631958007812,233.60426904048856,343.0833601320408,-0.8461547524895411,16.789474487304688,0.0
