t0,t1,t_mean,t0_data,t1_data,cps_bgsub,cps_bgsub_err,flux_bgsub,flux_bgsub_err,mag_bgsub,mag_bgsub_err_1,mag_bgsub_err_2,cps_mcatbgsub,cps_mcatbgsub_err,flux_mcatbgsub,flux_mcatbgsub_err,mag_mcatbgsub,mag_mcatbgsub_err_1,mag_mcatbgsub_err_2,cps,cps_err,flux,flux_err,mag,mag_err_1,mag_err_2,counts,flat_counts,bg_counts,bg_flat_counts,exptime,bg,mcat_bg,responses,detxs,detys,detrad,racent,deccent,q_mean,flags
780947437.995,780947549.995,780947543.513,780947543.513,780947543.513,0.011225802056885961,0.011631953210207772,1.5716122879640347e-17,1.628473449429088e-17,23.694456549767988,0.7720404960424041,,0.001941678328728215,0.014795868592852784,2.718349660219501e-18,2.07142160299939e-17,25.599556791411825,2.338786310189416,,0.013124458376403827,0.0108720977896393,1.8374241726965358e-17,1.5220936905495022e-17,23.524796525327428,0.6551688227938186,1.9136086767353184,1.0,1.4572567635627136,1.0,0.7319957527926022,111.03366872515542,0.21081477680426947,1.2416650952398915,0.686220867182796,622.997314453125,515.6004638671875,251.17975535383985,28.9538613940441,-0.810817787849011,10.0,8.0
782047972.995,782048083.995,782047986.341,782047986.341,782047986.341,0.00601262651515091,0.0125531317551453,8.417677121211274e-18,1.757438445720342e-17,24.372339430701683,1.2241211595950574,,0.00035370215441656055,0.014456748223194121,4.951830161831848e-19,2.0239447512471772e-17,27.44840573717238,4.054826400615351,,0.011678047504569534,0.010300759039048946,1.634926650639735e-17,1.4421062654668527e-17,23.651574406088596,0.6865846720769646,2.320863317954288,1.0,1.28529263531062,3.0,2.1650676999065617,110.0605760344522,0.6235394975730899,1.2463639724509066,0.7780329339227307,648.0818481445312,323.27630615234375,259.6750441926123,28.9515162163895,-0.809555917773776,14.0,0.0
908532378.995,908534017.995,908533370.672647,908532389.06,908533851.035,0.00046879837197034383,0.004071695745522013,6.563177207584814e-19,5.700374043730819e-18,27.142534762982187,2.465292556371338,,0.0009180336393924795,0.004032490495341844,1.2852470951494714e-18,5.645486693478581e-18,26.41285351177124,1.829481467071023,,0.011954756220331196,0.002907771407528555,1.6736658708463675e-17,4.070879970539977e-18,23.626148188821254,0.23637987615824585,0.302592158013713,17.0,16.90288845194983,56.0,56.38906991181395,1413.9049044934477,16.24005213460242,15.604876186722835,1.0060460294847307,134.52154541015625,555.8787231445312,307.85871139303686,28.95308904551202,-0.8094568407293012,9.529411315917969,32.0
