t0,t1,t_mean,t0_data,t1_data,cps_bgsub,cps_bgsub_err,flux_bgsub,flux_bgsub_err,mag_bgsub,mag_bgsub_err_1,mag_bgsub_err_2,cps_mcatbgsub,cps_mcatbgsub_err,flux_mcatbgsub,flux_mcatbgsub_err,mag_mcatbgsub,mag_mcatbgsub_err_1,mag_mcatbgsub_err_2,cps,cps_err,flux,flux_err,mag,mag_err_1,mag_err_2,counts,flat_counts,bg_counts,bg_flat_counts,exptime,bg,mcat_bg,responses,detxs,detys,detrad,racent,deccent,q_mean,flags
846412385.995,846414071.995,846413181.1529166,846412651.475,846413915.16,0.0011144244428903673,0.0030419028199590924,1.5601942200465143e-18,4.258663947942729e-18,26.202373427533473,1.4291477673197193,,-0.005465071789571246,0.003635584275721201,-7.651100505399745e-18,5.0898179860096814e-18,,,,0.008235895893584293,0.0022276264879777454,1.1530254251018012e-17,3.1186770831688436e-18,24.030722879372398,0.25991764838774145,0.34240362607292596,12.0,13.669006495882847,47.0,41.039621949498105,1659.6866537046578,11.819411121455456,22.739313206572074,0.8786491981030015,518.5845336914062,578.0859375,213.95535227252944,25.37443866060782,0.5463234778180769,18.33333396911621,0.0
874699265.995,874699371.995,1.5e-323,1.2907380372784398e-231,1.5e-323,-0.0023140335010805113,0.004715199498987602,-3.239646901512716e-18,6.601279298582643e-18,,,,,,,,,,,0.0,0.0,0.0,0.0,inf,,,1.5e-323,1.5e-323,1.0,0.8362702586959566,104.08053055064906,0.24084583450443556,,1.5e-323,1.5e-323,1.5e-323,565.685424949238,160000.0,1.5e-323,1.5e-323,0.0
907875665.995,907877334.995,907876677.9163042,907875742.19,907877283.15,0.0019089704948036012,0.004186798844608438,2.6725586927250418e-18,5.8615183824518136e-18,25.61800196010935,1.2605732730495127,,0.0018833377693281415,0.004188659013523933,2.636672877059398e-18,5.8641226189335065e-18,25.63267945991543,1.2710082918746188,,0.015374577585047603,0.0030569242233987495,2.1524408619066646e-17,4.2796939127582496e-18,23.35299201896316,0.19689382697130142,0.24068803556449936,23.0,25.295137129399695,84.0,76.92496301347347,1645.2573730546092,22.154389347880365,22.19656177846035,0.9097417265822002,478.953125,595.4805908203125,210.82281028087087,25.374368822207128,0.5464368738912476,17.869565963745117,0.0
