t0,t1,t_mean,t0_data,t1_data,cps_bgsub,cps_bgsub_err,flux_bgsub,flux_bgsub_err,mag_bgsub,mag_bgsub_err_1,mag_bgsub_err_2,cps_mcatbgsub,cps_mcatbgsub_err,flux_mcatbgsub,flux_mcatbgsub_err,mag_mcatbgsub,mag_mcatbgsub_err_1,mag_mcatbgsub_err_2,cps,cps_err,flux,flux_err,mag,mag_err_1,mag_err_2,counts,flat_counts,bg_counts,bg_flat_counts,exptime,bg,mcat_bg,responses,detxs,detys,detrad,racent,deccent,q_mean,flags
780113115.995,780113223.995,780113166.9981053,780113125.861,780113221.17,0.11160613526740167,0.06010121935795648,2.2990863865084742e-17,1.2380851187739034e-17,22.460779826230446,0.4677520697355888,0.8395984676492638,,,,,,,,0.22788509337030202,0.048905588496431215,4.6944329234282217e-17,1.0074551230264831e-17,21.68571020590332,0.21108886976923458,0.262281538292072,19.0,21.712751239157154,44.0,38.46870645629385,95.27938364917536,11.07898745941263,,0.8752998386675047,569.1436767578125,193.68519592285156,266.78714693280017,21.72018198806632,0.3370038652750082,10.947368621826172,0.0
781403216.995,781403330.995,781403273.3332353,781403222.683,781403329.584,0.034956445911016064,0.0562198506100046,7.20102785766931e-18,1.1581289225660947e-17,23.721181823367658,1.040886692540365,,,,,,,,,0.17596527400959777,0.04188815984706466,3.624884644597714e-17,8.628960928495321e-18,21.966432574697976,0.23184359913971164,0.2951807909106421,17.0,17.647019919858653,51.0,49.101891385191365,100.28694592829788,14.141344718935116,,0.9634236994406092,582.1281127929688,560.2545166015625,242.59464042045286,21.720224768591482,0.33672377511151447,12.235294342041016,0.0
875550533.995,875552080.995,875551300.5130334,875550536.105,875552076.765,0.10069006095014416,0.01485056268815053,2.0742152555729695e-17,3.0592159137590093e-18,22.57253349063529,0.1493702589988537,0.17324858315718927,0.06283687410938558,0.015748361788381682,1.294439606653343e-17,3.2441625284066264e-18,23.08446356889918,0.2428159718344567,0.313249006384158,0.20228531803395083,0.0121164005177035,4.1670775514993874e-17,2.495978506646921e-18,21.815089093471286,0.06315974885088238,0.06706207053386137,239.0,278.7285679560662,567.0,486.06915980044624,1377.8981621853811,139.98791802252853,192.1457546032696,0.8577385077629697,599.3004150390625,231.26251220703125,261.13788545790294,21.720044441821226,0.3368382317946831,11.033473014831543,0.0
