t0,t1,t_mean,t0_data,t1_data,cps_bgsub,cps_bgsub_err,flux_bgsub,flux_bgsub_err,mag_bgsub,mag_bgsub_err_1,mag_bgsub_err_2,cps_mcatbgsub,cps_mcatbgsub_err,flux_mcatbgsub,flux_mcatbgsub_err,mag_mcatbgsub,mag_mcatbgsub_err_1,mag_mcatbgsub_err_2,cps,cps_err,flux,flux_err,mag,mag_err_1,mag_err_2,counts,flat_counts,bg_counts,bg_flat_counts,exptime,bg,mcat_bg,responses,detxs,detys,detrad,racent,deccent,q_mean,flags
753889815.995,753889945.995,753889872.8467222,753889818.07,753889942.999,0.010768541881790532,0.05517343022634372,2.2183196276488495e-18,1.1365726626626806e-17,24.9996077462962,1.967512574608893,,,,,,,,,0.17396064456015245,0.039631648579339464,3.5835892779391403e-17,8.164119607343929e-18,21.978872479632198,0.22283642557762917,0.28070309861337606,18.0,19.267161588375355,68.0,62.75861952140171,110.75586456402856,18.074482422163694,,0.9345765662076754,224.86129760742188,356.3944091796875,180.48549145719323,53.44142705760192,0.5953604082717026,14.166666984558105,0.0
882637898.995,882639594.995,882638707.4974802,882637900.805,882639592.215,0.033695947974119525,0.015175267054194655,6.941365282668622e-18,3.1261050131640988e-18,23.761055802590555,0.40368864389602876,0.6498018233035907,-0.0034053270628457916,0.01598165832123311,-7.014973749462331e-19,3.2922216141740205e-18,,,,0.1868801506339454,0.011249607631997092,3.849731103059275e-17,2.317419172191401e-18,21.901092061265864,0.06346633542377944,0.0674078286052513,252.0,275.9634721287948,861.0,785.4343987659713,1476.6869097261317,226.20510684459975,280.99207402583534,0.9134127385573485,228.6679229736328,445.1264343261719,177.17526828867318,53.44117320303153,0.5954244905426548,11.853174209594727,0.0
912212374.995,912213781.995,912213060.8317838,912212401.99,912213771.285,0.05274557919801285,0.016019140783564915,1.0865589314790646e-17,3.2999430014143724e-18,23.27453483582755,0.28794903290120644,0.39301812863114804,-0.00976510583856758,0.0175440245005034,-2.0116118027449213e-18,3.614069047103701e-18,,,,0.1830850808372185,0.012243319086047868,3.771552665246701e-17,2.5221237317258605e-18,21.923367609672507,0.07028109082182965,0.07514728707452534,185.0,223.61842060468655,668.0,552.7620107775343,1221.390730375821,159.19545910392992,235.5454303570518,0.8276503655502375,317.7332458496094,238.88238525390625,180.90523657404586,53.44123104652028,0.5953916047109074,10.989189147949219,0.0
