t0,t1,t_mean,t0_data,t1_data,cps_bgsub,cps_bgsub_err,flux_bgsub,flux_bgsub_err,mag_bgsub,mag_bgsub_err_1,mag_bgsub_err_2,cps_mcatbgsub,cps_mcatbgsub_err,flux_mcatbgsub,flux_mcatbgsub_err,mag_mcatbgsub,mag_mcatbgsub_err_1,mag_mcatbgsub_err_2,cps,cps_err,flux,flux_err,mag,mag_err_1,mag_err_2,counts,flat_counts,bg_counts,bg_flat_counts,exptime,bg,mcat_bg,responses,detxs,detys,detrad,racent,deccent,q_mean,flags
753629556.995,753629671.995,5e-324,2.0,5e-324,-0.0035599037358085505,0.005616876202790639,-4.983865230131971e-18,7.863626683906895e-18,,,,,,,,,,,0.0,0.0,0.0,0.0,inf,,,5e-324,5e-324,2.0,1.3947434055740744,112.83622553184003,0.40168610080533346,,5e-324,5e-324,5e-324,565.685424949238,160000.0,5e-324,5e-324,8.0
908692096.995,908693662.995,908692949.72375,908692178.3,908693523.235,0.0013422097909922695,0.003591158489037878,1.8790937073891773e-18,5.02762188465303e-18,26.000448993671156,1.4133078364593104,,0.0010506507420393527,0.0036175871023973647,1.4709110388550937e-18,5.064621943356311e-18,26.26635407104545,1.6192365086170462,,0.010539160719423037,0.002624259568480149,1.4754825007192254e-17,3.6739633958722086e-18,23.76298493140359,0.2414068010966801,0.3109013302555965,16.0,16.128667027741407,50.0,48.87016779350232,1530.3559227460348,14.07460832452867,14.520797441923968,0.9933257067823451,238.07461547851562,644.5902099609375,293.3329183047243,32.564009189544294,0.30221288087062825,14.125,32.0
911070896.995,911072029.995,911071343.7031819,911070940.585,911071993.355,-0.0006966417583978847,0.004282670419797201,-9.752984617570386e-19,5.995738587716082e-18,,,,-0.0007903999884381576,0.004292417135150623,-1.1065599838134207e-18,6.0093839892108725e-18,,,,0.009939226920733178,0.002976596905501059,1.391491768902645e-17,4.1672356677014824e-18,23.82661848496157,0.2844237663214102,0.38644822012411595,11.0,11.149750781841036,42.0,41.427910837830396,1121.792556982748,11.931238321295156,12.03641560591021,0.9876590866116758,287.2576599121094,633.6167602539062,259.39858503859404,32.56385666973677,0.30244818775644466,14.818181991577148,0.0
