t0,t1,t_mean,t0_data,t1_data,cps_bgsub,cps_bgsub_err,flux_bgsub,flux_bgsub_err,mag_bgsub,mag_bgsub_err_1,mag_bgsub_err_2,cps_mcatbgsub,cps_mcatbgsub_err,flux_mcatbgsub,flux_mcatbgsub_err,mag_mcatbgsub,mag_mcatbgsub_err_1,mag_mcatbgsub_err_2,cps,cps_err,flux,flux_err,mag,mag_err_1,mag_err_2,counts,flat_counts,bg_counts,bg_flat_counts,exptime,bg,mcat_bg,responses,detxs,detys,detrad,racent,deccent,q_mean,flags
777396303.995,777397999.995,777397158.8597652,777396307.875,777397997.19,0.12594918698449392,0.01795815895067536,2.5945532518805746e-17,3.699380743839124e-18,22.329511578935662,0.14471898798983673,0.16701923228355398,0.08629773181619597,0.018699857206073697,1.777733275413637e-17,3.852170584451181e-18,22.740001546999785,0.21294986404735283,0.2651658499658964,0.2981308517444906,0.01429789170303058,6.141495545936506e-17,2.9453656908242994e-18,21.39398269788313,0.050860153233099226,0.053360236108765946,383.0,434.7802772910435,990.0,871.8812318336911,1458.3538561908601,251.10179476810308,308.9276473163694,0.8812683394924542,244.73013305664062,224.5322265625,234.30252046387028,338.89169059079586,0.4179796514401643,11.195822715759277,0.0
1002452377.995,1002452500.995,1002452454.3034999,1002452388.345,1002452500.295,0.05523110961946644,0.0628312744257772,1.1377608581610086e-17,1.2943242531710103e-17,23.2245405787609,0.8248194505723561,,,,,,,,,0.234778547220822,0.047297042884906805,4.836438072748933e-17,9.743190834290802e-18,21.65335397266312,0.19926773607472015,0.24424995332496735,20.0,24.64046190639095,81.0,65.43003575095791,104.95193107748152,18.843850296275882,,0.8119849643341945,529.0641479492188,225.09274291992188,217.37088780500108,338.89222396199636,0.4179625322101493,11.0,0.0
1002457246.995,1002457340.995,1002457287.8905882,1002457250.05,1002457329.19,0.09147712610877556,0.08121340665814744,1.8844287978407765e-17,1.6729961771578373e-17,22.67671871965999,0.689890043025887,2.3750193491220912,,,,,,,,0.26947259910532534,0.0630237161426249,5.551135541569701e-17,1.298288552538073e-17,21.50371347194779,0.22818056389259667,0.28925518462515853,17.0,18.28189488699363,45.0,41.92982651946209,67.84324249549401,12.075790037605083,,0.9300182116956092,96.4100112915039,478.2860107421875,313.52126039863816,338.89190076012324,0.4179238096054666,6.058823585510254,32.0
