t0,t1,t_mean,t0_data,t1_data,cps_bgsub,cps_bgsub_err,flux_bgsub,flux_bgsub_err,mag_bgsub,mag_bgsub_err_1,mag_bgsub_err_2,cps_mcatbgsub,cps_mcatbgsub_err,flux_mcatbgsub,flux_mcatbgsub_err,mag_mcatbgsub,mag_mcatbgsub_err_1,mag_mcatbgsub_err_2,cps,cps_err,flux,flux_err,mag,mag_err_1,mag_err_2,counts,flat_counts,bg_counts,bg_flat_counts,exptime,bg,mcat_bg,responses,detxs,detys,detrad,racent,deccent,q_mean,flags
753889815.995,753889945.995,753889867.4448235,753889818.187,753889935.678,0.03731442228091416,0.053686786275731584,7.686770989868317e-18,1.1059477972800706e-17,23.650308194847227,0.9679260950454847,,,,,,,,,0.17827142053854664,0.040119683364098734,3.6723912630940606e-17,8.264654773004339e-18,21.952295687171745,0.22038304600944514,0.2768134371357007,17.0,19.74460530880425,63.0,54.20768822352204,110.75586456402856,15.611814208374351,,0.8611555234486857,395.0477294921875,179.49130249023438,220.56430051265292,53.32942523031929,0.20143956988752948,13.117647171020508,0.0
882637898.995,882639594.995,882638703.05125,882637903.42,882639591.12,0.07864800915126742,0.014988099796888192,1.6201489885161087e-17,3.0875485581589676e-18,22.84078066593174,0.18938906162393465,0.2295542943391844,0.020606717487990776,0.016246483060190452,4.2449838025261e-18,3.346775510399233e-18,24.29497795728035,0.6311659835655412,1.6862474434225483,0.20518779336783508,0.011787767138326822,4.2268685433774025e-17,2.428280030495325e-18,21.799621197480903,0.06064824483202713,0.06423748090073289,256.0,302.99812850187243,769.0,648.8182045561625,1476.6869097261317,186.85964291217482,272.5684585349319,0.8452023094743315,291.2984619140625,207.55029296875,221.02695337596833,53.32920618787314,0.20118294468045986,10.66015625,0.0
912212374.995,912213781.995,912213099.7085645,912212377.24,912213774.99,0.07697395618771767,0.01654450242078509,1.585663497466984e-17,3.4081674986817285e-18,22.86414047918591,0.2113838293784731,0.2627378493200041,0.02063442667821357,0.01788429255001983,4.250691895711995e-18,3.684164265304085e-18,24.293518983424764,0.6776985787409622,2.1880963277142236,0.2056468556570744,0.0129757875690507,4.236325226535733e-17,2.673012239224444e-18,21.797194816179886,0.06643266811535042,0.0707639214817739,209.0,251.17516323048517,654.0,545.6940509112924,1221.390730375821,157.15988666245224,225.97246575909557,0.8323732821478089,562.9916381835938,265.36572265625,211.40639241433863,53.329262386326874,0.20127488419257128,12.363636016845703,0.0
