t0,t1,t_mean,t0_data,t1_data,cps_bgsub,cps_bgsub_err,flux_bgsub,flux_bgsub_err,mag_bgsub,mag_bgsub_err_1,mag_bgsub_err_2,cps_mcatbgsub,cps_mcatbgsub_err,flux_mcatbgsub,flux_mcatbgsub_err,mag_mcatbgsub,mag_mcatbgsub_err_1,mag_mcatbgsub_err_2,cps,cps_err,flux,flux_err,mag,mag_err_1,mag_err_2,counts,flat_counts,bg_counts,bg_flat_counts,exptime,bg,mcat_bg,responses,detxs,detys,detrad,racent,deccent,q_mean,flags
754203594.995,754203710.995,754203654.020652,754203604.188,754203710.052,0.14581882340873029,0.06521005768876394,3.003867762219844e-17,1.343327188388537e-17,22.170466025866784,0.40132076651542903,0.6435782958979459,,,,,,,,0.2798242332628458,0.053622424621030396,5.764379205214623e-17,1.104621947193226e-17,21.462786693904572,0.19035261607604426,0.23097312336608766,23.0,27.2318878663012,53.0,45.281652889866685,97.31783251496171,13.041116032281607,,0.8450158836600431,517.8667602539062,291.8215637207031,159.98483443309777,57.0716222493514,0.9795064311026794,14.30434799194336,0.0
912904165.995,912905867.995,912905050.9114383,912904169.995,912905863.43,0.09237252683742295,0.016670412009466975,1.9028740528509126e-17,3.4341048739501966e-18,22.66614294037611,0.1801368098185705,0.2160870291272694,0.025068176758206127,0.018009346998828973,5.164044412190462e-18,3.709925481758768e-18,24.08219312926927,0.5878199558083494,1.3759751008104182,0.2475912618750308,0.0130696473676308,5.1003799946256345e-17,2.6923473577319447e-18,21.59566171684407,0.05585148144367835,0.0588810948596894,292.0,358.87473636117863,959.0,781.1945868336525,1449.464466731936,224.98404100809194,322.5393049044035,0.8141747497530224,381.9211120605469,244.31549072265625,156.730700942906,57.0715911993346,0.9795281572266323,12.352739334106445,0.0
913170345.995,913172050.995,913171199.0159588,913170356.155,913172036.815,0.05035173210788397,0.016811457591931717,1.0372456814224097e-17,3.4631602639379338e-18,23.32496396262907,0.3127922460697832,0.4411195052709438,0.007941270683182778,0.01766305029517964,1.6359017607356522e-18,3.638588360807006e-18,25.330275001318483,1.27105815861227,,0.22931380876653387,0.012599218527008082,4.7238644605905974e-17,2.595439016563665e-18,21.678924480591867,0.058072621208850705,0.06135514180989077,292.0,331.26320417323893,1018.0,897.6592560709842,1444.5846325395105,258.5258657484435,319.79136658147655,0.8816555896247502,263.0331726074219,429.220947265625,140.04918980518497,57.071584728344156,0.9796174501124173,12.890411376953125,0.0
