t0,t1,t_mean,t0_data,t1_data,cps_bgsub,cps_bgsub_err,flux_bgsub,flux_bgsub_err,mag_bgsub,mag_bgsub_err_1,mag_bgsub_err_2,cps_mcatbgsub,cps_mcatbgsub_err,flux_mcatbgsub,flux_mcatbgsub_err,mag_mcatbgsub,mag_mcatbgsub_err_1,mag_mcatbgsub_err_2,cps,cps_err,flux,flux_err,mag,mag_err_1,mag_err_2,counts,flat_counts,bg_counts,bg_flat_counts,exptime,bg,mcat_bg,responses,detxs,detys,detrad,racent,deccent,q_mean,flags
754203890.995,754204006.995,754203950.9437057,754203899.717,754204004.495,0.24138007417566862,0.07178563234535035,4.9724295280187734e-17,1.478784026314217e-17,21.623246458967873,0.28268195446873534,0.3832245038067015,0.1722113612352469,0.07652452414116849,3.5475540414460865e-17,1.576405197308071e-17,21.98984550097749,0.39919161570727013,0.6380240007293629,0.3742654106945757,0.06166785483543945,7.709867460308259e-17,1.2703578096100526e-17,21.14705077043606,0.16560079733271138,0.1954852844878161,34.0,36.83339079495576,49.0,45.409485553577994,98.41516138667205,13.077931839430464,19.885181886370457,0.9233987007460622,206.13282775878906,335.82373046875,204.2133052564181,55.485366810464654,1.16767960329592,13.117647171020508,0.0
912490092.995,912491793.995,912490963.142821,912490095.25,912491786.03,0.10509060022876394,0.01622619926227716,2.1648663647125372e-17,3.3425970480290946e-18,22.5260903186673,0.15589267988316635,0.18209013717851974,0.045339858021937525,0.017445501802158817,9.34001075251913e-18,3.593773371244716e-18,23.43879961041268,0.35344557927628983,0.5274095328861641,0.24413421732494434,0.012951824242003146,5.0291648768938534e-17,2.668075793852648e-18,21.610928366348876,0.05612460973532407,0.05918474611053526,296.0,355.3001756724906,847.0,702.6278146431878,1455.3477163735045,202.3568106172381,289.3149168395649,0.8334633085970101,302.50701904296875,222.08480834960938,202.87606255022618,55.48503011586945,1.167847535536475,10.783783912658691,0.0
