t0,t1,t_mean,t0_data,t1_data,cps_bgsub,cps_bgsub_err,flux_bgsub,flux_bgsub_err,mag_bgsub,mag_bgsub_err_1,mag_bgsub_err_2,cps_mcatbgsub,cps_mcatbgsub_err,flux_mcatbgsub,flux_mcatbgsub_err,mag_mcatbgsub,mag_mcatbgsub_err_1,mag_mcatbgsub_err_2,cps,cps_err,flux,flux_err,mag,mag_err_1,mag_err_2,counts,flat_counts,bg_counts,bg_flat_counts,exptime,bg,mcat_bg,responses,detxs,detys,detrad,racent,deccent,q_mean,flags
746284402.995,746284511.995,746284463.4557143,746284404.831,746284510.464,0.07141289863680045,0.05335524360164961,1.4711057119180893e-17,1.0991180181939819e-17,22.945558346580032,0.6058176181138286,1.492788272891584,0.005422479917563786,0.059593881971247833,1.1170308630181399e-18,1.2276339686077054e-17,25.74450511935744,2.6970617795731897,,0.16900714548692675,0.0424813621497828,3.481547197030691e-17,8.751160602855256e-18,22.010237333437107,0.2434542650130247,0.3143150796597105,14.0,15.82753438390328,36.0,31.735104166937834,93.65008999058914,9.139710000078098,15.31971865165127,0.8846565822856459,511.8388977050781,426.6879577636719,114.97906822323124,326.0874788191093,0.3044301332338649,15.142857551574707,0.0
777242540.995,777244158.995,777243387.4446716,777242549.07,777244157.51,0.005799788392075428,0.014155061880028562,1.194756408767538e-18,2.9159427472858836e-18,25.67146962895061,1.3415908126404723,,-0.015979576360854775,0.0146905613464671,-3.2917927303360836e-18,3.0262556373722222e-18,,,,0.14415357977071463,0.01011136053794813,2.969563743276721e-17,2.0829402708173147e-18,22.18293642073081,0.07360450937245488,0.0789595555224345,198.0,203.25052265720328,695.0,677.3370257754851,1409.9582055505389,195.07306342333976,225.7810574684119,0.9743638689569032,266.9948425292969,650.041015625,283.2152563132644,326.087051815558,0.3048398459153921,9.762626647949219,0.0
904906259.995,904907677.995,904906974.6558609,904906262.435,904907648.29,0.033343573405039434,0.014329987268703487,6.868776121438123e-18,2.9519773773529185e-18,23.772469647523124,0.38816362253731285,0.6098702612155336,-0.009185529347784258,0.015483568220320792,-1.892219045643557e-18,3.189615053386083e-18,,,,0.14363736223620974,0.010777586681184375,2.95892966206592e-17,2.220182856323981e-18,22.186831447196454,0.07855480244943891,0.08468476671284009,151.0,177.6199703951855,557.0,473.56864541963836,1236.5861335095517,136.38776988085587,188.97866861560055,0.8503234016109504,469.802001953125,496.3235778808594,118.95608909355606,326.0871007068846,0.3049109629380336,13.86092758178711,0.0
