t0,t1,t_mean,t0_data,t1_data,cps_bgsub,cps_bgsub_err,flux_bgsub,flux_bgsub_err,mag_bgsub,mag_bgsub_err_1,mag_bgsub_err_2,cps_mcatbgsub,cps_mcatbgsub_err,flux_mcatbgsub,flux_mcatbgsub_err,mag_mcatbgsub,mag_mcatbgsub_err_1,mag_mcatbgsub_err_2,cps,cps_err,flux,flux_err,mag,mag_err_1,mag_err_2,counts,flat_counts,bg_counts,bg_flat_counts,exptime,bg,mcat_bg,responses,detxs,detys,detrad,racent,deccent,q_mean,flags
777384471.995,777386165.995,777385312.4030077,777384477.655,777386160.07,0.020984659942289582,0.01574204137139564,4.3228399481116536e-18,3.242860522507502e-18,24.275245160410925,0.6076999679609187,1.5058841856642502,-0.003951157442112541,0.0162854739619086,-8.139384330751835e-19,3.3548076361531716e-18,,,,0.18801212344477322,0.011455540546576127,3.8730497429623284e-17,2.359841352594682e-18,21.894535363869938,0.06421661783216237,0.06825484903925272,256.0,269.36460945656904,874.0,830.9025254029032,1432.698086278954,239.29992731603613,275.0254251624705,0.9505965096983797,538.9887084960938,582.162109375,229.13073818534602,338.0690135105755,-1.1454522792909652,12.40625,0.0
1002457375.995,1002457473.995,1002457425.2723079,1002457385.02,1002457463.84,0.06537746928233576,0.06580804175121094,1.3467758672161167e-17,1.3556456600749453e-17,23.041429736690624,0.7561444152642522,,,,,,,,,0.20456428309969993,0.05076586908431497,4.214024231853818e-17,1.0457769031368884e-17,21.80292547942864,0.24068073964636127,0.3096948780703457,13.0,16.2373804117162,47.0,38.36116278872993,79.37544211372654,11.048014883154222,,0.8009298871726239,545.8307495117188,221.75364685058594,230.3006077156882,338.069034256906,-1.1455547028655202,9.84615421295166,0.0
