t0,t1,t_mean,t0_data,t1_data,cps_bgsub,cps_bgsub_err,flux_bgsub,flux_bgsub_err,mag_bgsub,mag_bgsub_err_1,mag_bgsub_err_2,cps_mcatbgsub,cps_mcatbgsub_err,flux_mcatbgsub,flux_mcatbgsub_err,mag_mcatbgsub,mag_mcatbgsub_err_1,mag_mcatbgsub_err_2,cps,cps_err,flux,flux_err,mag,mag_err_1,mag_err_2,counts,flat_counts,bg_counts,bg_flat_counts,exptime,bg,mcat_bg,responses,detxs,detys,detrad,racent,deccent,q_mean,flags
753889815.995,753889945.995,753889855.2781999,753889824.918,753889885.306,-0.010472789356045663,0.026407728445150002,-1.466190509846393e-17,3.6970819823210003e-17,,,,,,,,,,,0.03857900052690688,0.01752177773619475,5.4010600737669636e-17,2.453048883067265e-17,22.35412256972877,0.4065447849469841,0.6573747000187105,5.0,4.847810223214396,21.0,21.402130586101283,125.65930057812919,6.16381360879717,,1.0317045475926399,357.50079345703125,384.1374206542969,45.36302437316812,53.22513897030584,0.5330684845909998,7.0,0.0
882637898.995,882639594.995,882638804.6687068,882637955.69,882639559.3,0.00045955003755504905,0.006522432247862986,6.433700525770687e-19,9.131405147008181e-18,27.16416798517278,2.9541148416578693,,0.001554353326409566,0.006471278785917051,2.1760946569733923e-18,9.059790300283871e-18,25.841125632646882,1.7823237531223874,,0.035265976522259525,0.004627154790275147,4.937236713116334e-17,6.478016706385206e-18,22.4516102148698,0.13385553116345505,0.15270963575886753,58.0,58.08764533284298,199.0,199.06495386477843,1647.1299269475398,57.330706713056195,55.52742345186333,0.999891473352638,357.77288818359375,406.03375244140625,42.656009434538674,53.22521392055094,0.5327990592935332,8.67241382598877,0.0
912212374.995,912213781.995,912213008.3082501,912212389.35,912213741.02,0.01863116920205171,0.007414984095157134,2.60836368828724e-17,1.0380977733219989e-17,23.144399725069363,0.3637587058517404,0.5509873547223627,0.014207383125799524,0.007630460326060838,1.9890336376119334e-17,1.0682644456485175e-17,23.438714769763443,0.46673914065102196,0.8362283699415656,0.0468284447810982,0.005858143476863172,6.555982269353748e-17,8.201400867608441e-18,22.143725663317746,0.1279758547243759,0.14510144203704556,60.0,63.89979443356608,142.0,133.5993629921025,1364.550856477697,38.47661654172553,44.51309762094956,0.9401970817224444,378.0299987792969,361.4054260253906,44.409707203710454,53.22516187281713,0.5328147065216582,6.9666666984558105,0.0
