t0,t1,t_mean,t0_data,t1_data,cps_bgsub,cps_bgsub_err,flux_bgsub,flux_bgsub_err,mag_bgsub,mag_bgsub_err_1,mag_bgsub_err_2,cps_mcatbgsub,cps_mcatbgsub_err,flux_mcatbgsub,flux_mcatbgsub_err,mag_mcatbgsub,mag_mcatbgsub_err_1,mag_mcatbgsub_err_2,cps,cps_err,flux,flux_err,mag,mag_err_1,mag_err_2,counts,flat_counts,bg_counts,bg_flat_counts,exptime,bg,mcat_bg,responses,detxs,detys,detrad,racent,deccent,q_mean,flags
753712400.995,753712519.995,753712464.544182,753712404.615,753712518.318,0.15600409556178307,0.05842140368231991,3.213684368572731e-17,1.2034809158557902e-17,22.09716000000271,0.34535107478536986,0.5094080144326725,,,,,,,,0.2512784350948986,0.04974677216808879,5.176335762954911e-17,1.024783506662629e-17,21.57961195322165,0.19611911344256328,0.23952982562131453,22.0,25.514121776686302,39.0,33.58991187022869,101.53725196135736,9.673894618625864,,0.8622976222787955,470.4276123046875,162.6736602783203,247.5557313023261,51.527621398132425,1.1305623677778571,13.681818008422852,0.0
913318217.995,913319920.995,913319007.78003,913318233.08,913319917.65,0.028572802563849923,0.012770102873146148,5.885997328153084e-18,2.6306411918681065e-18,23.940117899365003,0.4011203845752682,0.6430538831508734,-0.0381238472381662,0.0144155090335752,-7.853512531062236e-18,2.9695948609164913e-18,,,,0.1358631665107525,0.009545638255385161,2.7987812301215014e-17,1.966401480609343e-18,22.247245669230722,0.07372243081982077,0.0790952834309131,166.0,202.57857892491177,677.0,555.4692457536551,1491.0485610452724,159.97514277705267,259.42308649088926,0.8197335766292196,515.4368286132812,182.81800842285156,245.95462765662418,51.52773905068955,1.1308692852060878,10.662651062011719,65.0
913324132.995,913325835.995,913324969.9672775,913324149.96,913325834.63,0.040564071090542254,0.013483188943900189,8.356198644651705e-18,2.7775369224434387e-18,23.559646162081755,0.311580367005611,0.4386968199775225,-0.019705722475520562,0.014911535056601052,-4.059378829957236e-18,3.0717762216598166e-18,,,,0.15535979251730395,0.010224804635451073,3.200411725856461e-17,2.1063097549029207e-18,22.101653418587762,0.06920325812355799,0.07391627891317043,191.0,230.86985366761488,715.0,592.3273812524399,1486.0334834825467,170.5902858007027,260.153217082453,0.8276439098813897,376.08319091796875,150.74172973632812,250.40307316705204,51.5277961590715,1.1307136857944355,10.047120094299316,0.0
