t0,t1,t_mean,t0_data,t1_data,cps_bgsub,cps_bgsub_err,flux_bgsub,flux_bgsub_err,mag_bgsub,mag_bgsub_err_1,mag_bgsub_err_2,cps_mcatbgsub,cps_mcatbgsub_err,flux_mcatbgsub,flux_mcatbgsub_err,mag_mcatbgsub,mag_mcatbgsub_err_1,mag_mcatbgsub_err_2,cps,cps_err,flux,flux_err,mag,mag_err_1,mag_err_2,counts,flat_counts,bg_counts,bg_flat_counts,exptime,bg,mcat_bg,responses,detxs,detys,detrad,racent,deccent,q_mean,flags
754203156.995,754203266.995,754203224.7354286,754203167.84,754203264.89,0.06738647433526411,0.07496000058861578,1.3881613713064407e-17,1.544176012125485e-17,23.00856816337386,0.8119349551816981,,,,,,,,,0.27877880681397693,0.05653085972797971,5.742843420367925e-17,1.1645357103963819e-17,21.46685061260427,0.2004657969913879,0.24605499223656935,21.0,24.319146518949896,74.0,64.03026766598951,87.23455988954547,18.44071708780498,,0.8635990676676166,337.4371643066406,274.8618469238281,139.9059175492935,56.33269281346814,0.32951513807587035,15.809523582458496,0.0
912632060.995,912633761.995,912632920.463347,912632064.51,912633760.75,0.09132372230431589,0.018318412212778707,1.8812686794689073e-17,3.773592915832413e-18,22.678540988046528,0.19848469257317447,0.24307288700912721,0.05229279958424564,0.01903906894261476,1.0772316714354602e-17,3.9220482021786406e-18,23.283895267129687,0.33710426823972384,0.4915037962771507,0.28890939463232895,0.014116578231379774,5.951533529425977e-17,2.9080151156642333e-18,21.428095839309176,0.051795474822082355,0.054390722529593205,363.0,418.85571940635293,1148.0,994.6396025226018,1449.7822749564648,286.4562055265094,343.0425454612628,0.8668364925410841,262.21453857421875,369.6208190917969,141.0947483536109,56.332710585361234,0.32941408983585946,12.5316801071167,0.0
