t0,t1,t_mean,t0_data,t1_data,cps_bgsub,cps_bgsub_err,flux_bgsub,flux_bgsub_err,mag_bgsub,mag_bgsub_err_1,mag_bgsub_err_2,cps_mcatbgsub,cps_mcatbgsub_err,flux_mcatbgsub,flux_mcatbgsub_err,mag_mcatbgsub,mag_mcatbgsub_err_1,mag_mcatbgsub_err_2,cps,cps_err,flux,flux_err,mag,mag_err_1,mag_err_2,counts,flat_counts,bg_counts,bg_flat_counts,exptime,bg,mcat_bg,responses,detxs,detys,detrad,racent,deccent,q_mean,flags
780112827.995,780112935.995,780112871.5650555,780112830.817,780112932.396,0.061637395710446165,0.06056597649069737,1.269730351635191e-17,1.2476591157083658e-17,23.105389298199917,0.7430972742621123,4.399712119957986,0.06445644107432422,0.06031396802324359,1.3278026861310788e-17,1.242467741278818e-17,23.056834193710312,0.717113191342559,2.9800165768111277,0.20054929178496306,0.04655263054797217,4.131315410770239e-17,9.589841892882267e-18,21.824447168342278,0.22663747838064907,0.28677456888587827,18.0,18.55896753146073,46.0,44.635420529060596,92.54067848497014,12.855001112369454,12.59412474171627,0.9699940353005404,119.09102630615234,442.2901611328125,284.074478315758,21.550885231946825,0.8110054981357346,9.11111068725586,0.0
781402923.995,781403036.995,781402987.1310714,781402925.169,781403035.934,0.04840259364246142,0.05316127259442862,9.970934290347053e-18,1.0951222154452296e-17,23.367828415391582,0.8046764774581163,,,,,,,,,0.16586177808039013,0.0406751509039721,3.4167526284560364e-17,8.379081086218253e-18,22.03063420795396,0.23812849587976004,0.30547094537276465,14.0,16.62778069634843,48.0,40.88673810477158,100.25082866463215,11.775380574174218,,0.8423920260871881,349.7175598144531,113.67166900634766,290.70988445634873,21.550448272899636,0.811038296588113,9.285714149475098,0.0
875378931.995,875380467.995,875379694.7800195,875378932.25,875380462.53,0.11738974042225263,0.01537659697951853,2.418228652698404e-17,3.1675789777808173e-18,22.405924644277746,0.13364458084365438,0.15243503031457806,0.08209361141082107,0.016186621566800584,1.691128395062914e-17,3.33444404276092e-18,22.794226596756292,0.1953920400649558,0.238444711610466,0.22190159963756392,0.012678165577728521,4.571172952533817e-17,2.6117021090120752e-18,21.714598917569333,0.060325285756931635,0.06387526730465964,258.0,306.3430466271308,594.0,500.9803365072838,1380.5355487634458,144.28233691409778,193.00989774811984,0.8426926880978916,248.66236877441406,154.72360229492188,288.2075465634984,21.550695712382204,0.810951894658119,9.04651165008545,0.0
