t0,t1,t_mean,t0_data,t1_data,cps_bgsub,cps_bgsub_err,flux_bgsub,flux_bgsub_err,mag_bgsub,mag_bgsub_err_1,mag_bgsub_err_2,cps_mcatbgsub,cps_mcatbgsub_err,flux_mcatbgsub,flux_mcatbgsub_err,mag_mcatbgsub,mag_mcatbgsub_err_1,mag_mcatbgsub_err_2,cps,cps_err,flux,flux_err,mag,mag_err_1,mag_err_2,counts,flat_counts,bg_counts,bg_flat_counts,exptime,bg,mcat_bg,responses,detxs,detys,detrad,racent,deccent,q_mean,flags
746284258.995,746284368.995,746284313.9910667,746284261.763,746284359.155,0.06577098356415634,0.05568201052716235,1.3548822614216205e-17,1.1470494168595444e-17,23.034914158720728,0.6659347227594807,2.0354684378439316,,,,,,,,0.17955992107165217,0.04356396592214692,3.698934374076034e-17,8.974176979962264e-18,21.94447648542804,0.23584165311737593,0.30170853560180433,15.0,16.988850411946995,42.0,37.381966249139865,94.61382200746073,10.766006279752283,,0.8833658757227385,433.05584716796875,497.2819519042969,102.74466992648348,325.405395905439,1.204297631409635,17.733333587646484,0.0
777301650.995,777303329.995,777302551.6641,777301654.77,777303316.65,0.020872987235347237,0.014082072029294021,4.2998353704815306e-18,2.9009068380345685e-18,24.28103848119493,0.5598135881731778,1.2191407494682345,-0.0022772597099299497,0.01463282536716111,-4.691155002455697e-19,3.0143620256351883e-18,,,,0.1555789097817206,0.010309313613985325,3.204925541503444e-17,2.123718604480977e-18,22.100123190380813,0.06966208045981759,0.07443998650758488,200.0,227.74137855468115,780.0,684.6765034441229,1463.8319478790893,197.18683299190744,231.07490407169448,0.8783966092980589,429.94647216796875,504.8291320800781,109.02264960992918,325.4052520223116,1.2042264863289274,15.09000015258789,0.0
904911894.995,904913592.995,904912737.578975,904911913.435,904913591.525,0.04726069302019256,0.013629601033432833,9.735702762159668e-18,2.8076978128871636e-18,23.393749785650428,0.27511996407621453,0.369397792113773,0.009538698142464023,0.014524334805226862,1.9649718173475887e-18,2.9920129698767337e-18,25.13127723622849,1.0046531504953222,,0.16272101553227128,0.010424157641244948,3.3520529199647885e-17,2.1473764740964592e-18,22.05139088501649,0.06741685771711303,0.07188175675281627,200.0,243.67184468649737,731.0,600.3465007480779,1497.4823251282603,172.89979221544647,229.38781281342372,0.8210365336791006,496.5040588378906,407.808837890625,96.81947800617971,325.40527671991487,1.2042104667089302,13.635000228881836,0.0
