t0,t1,t_mean,t0_data,t1_data,cps_bgsub,cps_bgsub_err,flux_bgsub,flux_bgsub_err,mag_bgsub,mag_bgsub_err_1,mag_bgsub_err_2,cps_mcatbgsub,cps_mcatbgsub_err,flux_mcatbgsub,flux_mcatbgsub_err,mag_mcatbgsub,mag_mcatbgsub_err_1,mag_mcatbgsub_err_2,cps,cps_err,flux,flux_err,mag,mag_err_1,mag_err_2,counts,flat_counts,bg_counts,bg_flat_counts,exptime,bg,mcat_bg,responses,detxs,detys,detrad,racent,deccent,q_mean,flags
849774280.995,849774389.995,849774335.2646667,849774285.11,849774388.91,0.07411743280929549,0.05818684842173211,1.526819115871487e-17,1.1986490774876813e-17,22.90519907915947,0.6291338235081945,1.6692216521413776,,,,,,,,0.18854068670096558,0.045902031525769105,3.883938146039891e-17,9.455818494308436e-18,21.891487288671957,0.23657915899764959,0.30291962239227743,15.0,16.871214817947248,40.0,35.55192137012867,89.48315142559012,10.238953354597058,,0.8893015320633807,131.9664764404297,249.83639526367188,307.2313101543639,52.34222214728283,0.10995657108195193,8.199999809265137,32.0
882643838.995,882645508.995,882644649.6026279,882643840.55,882645500.295,0.007510791157490164,0.01654493229915166,1.5472229784429738e-18,3.4082560536252418e-18,25.390785784242187,1.2638318404775823,,-0.025618794432217772,0.01743912070490997,-5.277471653036861e-18,3.592458865211454e-18,,,,0.1529701572916036,0.011845338020384,3.151185240207034e-17,2.440139632199104e-18,22.118483216873052,0.08097831677063283,0.08750828622064333,156.0,166.77022313767696,588.0,550.6314329075335,1090.214105093496,158.58185267736968,194.7001941831715,0.9356815663858308,587.8857421875,614.5384521484375,285.1802930912217,52.342094084387504,0.11000664086627533,8.98717975616455,32.0
913679056.995,913680694.995,913679866.2540573,913679068.825,913680692.445,0.0179332031313209,0.017987779193270374,3.6942398450521055e-18,3.705482513813697e-18,24.445855330470653,0.7542258422959627,,-0.007135173209074209,0.018651753395186925,-1.469845681069287e-18,3.842261199408507e-18,,,,0.1756721964230711,0.013056866925352913,3.6188472463152646e-17,2.6897145866227e-18,21.968242421753157,0.07783938308135063,0.08385386959029972,175.0,181.02064454734125,584.0,564.380048649491,1030.4456153743845,162.54145401105345,188.37305249556854,0.9669111717587113,170.98179626464844,591.4954223632812,298.5294532006155,52.3421117186395,0.11000355346900191,8.680000305175781,32.0
