t0,t1,t_mean,t0_data,t1_data,cps_bgsub,cps_bgsub_err,flux_bgsub,flux_bgsub_err,mag_bgsub,mag_bgsub_err_1,mag_bgsub_err_2,cps_mcatbgsub,cps_mcatbgsub_err,flux_mcatbgsub,flux_mcatbgsub_err,mag_mcatbgsub,mag_mcatbgsub_err_1,mag_mcatbgsub_err_2,cps,cps_err,flux,flux_err,mag,mag_err_1,mag_err_2,counts,flat_counts,bg_counts,bg_flat_counts,exptime,bg,mcat_bg,responses,detxs,detys,detrad,racent,deccent,q_mean,flags
745260582.995,745260713.995,5e-324,1.4916681462400413e-154,5e-324,-0.012790044251434991,0.010025855911420327,-1.7906061952008988e-17,1.4036198275988458e-17,,,,,,,,,,,0.0,0.0,0.0,0.0,inf,,,5e-324,5e-324,6.0,5.650783766185672,127.24160234855194,1.6274257246614738,,5e-324,5e-324,5e-324,565.685424949238,160000.0,5e-324,5e-324,0.0
777224737.995,777226407.995,777225578.5598887,777224749.49,777226382.2,0.004368246709736669,0.005580102542845984,6.1155453936313364e-18,7.812143559984379e-18,24.719232103842344,0.893609662498065,,-0.00023539930711673925,0.005827330819396107,-3.2955902996343497e-19,8.15826314715455e-18,,,,0.027597958281090136,0.004111786502446294,3.863714159352619e-17,5.756501103424812e-18,22.71780761549411,0.15078948202920373,0.17516180200229314,45.0,45.04979245000756,132.0,131.66403801811464,1632.3596112135315,37.91924294921702,45.434048771452574,1.000384732760339,206.42189025878906,398.1697998046875,193.58676143717892,327.37704849359966,-0.13172677784966014,8.177778244018555,0.0
905686822.995,905688432.995,905687548.1070001,905686846.95,905688398.72,-0.0006480534979265512,0.005975829625166661,-9.072748970971718e-19,8.366161475233326e-18,,,,,,,,,,,0.027735617536714684,0.004201080936023432,3.882986455140056e-17,5.881513310432805e-18,22.712405400152257,0.15313044506370233,0.17833047137419555,45.0,43.586659202871715,151.0,154.87874464672086,1571.5049122369246,44.60507845825561,,1.0333680225973807,300.331298828125,555.3964233398438,184.61283373618545,327.3768887203209,-0.13194456643079028,14.04444408416748,0.0
