t0,t1,t_mean,t0_data,t1_data,cps_bgsub,cps_bgsub_err,flux_bgsub,flux_bgsub_err,mag_bgsub,mag_bgsub_err_1,mag_bgsub_err_2,cps_mcatbgsub,cps_mcatbgsub_err,flux_mcatbgsub,flux_mcatbgsub_err,mag_mcatbgsub,mag_mcatbgsub_err_1,mag_mcatbgsub_err_2,cps,cps_err,flux,flux_err,mag,mag_err_1,mag_err_2,counts,flat_counts,bg_counts,bg_flat_counts,exptime,bg,mcat_bg,responses,detxs,detys,detrad,racent,deccent,q_mean,flags
753712846.995,753712963.995,753712918.0384668,753712873.514,753712961.425,0.027012118370225796,0.05470982732100075,5.564496384266514e-18,1.1270224428126154e-17,24.00110338954763,1.201950134696574,,-0.01128653355341187,0.05804622985553165,-2.3250259120028453e-18,1.195752335023952e-17,,,,0.16586426729422435,0.040363966340447394,3.4168039062610217e-17,8.314977066132163e-18,22.03061791360735,0.23648821864777503,0.30277016821638014,15.0,16.885658371209303,55.0,49.082342487336454,101.80407538445918,14.135714636352901,18.034673483910073,0.8884243267141445,576.7437744140625,190.22987365722656,274.30251128998464,51.4759702690662,-0.5266595538899742,10.733333587646484,0.0
913341877.995,913343578.995,913342748.477316,913341901.05,913343577.11,0.034218830220131106,0.01408830817613778,7.049079025347008e-18,2.9021914842843825e-18,23.744337102535624,0.37436538164217836,0.5760253035256717,0.0012658156224903399,0.014848685553379317,2.6075801823301e-19,3.058829223996139e-18,27.324073871591505,2.762116037785429,,0.16573728165065194,0.010519711487681795,3.41418800200343e-17,2.1670605664624498e-18,22.031449471348196,0.06681536382082243,0.07119832731084585,231.0,248.2177101017698,736.0,683.9222804301086,1497.6576641637794,196.9696167638713,246.3219516333289,0.9308130335293758,664.179443359375,457.52386474609375,270.36969746810774,51.475751886959195,-0.5268924041860804,8.865800857543945,0.0
913353706.995,913355013.995,913354342.8330538,913353715.195,913355005.41,0.04049689052472865,0.01533448201499723,8.342359448094102e-18,3.1589032950894294e-18,23.561445804913674,0.3486415662423319,0.516673673063476,-0.013412666954654897,0.01679000356037625,-2.7630093926589088e-18,3.4587407334375075e-18,,,,0.15580457846855333,0.01162477710825226,3.209574316452198e-17,2.3947040842999655e-18,22.098549460779104,0.07812847495968356,0.08418948209376964,149.0,179.635084370267,555.0,461.6116096970068,1152.951255578946,132.944143592738,195.0992355762986,0.8297965752846855,525.493896484375,162.2774200439453,268.81358424713926,51.475820256698995,-0.5269324554256145,10.140939712524414,0.0
