t0,t1,t_mean,t0_data,t1_data,cps_bgsub,cps_bgsub_err,flux_bgsub,flux_bgsub_err,mag_bgsub,mag_bgsub_err_1,mag_bgsub_err_2,cps_mcatbgsub,cps_mcatbgsub_err,flux_mcatbgsub,flux_mcatbgsub_err,mag_mcatbgsub,mag_mcatbgsub_err_1,mag_mcatbgsub_err_2,cps,cps_err,flux,flux_err,mag,mag_err_1,mag_err_2,counts,flat_counts,bg_counts,bg_flat_counts,exptime,bg,mcat_bg,responses,detxs,detys,detrad,racent,deccent,q_mean,flags
749327273.995,749327387.995,749327379.97,749327379.97,749327379.97,-0.004909475411134655,0.014714530680251813,-6.873265575588517e-18,2.0600342952352538e-17,,,,-0.0030896623862055944,0.014151376549541144,-4.3255273406878325e-18,1.98119271693576e-17,,,,0.009664550615102975,0.009291454203994779,1.3530370861144165e-17,1.300803588559269e-17,23.857045837771548,0.7314128638617028,3.5334014834980145,1.0,1.08192199135846,6.0,5.665018553222337,111.94747013562328,1.6315253433280335,1.4278018790673692,0.9242810553692519,335.8096008300781,256.2867126464844,157.3973198868013,12.9962794615746,-1.21838647411418,8.0,0.0
876893370.995,876895067.995,876894244.2986842,876893416.99,876894997.64,0.010059541580731551,0.004618363870336986,1.4083358213024174e-17,6.465709418471781e-18,23.81355452471487,0.4102147392876354,0.6672131994914281,0.009896849068805629,0.004628872411691473,1.3855588696327882e-17,6.480421376368062e-18,23.831257632154166,0.4166019137631025,0.6846327631071247,0.02288475500436293,0.003697145543858907,3.2038657006108104e-17,5.17600376140247e-18,22.921134331515653,0.16259940359089597,0.1913134925605391,38.0,38.314171565672545,76.0,74.55646106280037,1674.2224925881019,21.472260786086512,21.74464424892855,0.9929172810921871,413.51776123046875,548.4950561523438,149.10905931690297,12.995347567064469,-1.2183380004477957,16.026315689086914,0.0
