t0,t1,t_mean,t0_data,t1_data,cps_bgsub,cps_bgsub_err,flux_bgsub,flux_bgsub_err,mag_bgsub,mag_bgsub_err_1,mag_bgsub_err_2,cps_mcatbgsub,cps_mcatbgsub_err,flux_mcatbgsub,flux_mcatbgsub_err,mag_mcatbgsub,mag_mcatbgsub_err_1,mag_mcatbgsub_err_2,cps,cps_err,flux,flux_err,mag,mag_err_1,mag_err_2,counts,flat_counts,bg_counts,bg_flat_counts,exptime,bg,mcat_bg,responses,detxs,detys,detrad,racent,deccent,q_mean,flags
750539624.995,750539738.995,750539688.7077141,750539634.713,750539735.307,-0.01844858810317424,0.05589738927898512,-3.800409149253893e-18,1.1514862191470934e-17,,,,,,,,,,,0.14777690051995013,0.03834672904932389,3.044204150710973e-17,7.899426184160721e-18,22.155983616489394,0.25048739912949003,0.3261736841694187,14.0,14.851025956459912,62.0,58.00361139084641,100.49626094610774,16.70504008056377,,0.9428384780790456,347.7201232910156,558.7443237304688,167.13152253644574,356.80509936651964,-0.2676728288870856,17.285715103149414,0.0
843501435.995,843503133.995,843502254.7754372,843501436.025,843503132.97,0.0805868834246757,0.014386606431883383,1.6600897985483194e-17,2.9636409249679767e-18,22.81433909895645,0.17834509071240845,0.21351138453684015,0.05577275251090989,0.014944544907500029,1.1489187017247438e-17,3.078576250945006e-18,23.21394480392256,0.2577589414754371,0.3386544100609754,0.19721057923268237,0.011404422044182069,4.062537932193257e-17,2.349310941101506e-18,21.842674478315363,0.06103831545338778,0.06467526814494207,263.0,299.0293766735678,698.0,614.0135556587483,1516.294804452416,176.83590402971953,214.4614418112647,0.8796821432348364,519.2020263671875,510.2046813964844,162.33975142196164,356.8048766741708,-0.26781111898339155,13.498099327087402,0.0
903888534.995,903889973.995,903889252.0351435,903888544.15,903889971.4,0.11213580805204534,0.015038326861998425,2.309997645872134e-17,3.0978953335716754e-18,22.455639207670078,0.1366361878705682,0.15634088232437549,0.0631868720686747,0.016251958695323764,1.3016495646146987e-17,3.3479034912366955e-18,23.078432857314716,0.2485149655294876,0.32282709109613705,0.2018203374975429,0.012512931845608451,4.1574989524493836e-17,2.577663960195341e-18,21.817587679763147,0.06531165112306425,0.06949331080464205,209.0,260.1427326840817,499.0,401.3948684013766,1288.9817543152649,115.60172209959647,178.69600747530717,0.8036309326780543,462.8675231933594,253.84559631347656,159.10196475666424,356.80484656620456,-0.2679121409830342,13.181818008422852,0.0
