t0,t1,t_mean,t0_data,t1_data,cps_bgsub,cps_bgsub_err,flux_bgsub,flux_bgsub_err,mag_bgsub,mag_bgsub_err_1,mag_bgsub_err_2,cps_mcatbgsub,cps_mcatbgsub_err,flux_mcatbgsub,flux_mcatbgsub_err,mag_mcatbgsub,mag_mcatbgsub_err_1,mag_mcatbgsub_err_2,cps,cps_err,flux,flux_err,mag,mag_err_1,mag_err_2,counts,flat_counts,bg_counts,bg_flat_counts,exptime,bg,mcat_bg,responses,detxs,detys,detrad,racent,deccent,q_mean,flags
777319394.995,777321080.995,777320194.2621317,777319396.84,777321076.035,0.039556731208129046,0.017134599334013997,8.148686628874584e-18,3.529727462806883e-18,23.586949009378618,0.3907406343189841,0.6163587343419827,0.033076783149721824,0.01726577665908429,6.813817328842696e-18,3.556749991771364e-18,23.781191834879863,0.45603007162023346,0.80140937273476,0.2305768461629501,0.012671646968097191,4.749883030956772e-17,2.6103592754280213e-18,21.67296076351098,0.05808615999455213,0.06137025501407578,319.0,331.10463418559004,989.0,952.4368257853902,1435.983879975513,274.30180582619244,283.60690678114383,0.9636930512284908,263.8852233886719,561.4392700195312,211.16313673648364,336.2279669693293,-0.3844832018457814,12.85893440246582,0.0
1002458163.995,1002458256.995,1002458204.2120588,1002458165.515,1002458246.57,0.03721946663502978,0.07453100900272763,7.667210126816134e-18,1.5353387854561893e-17,23.653074636793562,1.1936980874760685,,,,,,,,,0.23612418202801777,0.05490958744550651,4.8641581497771657e-17,1.131137501377434e-17,21.647148833832855,0.22700729465769953,0.28736823674167766,17.0,18.492029240580734,59.0,54.087473602192006,78.31484722046184,15.5771923974313,,0.9193969337378354,173.7705078125,418.83612060546875,227.01229608740996,336.2281792242841,-0.3842580387839791,10.352941513061523,0.0
