t0,t1,t_mean,t0_data,t1_data,cps_bgsub,cps_bgsub_err,flux_bgsub,flux_bgsub_err,mag_bgsub,mag_bgsub_err_1,mag_bgsub_err_2,cps_mcatbgsub,cps_mcatbgsub_err,flux_mcatbgsub,flux_mcatbgsub_err,mag_mcatbgsub,mag_mcatbgsub_err_1,mag_mcatbgsub_err_2,cps,cps_err,flux,flux_err,mag,mag_err_1,mag_err_2,counts,flat_counts,bg_counts,bg_flat_counts,exptime,bg,mcat_bg,responses,detxs,detys,detrad,racent,deccent,q_mean,flags
747071038.995,747072719.995,747071887.9241784,747071054.73,747072714.565,0.18269606383463033,0.01596711633116957,3.7635389149933846e-17,3.2892259642209315e-18,21.925677023426463,0.09097048168208488,0.09929545496391512,0.1407308562745322,0.016820008039135845,2.899055639255363e-17,3.464921656061984e-18,22.20902667466914,0.12257864973785715,0.13820000042117542,0.2826481061204879,0.013723881589033732,5.822550986082051e-17,2.827119607340949e-18,21.451884800444883,0.051477682669830216,0.05404038713111703,359.0,424.1683258763086,616.0,520.8244211698802,1500.6940315230456,149.99743329692552,212.97436981399056,0.8466510863325845,408.793701171875,304.3736877441406,96.02979108565923,5.499672826693356,-1.2437855875021144,15.245125770568848,0.0
750700288.995,750700404.995,750700334.9222918,750700295.482,750700381.168,0.14390375597182528,0.061735374507469,2.9644173730196004e-17,1.2717487148538614e-17,22.184819676441492,0.3875840735317517,0.6084184925191707,,,,,,,,0.2680291463109032,0.05103833249711758,5.521400414004606e-17,1.0513896494406221e-17,21.509544942225332,0.18925129387186956,0.22935168622279178,24.0,27.578528663595705,51.0,44.34628143864631,102.89376749947075,12.77172905433014,,0.8705380549957565,469.9236755371094,454.8689270019531,88.88149161082193,5.499774633725843,-1.2441480171403654,15.791666984558105,0.0
877822200.995,877823884.995,877823066.4809722,877822205.63,877823882.835,0.22574538589964968,0.016465591373127288,4.650354949532783e-17,3.391911822864221e-18,21.69595279410646,0.07643734902000432,0.08222895527174856,0.1822265677862605,0.017318130550939993,3.7538672963969664e-17,3.5675348934936385e-18,21.928470761576904,0.09857124555421493,0.10842204820501422,0.3176962592826739,0.014500347969565295,6.544542941223083e-17,2.9870716817304508e-18,21.32496974686711,0.04845772851049546,0.05072190210923111,396.0,480.0288659997223,583.0,482.4125790582036,1510.9679512235336,138.93482276876267,204.69036221321988,0.8251256670480014,384.3279724121094,485.2452697753906,86.67392034398081,5.499760343920141,-1.2439332917887147,14.58080768585205,0.0
