t0,t1,t_mean,t0_data,t1_data,cps_bgsub,cps_bgsub_err,flux_bgsub,flux_bgsub_err,mag_bgsub,mag_bgsub_err_1,mag_bgsub_err_2,cps_mcatbgsub,cps_mcatbgsub_err,flux_mcatbgsub,flux_mcatbgsub_err,mag_mcatbgsub,mag_mcatbgsub_err_1,mag_mcatbgsub_err_2,cps,cps_err,flux,flux_err,mag,mag_err_1,mag_err_2,counts,flat_counts,bg_counts,bg_flat_counts,exptime,bg,mcat_bg,responses,detxs,detys,detrad,racent,deccent,q_mean,flags
745260582.995,745260713.995,745260656.8785555,745260592.817,745260710.718,0.07391916172492637,0.050515259525781925,1.5227347315334832e-17,1.0406143462311076e-17,22.908107417115403,0.5654587476537216,1.2486718963820493,,,,,,,,0.18030018960695443,0.04006093305450775,3.714183905903261e-17,8.252552209228597e-18,21.940009541413477,0.21784698212017517,0.2728164566484459,18.0,20.255839470017907,47.0,41.4978653896304,112.34508135667879,11.951385232213557,,0.8887013101264047,271.0394287109375,275.9280090332031,178.95442964527672,327.3771415320579,-0.13202039904776475,11.777777671813965,0.0
777224737.995,777226407.995,777225602.4220631,777224745.11,777226403.505,0.00047166269104853873,0.014466901512491921,9.716251435599897e-20,2.9801817115733356e-18,28.39592118871883,3.751693333614618,,-0.019605357559403663,0.014937673988900405,-4.0387036572371544e-18,3.0771608417134834e-18,,,,0.15200876649199171,0.010237588708881468,3.131380589735029e-17,2.1089432740295822e-18,22.125328412879647,0.07076578620738161,0.07570171878372278,206.0,220.46614782056236,816.0,763.1321913631283,1450.3515350358243,219.78207111258098,248.90080825176966,0.9347307312313687,206.0697021484375,398.7593994140625,193.93426596300503,327.37692619102387,-0.1319193421264308,12.713592529296875,65.0
905686822.995,905688432.995,905687639.7720562,905686837.27,905688427.78,0.03414499827852976,0.014559511929373901,7.03386964537713e-18,2.9992594574510237e-18,23.746682262102922,0.385605212763128,0.6034818367204053,,,,,,,,0.16653834464043493,0.010867207483037544,3.4306898995929594e-17,2.238644741505734e-18,22.026214391152653,0.06863240986451302,0.07326536412022833,214.0,234.85108405430364,712.0,648.2641384623169,1410.1922566923522,186.70007187714728,,0.9115313789042666,301.5017395019531,555.337158203125,183.93352070724842,327.37701444871584,-0.13189336976238558,12.079439163208008,0.0
