t0,t1,t_mean,t0_data,t1_data,cps_bgsub,cps_bgsub_err,flux_bgsub,flux_bgsub_err,mag_bgsub,mag_bgsub_err_1,mag_bgsub_err_2,cps_mcatbgsub,cps_mcatbgsub_err,flux_mcatbgsub,flux_mcatbgsub_err,mag_mcatbgsub,mag_mcatbgsub_err_1,mag_mcatbgsub_err_2,cps,cps_err,flux,flux_err,mag,mag_err_1,mag_err_2,counts,flat_counts,bg_counts,bg_flat_counts,exptime,bg,mcat_bg,responses,detxs,detys,detrad,racent,deccent,q_mean,flags
749327417.995,749327531.995,749327468.614,749327468.614,749327468.614,0.00971833831714743,0.012575744506935228,1.3605673644006402e-17,1.760604230970932e-17,23.851019965612878,0.9014939911873121,,,,,,,,,0.012314066125954806,0.011428747179959522,1.723969257633673e-17,1.6000246051943333e-17,23.593996296493433,0.7128267404582935,2.858254307745824,1.0,1.1609291378611764,1.0,0.8497103187327602,94.27666913483952,0.24471657179503498,,0.8613790173639175,513.7716064453125,271.9020080566406,171.32738827481157,11.6613598734441,-1.25536712226317,10.0,0.0
874662939.995,874664601.995,874663954.5745834,874663119.525,874664549.2,-0.0016183662834396838,0.0031804625176682444,-2.2657127968155576e-18,4.452647524735542e-18,,,,,,,,,,,0.007268742487913105,0.002133315064966255,1.0176239483078348e-17,2.986641090952757e-18,24.16635179190281,0.2794090551782098,0.3772067183992327,12.0,11.609367680624459,48.0,49.28528707945,1597.163154414839,14.194162678881604,,1.0340659813194026,332.2499084472656,547.7955932617188,162.58416987206132,11.66143932290135,-1.2562822912734826,12.833333015441895,0.0
875804942.995,875806537.995,875805753.3504167,875804965.71,875806504.945,6.719184462271107e-05,0.0031144467270433573,9.406858247179551e-20,4.3602254178607e-18,29.251708590069676,4.188335697700076,,-0.0013666709099183587,0.0032580365388331094,-1.9133392738857023e-18,4.561251154366353e-18,,,,0.007633481811139666,0.00220710863869326,1.0686874535595532e-17,3.089952094170564e-18,24.113193312238245,0.2757462060328244,0.37053254539875624,12.0,11.961838345886113,41.0,41.168566695531155,1567.0225778792064,11.856547208312973,14.1034425182589,1.003806198445394,228.4102325439453,403.633544921875,171.62823469441796,11.661686467515308,-1.256181157579399,8.666666984558105,0.0
