t0,t1,t_mean,t0_data,t1_data,cps_bgsub,cps_bgsub_err,flux_bgsub,flux_bgsub_err,mag_bgsub,mag_bgsub_err_1,mag_bgsub_err_2,cps_mcatbgsub,cps_mcatbgsub_err,flux_mcatbgsub,flux_mcatbgsub_err,mag_mcatbgsub,mag_mcatbgsub_err_1,mag_mcatbgsub_err_2,cps,cps_err,flux,flux_err,mag,mag_err_1,mag_err_2,counts,flat_counts,bg_counts,bg_flat_counts,exptime,bg,mcat_bg,responses,detxs,detys,detrad,racent,deccent,q_mean,flags
751231868.995,751233518.995,751232557.5642425,751231897.415,751233433.995,0.004071702073908036,0.00486086102077463,5.70038290347125e-18,6.805205429084482e-18,24.795560016997058,0.8530002482500691,,-0.00029102957636354364,0.005129810429598033,-4.074414069089611e-19,7.181734601437247e-18,,,,0.021217663558467957,0.0036149489169707396,2.9704728981855144e-17,5.0609284837590354e-18,23.00325610334059,0.17081213138366635,0.20279477500607612,33.0,34.45012388944076,101.0,96.66351544639491,1623.6530376923492,27.83909244856174,34.922654945161746,0.9591453012959117,478.7334289550781,547.8026733398438,167.46516975606866,41.844823702610455,1.1570412289321657,16.545454025268555,65.0
876746044.995,876746154.995,876746078.9616667,876746057.32,876746097.515,0.002929640228121912,0.02361145976530122,4.101496319370677e-18,3.305604367142171e-17,25.1529642738032,2.3927615692928654,,,,,,,,,0.031413375035077656,0.017099255588154724,4.397872504910872e-17,2.3938957823416615e-17,22.57721350185892,0.4718505646443347,0.853374905773876,3.0,3.375007876481482,12.0,10.625873402489443,107.43856311882404,3.06025153991696,,0.8890865908516284,297.4459533691406,251.32232666015625,180.61667428594117,41.844465963167636,1.1567403392375402,8.333333015441895,0.0
908650676.995,908652338.995,908651436.5757143,908650751.62,908652330.285,0.006844031679382642,0.005374896611512789,9.581644351135698e-18,7.524855256117904e-18,24.23171997220299,0.6293027623864234,1.6706257144037409,,,,,,,,0.026544879429080417,0.004072158624900722,3.7162831200712585e-17,5.701022074861011e-18,22.76004810737647,0.15495604233564464,0.18081275199539348,42.0,42.49248601857742,110.0,109.50244343561272,1600.7790177425366,31.536703709456468,,0.9894337407232808,247.47625732421875,489.75604248046875,176.97355520411418,41.844843096806734,1.1571462443974487,10.928571701049805,0.0
