t0,t1,t_mean,t0_data,t1_data,cps_bgsub,cps_bgsub_err,flux_bgsub,flux_bgsub_err,mag_bgsub,mag_bgsub_err_1,mag_bgsub_err_2,cps_mcatbgsub,cps_mcatbgsub_err,flux_mcatbgsub,flux_mcatbgsub_err,mag_mcatbgsub,mag_mcatbgsub_err_1,mag_mcatbgsub_err_2,cps,cps_err,flux,flux_err,mag,mag_err_1,mag_err_2,counts,flat_counts,bg_counts,bg_flat_counts,exptime,bg,mcat_bg,responses,detxs,detys,detrad,racent,deccent,q_mean,flags
846412385.995,846414071.995,846413247.3003681,846412438.18,846414057.59,0.005827300774459387,0.0123641384791727,1.2004239595386337e-18,2.547012526709576e-18,25.666331413365292,1.2359990647050587,,-0.013250188845675949,0.012863572366894484,-2.7295389022092456e-18,2.6498959075802635e-18,,,,0.11864821972104006,0.008852132906620552,2.444153326253425e-17,1.8235393787638335e-18,22.394346934622273,0.0781253993714337,0.08418591056587843,163.0,179.64974315494615,653.0,593.1472476798294,1514.1377053724862,170.8264073317909,199.71235368949004,0.907471018023145,519.4805297851562,579.8796997070312,215.9451397101434,25.374369481038407,0.5465491246027169,11.791411399841309,0.0
874699265.995,874699371.995,874699296.3158334,874699272.695,874699336.305,0.09011169237713484,0.04794088797200382,1.8563008629689776e-17,9.875822922232786e-18,22.693047134499793,0.4631584556888022,0.8244231524237016,,,,,,,,0.15439814341835947,0.04028264842378187,3.180601754418205e-17,8.298225575299065e-18,22.10839481550604,0.25170257555312503,0.32824363844072124,12.0,14.690890296856518,26.0,21.238948172836295,95.14939734119642,6.116817073776854,,0.8170407774953615,419.0216979980469,180.26788330078125,220.55391201211552,25.37399276046921,0.5463173662951423,12.916666984558105,0.0
907875665.995,907877334.995,907876466.7273302,907875670.555,907877318.745,0.045419038643912064,0.013204275358646385,9.356321960645885e-18,2.7200807238811552e-18,23.436905156139602,0.2770810702911817,0.3729574826368349,0.014185130482560046,0.013973587479045453,2.9221368794073697e-18,2.8785590206833635e-18,24.700416662431127,0.7444488572431247,4.566086671994913,0.1529384878996965,0.01011822121404303,3.1505328507337476e-17,2.0843535700928643e-18,22.118708019970576,0.06955470232920646,0.07431738080543582,206.0,228.46792837664864,619.0,557.7030185880701,1493.8550231154863,160.61846935336422,207.27739995172772,0.901893856603865,478.0661315917969,597.5397338867188,212.40590237972063,25.37421542767584,0.5464899630574604,11.567960739135742,0.0
