t0,t1,t_mean,t0_data,t1_data,cps_bgsub,cps_bgsub_err,flux_bgsub,flux_bgsub_err,mag_bgsub,mag_bgsub_err_1,mag_bgsub_err_2,cps_mcatbgsub,cps_mcatbgsub_err,flux_mcatbgsub,flux_mcatbgsub_err,mag_mcatbgsub,mag_mcatbgsub_err_1,mag_mcatbgsub_err_2,cps,cps_err,flux,flux_err,mag,mag_err_1,mag_err_2,counts,flat_counts,bg_counts,bg_flat_counts,exptime,bg,mcat_bg,responses,detxs,detys,detrad,racent,deccent,q_mean,flags
745792784.995,745794267.995,745793610.9172499,745792852.93,745794235.64,-0.0010736710812925955,0.004663756621737569,-1.5031395138096337e-18,6.5292592704325974e-18,,,,-0.002243150212373746,0.0047486049129005364,-3.1404102973232444e-18,6.6480468780607514e-18,,,,0.015388644702656828,0.0032417147594711237,2.154410258371956e-17,4.538400663259573e-18,23.351999068367373,0.20755215446903108,0.25683461482394065,20.0,22.5346671985315,92.0,83.70457899054341,1464.3698411362323,24.106918749276506,25.81946871866995,0.8882374643518807,258.0959167480469,174.1412353515625,266.73760592030425,348.1866918347192,-0.178008975155807,7.550000190734863,0.0
750960374.995,750960478.995,750960458.613,750960458.613,750960458.613,0.006392283525645088,0.013724946692098445,8.949196935903122e-18,1.9214925368937823e-17,24.30585992603259,1.2447803908547357,,-0.0039151488979885015,0.017020110608483564,-5.481208457183902e-18,2.382815485187699e-17,,,,0.012778877309497005,0.011207203738489505,1.7890428233295808e-17,1.5690085233885307e-17,23.553768248798477,0.6836664908246419,2.275325875682306,1.0,1.300142235374258,3.0,2.256186375815483,101.74150701079338,0.6497816762348593,1.698475384427255,0.7691466154948352,604.266845703125,563.8453979492188,261.85923448036374,348.185911470818,-0.178360888358673,20.0,0.0
907597619.995,907599316.995,907598492.9296155,907597635.4,907599279.44,0.007209185193892821,0.00483002570519631,1.0092859271449949e-17,6.762035987274835e-18,24.17528454478706,0.5567796006708754,1.2036565645595054,0.0067360020551446775,0.0048594021787383675,9.430402877202548e-18,6.8031630502337146e-18,24.24899447251439,0.5897092060672762,1.387576319018347,0.02299559919548721,0.003719260796458076,3.219383887368209e-17,5.206965115041306e-18,22.915888173867685,0.1627704300204229,0.19155047162918493,39.0,38.227526333770534,89.0,91.12183690615663,1662.3844418575763,26.243089028973113,27.029701316977363,1.0208440895034434,229.93399047851562,598.3711547851562,261.29210214883653,348.1867837852074,-0.17761016920135214,13.20512866973877,0.0
