t0,t1,t_mean,t0_data,t1_data,cps_bgsub,cps_bgsub_err,flux_bgsub,flux_bgsub_err,mag_bgsub,mag_bgsub_err_1,mag_bgsub_err_2,cps_mcatbgsub,cps_mcatbgsub_err,flux_mcatbgsub,flux_mcatbgsub_err,mag_mcatbgsub,mag_mcatbgsub_err_1,mag_mcatbgsub_err_2,cps,cps_err,flux,flux_err,mag,mag_err_1,mag_err_2,counts,flat_counts,bg_counts,bg_flat_counts,exptime,bg,mcat_bg,responses,detxs,detys,detrad,racent,deccent,q_mean,flags
746964504.995,746966197.995,746965484.8100001,746964553.89,746966191.2,-0.008140145273902786,0.0038712107771107646,-1.13962033834639e-17,5.41969508795507e-18,,,,-0.003915503186946689,0.0035266085360806288,-5.481704461725365e-18,4.9372519505128806e-18,,,,0.008347358056160341,0.002244349403062358,1.1686301278624478e-17,3.1420891642873012e-18,24.016127393083032,0.25854233592598774,0.34001264262271746,14.0,13.833024522812181,92.0,94.8703521381076,1657.1739740579862,27.322661415774995,20.321694499561335,1.0135201803148,378.604248046875,476.5768737792969,79.50972141474284,1.6024303850853199,-1.2315146195729263,11.142857551574707,0.0
750699547.995,750699662.995,750699611.914,750699606.093,750699617.735,0.00012980160785739444,0.017808728049407856,1.8172225100035222e-19,2.4932219269171e-17,28.536799819700658,5.35126692707486,,0.004554269062657241,0.016616002932628247,6.375976687720138e-18,2.3262404105679546e-17,24.673953287960796,1.6682693826187673,,0.017152690614626615,0.012616563696906537,2.4013766860477262e-17,1.7663189175669152e-17,23.23416936435448,0.5985892547634997,1.444117642354044,2.0,1.8483420301880016,6.0,6.369287675017397,107.7581396245709,1.8343548504050107,1.357582468646319,1.0820677687649796,352.1881408691406,458.01556396484375,75.17831825538542,1.602598931029195,-1.2325018653730702,11.0,64.0
878478814.995,878480485.995,878479671.2013334,878478860.51,878480310.54,-0.002037908051353039,0.0036429463448932513,-2.853071271894255e-18,5.100124882850552e-18,,,,-0.0030226334159340527,0.003723982253945838,-4.231686782307674e-18,5.2135751555241736e-18,,,,0.009926321777168482,0.002453118890937683,1.3896850488035876e-17,3.434366447312756e-18,23.828029126447483,0.23978168318141968,0.30820394140519625,15.0,16.373423877934417,76.0,68.52411179567183,1649.4955780695025,19.734944197153492,21.359244331642753,0.9179831949184286,248.87005615234375,220.51512145996094,234.63819286707846,1.6025247569235965,-1.2317749881090905,7.5333333015441895,0.0
