t0,t1,t_mean,t0_data,t1_data,cps_bgsub,cps_bgsub_err,flux_bgsub,flux_bgsub_err,mag_bgsub,mag_bgsub_err_1,mag_bgsub_err_2,cps_mcatbgsub,cps_mcatbgsub_err,flux_mcatbgsub,flux_mcatbgsub_err,mag_mcatbgsub,mag_mcatbgsub_err_1,mag_mcatbgsub_err_2,cps,cps_err,flux,flux_err,mag,mag_err_1,mag_err_2,counts,flat_counts,bg_counts,bg_flat_counts,exptime,bg,mcat_bg,responses,detxs,detys,detrad,racent,deccent,q_mean,flags
745792784.995,745794267.995,745793467.2553334,745792823.81,745794254.985,-0.011681499728267913,0.0046428466258013855,-1.6354099619575078e-17,6.49998527612194e-18,,,,-0.0070663596416937575,0.0042900352997694265,-9.892903498371261e-18,6.006049419677197e-18,,,,0.00994224643502028,0.002605654766785162,1.3919145009028393e-17,3.647916673499227e-18,23.8262886908916,0.2527164172469867,0.329975438424043,15.0,14.559125832587918,105.0,109.94847824272408,1464.3698411362323,31.66516173390454,24.90688977850649,1.0313914323185243,238.33392333984375,412.95257568359375,162.1841224026777,348.4428694187865,-0.4795213170592437,7.599999904632568,0.0
750960374.995,750960478.995,750960476.698,750960476.698,750960476.698,0.0026398631657976175,0.014517045687534333,3.6958084321166645e-18,2.0323863962548067e-17,25.266046459226132,2.032144069396381,,,,,,,,,0.012040668970281608,0.010878680581472452,1.685693655839425e-17,1.5230152814061433e-17,23.618373458353524,0.6988791789727529,2.5386220706959506,1.0,1.2250358064545486,4.0,3.321014408555607,101.74150701079338,0.956452149664015,,0.8163026702820724,548.3859252929688,335.7860107421875,161.68431971422882,348.44171776769,-0.479632246345369,16.0,0.0
907597619.995,907599316.995,907598550.7459524,907597727.465,907599205.67,-0.0034210766915449774,0.004286429712528095,-4.7895073681629686e-18,6.001001597539334e-18,,,,-0.0018383732359186931,0.004173896431978826,-2.5737225302861703e-18,5.843455004770356e-18,,,,0.013561355036005461,0.002856181554549043,1.8985897050407648e-17,3.9986541763686604e-18,23.489242285158635,0.2075122673929819,0.2567734408495852,21.0,22.54418562236237,105.0,98.02545239162613,1662.3844418575763,28.23133028878833,25.600268688080973,0.9324413117630787,461.7327880859375,547.6272583007812,160.0148259326893,348.44293729741486,-0.47965414896175945,16.619047164916992,0.0
