t0,t1,t_mean,t0_data,t1_data,cps_bgsub,cps_bgsub_err,flux_bgsub,flux_bgsub_err,mag_bgsub,mag_bgsub_err_1,mag_bgsub_err_2,cps_mcatbgsub,cps_mcatbgsub_err,flux_mcatbgsub,flux_mcatbgsub_err,mag_mcatbgsub,mag_mcatbgsub_err_1,mag_mcatbgsub_err_2,cps,cps_err,flux,flux_err,mag,mag_err_1,mag_err_2,counts,flat_counts,bg_counts,bg_flat_counts,exptime,bg,mcat_bg,responses,detxs,detys,detrad,racent,deccent,q_mean,flags
749327417.995,749327531.995,749327484.4093333,749327460.798,749327523.883,0.022069601665396833,0.02090352636257783,3.0897442331555565e-17,2.926493690760896e-17,22.96051376338962,0.7235061815675614,3.1926697436086897,,,,,,,,0.03163224562397541,0.018317360681093027,4.4285143873565576e-17,2.564430495353024e-17,22.56967493931578,0.4960051131527088,0.9394815158135046,3.0,2.9821827546835054,3.0,3.1303271546430027,94.27666913483952,0.9015342205371849,,1.0076748914953872,453.1242370605469,482.504150390625,98.12807648651862,11.786452755222832,-0.9132042206284651,13.0,0.0
874662939.995,874664601.995,874663706.9677143,874662951.605,874664533.585,0.01611887728210307,0.004560375358582223,2.2566428194944298e-17,6.384525502015113e-18,23.30166302778636,0.2705001254596624,0.3610830981849986,0.016107825393578013,0.00456113397197625,2.2550955551009218e-17,6.38558756076675e-18,23.302407716816063,0.27070424544591987,0.36144838390904255,0.024667558397958464,0.003929962815123613,3.453458175714185e-17,5.501947941173059e-18,22.83968458744003,0.16050556448164244,0.1884194106387156,35.0,39.39811538259559,54.0,47.408467003771406,1597.163154414839,13.653638497086167,13.671290166225088,0.8890324199897086,341.9288330078125,326.1280822753906,93.96446490107834,11.787273699777053,-0.9130024861763203,6.4285712242126465,0.0
875804942.995,875806537.995,875805805.7298648,875805007.185,875806517.435,0.018132335337858175,0.004719842403090104,2.5385269473001447e-17,6.607779364326146e-18,23.173865644335233,0.25118462753923154,0.32736059015743635,0.017990606772961378,0.004729414002229927,2.5186849482145932e-17,6.621179603121898e-18,23.18238547216628,0.25340728256157874,0.33115805732059655,0.026520379946537477,0.004113885916102367,3.712853192515247e-17,5.759440282543314e-18,22.76105064566226,0.15656933843021648,0.18301458608719656,37.0,41.558034150159166,51.0,45.63977529881394,1567.0225778792064,13.144255286058417,13.366347147182118,0.8912526344721425,418.4231872558594,297.7491149902344,103.89734026405475,11.786932821094528,-0.9129044446557526,8.162161827087402,0.0
