t0,t1,t_mean,t0_data,t1_data,cps_bgsub,cps_bgsub_err,flux_bgsub,flux_bgsub_err,mag_bgsub,mag_bgsub_err_1,mag_bgsub_err_2,cps_mcatbgsub,cps_mcatbgsub_err,flux_mcatbgsub,flux_mcatbgsub_err,mag_mcatbgsub,mag_mcatbgsub_err_1,mag_mcatbgsub_err_2,cps,cps_err,flux,flux_err,mag,mag_err_1,mag_err_2,counts,flat_counts,bg_counts,bg_flat_counts,exptime,bg,mcat_bg,responses,detxs,detys,detrad,racent,deccent,q_mean,flags
753629556.995,753629671.995,753629614.783,753629597.088,753629626.196,0.019583310160689673,0.01920316456951937,2.7416634224965542e-17,2.688443039732712e-17,23.09028474417469,0.7419855160163351,4.279840360781485,,,,,,,,0.030596484634508776,0.01646688644235736,4.283507848831229e-17,2.3053641019300304e-17,22.60582117166666,0.4675287511660642,0.8388542986964822,3.0,3.45239184070091,5.0,4.3148786067685965,112.83622553184003,1.242685038749356,,0.8694136677347082,526.4337158203125,291.0907897949219,166.87330692362224,32.84734363762174,0.24575236983478468,14.333333015441895,0.0
911070896.995,911072029.995,911071546.5651788,911070910.105,911072003.84,0.016310218952629456,0.0056708002641016365,2.283430653368124e-17,7.939120369742292e-18,23.288850522095736,0.32397008693905605,0.46385472832187347,0.015205859786275358,0.005756946671697068,2.12882037007855e-17,8.059725340375897e-18,23.364972546185648,0.3485961078546964,0.5165728149454836,0.026192398333990514,0.00483204929703322,3.6669357667586725e-17,6.764869015846508e-18,22.774561832828713,0.18382197764049124,0.22141730475540555,28.0,29.382437500597888,40.0,38.49220582215004,1121.792556982748,11.085755276779214,12.324617169830912,0.953967093119825,444.528564453125,560.9677124023438,167.0131656136718,32.84726841624935,0.24607363058422388,17.60714340209961,0.0
