t0,t1,t_mean,t0_data,t1_data,cps_bgsub,cps_bgsub_err,flux_bgsub,flux_bgsub_err,mag_bgsub,mag_bgsub_err_1,mag_bgsub_err_2,cps_mcatbgsub,cps_mcatbgsub_err,flux_mcatbgsub,flux_mcatbgsub_err,mag_mcatbgsub,mag_mcatbgsub_err_1,mag_mcatbgsub_err_2,cps,cps_err,flux,flux_err,mag,mag_err_1,mag_err_2,counts,flat_counts,bg_counts,bg_flat_counts,exptime,bg,mcat_bg,responses,detxs,detys,detrad,racent,deccent,q_mean,flags
777390387.995,777392082.995,777391305.432,777390390.605,777392067.035,0.04273187371188096,0.017000147723432363,8.802765984647477e-18,3.502030431027067e-18,23.50312015943315,0.3636381901208168,0.5507075454530757,-0.003965149982557266,0.0179294442224522,-8.168208964067967e-19,3.693465509825153e-18,,,,0.2292478871565347,0.012623563730355945,4.722506475424615e-17,2.6004541284533245e-18,21.679236645693233,0.05819817011183659,0.06149530603167719,285.0,329.79702188287604,1079.0,931.6762494169235,1438.6044119031924,268.32275983207404,335.5013041416408,0.864423859232347,307.5272216796875,299.6206359863281,136.48161579519382,337.8410083507536,1.0603459365294288,13.789473533630371,0.0
1002452261.995,1002452343.995,1002452306.0810524,1002452265.17,1002452339.67,0.11446170475018815,0.09035653287311245,2.3579111178538757e-17,1.8613445771861163e-17,22.43334947539621,0.6317710376317649,1.691374943405176,,,,,,,,0.3336633941812747,0.07019468965239364,6.873465920134258e-17,1.446010606839309e-17,21.271728591672165,0.20730054259419006,0.25644881825714805,19.0,22.594805653364254,61.0,51.54083570153287,67.71736440794224,14.84376068204147,,0.8410474422930919,465.7041015625,529.4050903320312,145.1299637083138,337.84098357535737,1.0605225013898705,14.263157844543457,0.0
