t0,t1,t_mean,t0_data,t1_data,cps_bgsub,cps_bgsub_err,flux_bgsub,flux_bgsub_err,mag_bgsub,mag_bgsub_err_1,mag_bgsub_err_2,cps_mcatbgsub,cps_mcatbgsub_err,flux_mcatbgsub,flux_mcatbgsub_err,mag_mcatbgsub,mag_mcatbgsub_err_1,mag_mcatbgsub_err_2,cps,cps_err,flux,flux_err,mag,mag_err_1,mag_err_2,counts,flat_counts,bg_counts,bg_flat_counts,exptime,bg,mcat_bg,responses,detxs,detys,detrad,racent,deccent,q_mean,flags
753889815.995,753889945.995,753889881.1592916,753889817.971,753889943.901,0.11062650769567021,0.05988178489848082,2.2789060585308062e-17,1.2335647689087048e-17,22.470351993459634,0.4697157573572035,0.8461707954579047,,,,,,,,0.25388900301278405,0.04787828430840888,5.230113462063351e-17,9.86292656753223e-18,21.568390274541734,0.18757067173983444,0.22688518238659583,24.0,28.119696031980148,64.0,55.094310862663306,110.75586456402856,15.867161528447035,,0.8536661505357902,505.1919250488281,382.9451599121094,106.56551349241364,53.00827671064727,0.4141795354937232,15.916666984558105,0.0
882637898.995,882639594.995,882638747.2090851,882637903.545,882639592.415,0.05643342643677679,0.015084932519841917,1.1625285845976019e-17,3.1074960990874346e-18,23.201158950285894,0.25720280199472256,0.3376918112730145,,,,,,,,0.1962305977313103,0.011527606702498373,4.042350313264992e-17,2.3746869807146646e-18,21.848083183141984,0.061978641177358185,0.06573199600523694,235.0,289.77115495756027,887.0,716.7939335672893,1476.6869097261317,206.43665286737937,,0.8112575613784724,486.0472717285156,331.68475341796875,109.86858462492695,53.00840223539535,0.41405716198425574,14.080850601196289,0.0
912212374.995,912213781.995,912213051.3560945,912212375.035,912213769.595,0.07821669763715294,0.017571812153209916,1.6112639713253505e-17,3.619793303561242e-18,22.846751310522418,0.22003485268844258,0.2762632387036561,0.03455807621985936,0.01856107729466678,7.118963701291028e-18,3.823581922701356e-18,23.733626104599903,0.4667539687820259,0.8362776063347823,0.22767189097395596,0.013652978223322352,4.6900409540634926e-17,2.8125135140044044e-18,21.68672646330035,0.0632316619659612,0.06714315308944663,233.0,278.07633720272435,757.0,633.8305130142269,1221.390730375821,182.54318774809735,235.86742324816703,0.8380564047092196,470.769775390625,476.98028564453125,104.5673251391329,53.008377280611256,0.41400027686298924,14.115880012512207,0.0
