t0,t1,t_mean,t0_data,t1_data,cps_bgsub,cps_bgsub_err,flux_bgsub,flux_bgsub_err,mag_bgsub,mag_bgsub_err_1,mag_bgsub_err_2,cps_mcatbgsub,cps_mcatbgsub_err,flux_mcatbgsub,flux_mcatbgsub_err,mag_mcatbgsub,mag_mcatbgsub_err_1,mag_mcatbgsub_err_2,cps,cps_err,flux,flux_err,mag,mag_err_1,mag_err_2,counts,flat_counts,bg_counts,bg_flat_counts,exptime,bg,mcat_bg,responses,detxs,detys,detrad,racent,deccent,q_mean,flags
815201955.995,815202069.995,815202021.1164999,815202011.785,815202030.448,0.00011268365350005544,0.017931627452459638,1.5775711490007762e-19,2.5104278433443493e-17,28.69034770122509,5.511198466868748,,,,,,,,,0.0180282579075,0.012699435005046463,2.52395610705e-17,1.777920900706505e-17,23.180115594135927,0.5789404789158539,1.3233061879063897,2.0,2.0152954540439905,7.0,6.953816216356956,111.78536852446514,2.0026990703108036,,0.9924555025584276,402.6654968261719,421.8302001953125,21.992328523777427,36.99680689113735,-1.1696661840953348,10.5,0.0
907905245.995,907906912.995,907906133.7680233,907905341.86,907906899.39,0.014347773857919752,0.004948329873706496,2.0086883401087654e-17,6.9276618231890945e-18,23.428038692659463,0.321712755505267,0.45920589720565275,0.01320116206368994,0.0050182181687325154,1.8481626889165917e-17,7.025505436225521e-18,23.51846959326667,0.34980359206315725,0.519256472943745,0.027327572839686558,0.00407443067709346,3.825860197556118e-17,5.704202947930844e-18,22.72849734860778,0.15089074335480746,0.17529853449164534,43.0,44.985054917143785,77.0,74.18953913852891,1646.1416160535887,21.366587271896332,23.2540726638359,0.9565101741704033,387.594482421875,620.7540283203125,221.10232446997588,36.99572399854199,-1.1690260172029106,16.581396102905273,65.0
907911161.995,907912829.995,907912091.0408332,907911205.685,907912813.85,0.004457258034218815,0.004879597544056043,6.240161247906341e-18,6.83143656167846e-18,24.697330558831222,0.802832161898646,,,,,,,,,0.02179040708265298,0.0036416442231933807,3.050656991571417e-17,5.098301912470733e-18,22.97433664075673,0.16779011835690838,0.19854579430082353,36.0,35.80433885327815,99.0,98.89066531574876,1643.1239084918914,28.48051161093565,,1.0064172508701732,361.74139404296875,623.2062377929688,226.46135546593086,36.99596609356944,-1.1691915785425726,15.30555534362793,0.0
