t0,t1,t_mean,t0_data,t1_data,cps_bgsub,cps_bgsub_err,flux_bgsub,flux_bgsub_err,mag_bgsub,mag_bgsub_err_1,mag_bgsub_err_2,cps_mcatbgsub,cps_mcatbgsub_err,flux_mcatbgsub,flux_mcatbgsub_err,mag_mcatbgsub,mag_mcatbgsub_err_1,mag_mcatbgsub_err_2,cps,cps_err,flux,flux_err,mag,mag_err_1,mag_err_2,counts,flat_counts,bg_counts,bg_flat_counts,exptime,bg,mcat_bg,responses,detxs,detys,detrad,racent,deccent,q_mean,flags
749327273.995,749327387.995,749327326.899111,749327276.759,749327382.827,-0.023629537804025373,0.04784418866218082,-4.867684787629227e-18,9.855902864409249e-18,,,,-0.05153512291951285,0.05066250619559557,-1.0616235321419648e-17,1.0436476276292687e-17,,,,0.10322919993288622,0.03204671729860699,2.126521518617456e-17,6.601623763513039e-18,22.54549359650077,0.29354481481652783,0.403573576404483,9.0,10.37619259828922,51.0,44.275488440805816,100.51606139576043,12.751340670952077,15.556300177705035,0.8675145060208336,338.73077392578125,255.77386474609375,156.70065779699775,12.995525476161156,-1.2185439251994346,14.44444465637207,0.0
876893370.995,876895067.995,876894218.4785844,876893388.63,876895066.32,0.03402335086228658,0.013996302816155739,7.008810277631036e-18,2.883238380128082e-18,23.750557290496445,0.37410484941143096,0.5754003602031119,0.023534324847452468,0.01424062543277161,4.848070918575209e-18,2.9335688391509514e-18,24.15074564053937,0.5137553940108717,1.0087828044081348,0.16593087932122694,0.010446879531098704,3.418176114017275e-17,2.152057183406333e-18,22.030181963346486,0.066291513171997,0.07060377608206991,219.0,252.27909015862545,802.0,696.3557029661382,1520.386628399867,200.55044245424784,216.49781735213998,0.8682528501901731,413.07305908203125,548.4114379882812,148.9861060619806,12.99510667443512,-1.2181496058283772,13.945205688476562,0.0
