t0,t1,t_mean,t0_data,t1_data,cps_bgsub,cps_bgsub_err,flux_bgsub,flux_bgsub_err,mag_bgsub,mag_bgsub_err_1,mag_bgsub_err_2,cps_mcatbgsub,cps_mcatbgsub_err,flux_mcatbgsub,flux_mcatbgsub_err,mag_mcatbgsub,mag_mcatbgsub_err_1,mag_mcatbgsub_err_2,cps,cps_err,flux,flux_err,mag,mag_err_1,mag_err_2,counts,flat_counts,bg_counts,bg_flat_counts,exptime,bg,mcat_bg,responses,detxs,detys,detrad,racent,deccent,q_mean,flags
815201955.995,815202069.995,815202018.9481335,815201969.728,815202069.691,0.061145754907984254,0.054224168157467965,1.2596025511044756e-17,1.11701786404384e-17,23.114084222040763,0.6893157295921633,2.3654016119045984,,,,,,,,0.1783999054201168,0.042120962592751526,3.675038051654406e-17,8.676918294106814e-18,21.951513450509776,0.23013768370435983,0.2924146597268198,15.0,17.938770114883717,49.0,40.93867491478938,100.55369745090066,11.790338375459344,,0.8364997621272745,402.55694580078125,424.0786437988281,24.21402608033156,36.99557558862002,-1.1689062692930678,14.933333396911621,0.0
907905245.995,907906912.995,907906040.6255883,907905252.21,907906912.06,0.043778361878310225,0.014409586351957106,9.018342546931906e-18,2.9683747885031637e-18,23.476851232806503,0.3089338422368897,0.4334341675900788,0.030686240209874902,0.014713546225061973,6.32136548323423e-18,3.0309905223627664e-18,23.862640799133224,0.4252753238780471,0.7089137727517354,0.1754317217830343,0.010891212142743923,3.613893468730506e-17,2.243589701405248e-18,21.969729685496464,0.06539547094440934,0.06958821916295221,238.0,259.45605875026706,736.0,676.0754256646599,1478.9574890631816,194.70972259142206,214.07241398068084,0.9175537790133128,387.1670227050781,621.74169921875,222.11273371572054,36.99581860461887,-1.1691989660111641,11.756302833557129,65.0
907911161.995,907912829.995,907912016.0313345,907911165.73,907912827.555,0.056046573717080224,0.015105998375649052,1.1545594185718526e-17,3.111835665383705e-18,23.208627329717473,0.2591038397313028,0.3409878164147031,,,,,,,,0.1964547307126339,0.011535969407668186,4.046967452680258e-17,2.3764096979796463e-18,21.846843771830674,0.061953563844202364,0.06570378913194475,266.0,290.0125494921534,781.0,719.7043886972493,1476.230928316876,207.27486394480786,,0.9174733502131484,361.7624206542969,623.0786743164062,226.3320733103998,36.99592242392698,-1.1691618265528931,11.785714149475098,0.0
