t0,t1,t_mean,t0_data,t1_data,cps_bgsub,cps_bgsub_err,flux_bgsub,flux_bgsub_err,mag_bgsub,mag_bgsub_err_1,mag_bgsub_err_2,cps_mcatbgsub,cps_mcatbgsub_err,flux_mcatbgsub,flux_mcatbgsub_err,mag_mcatbgsub,mag_mcatbgsub_err_1,mag_mcatbgsub_err_2,cps,cps_err,flux,flux_err,mag,mag_err_1,mag_err_2,counts,flat_counts,bg_counts,bg_flat_counts,exptime,bg,mcat_bg,responses,detxs,detys,detrad,racent,deccent,q_mean,flags
777390387.995,777392082.995,777391249.9588087,777390392.045,777392082.57,0.06460934185326814,0.015894641613246663,1.3309524421773236e-17,3.2742961723288125e-18,23.054261707256785,0.23880513347844357,0.3065882064536538,-0.01530115372739827,0.01755525180083133,-3.1520376678440436e-18,3.616381870971254e-18,,,,0.2140289155447819,0.012197351280428818,4.408995660222507e-17,2.5126543637683366e-18,21.753818872547452,0.06017644469924477,0.06370841207256106,256.0,307.902942177579,899.0,746.373812282312,1438.6044119031924,214.9556579373059,329.91524943702314,0.8316831000695002,486.8957824707031,322.31610107421875,116.55756158871355,338.1339722823595,0.987000939015654,14.9609375,0.0
1002452261.995,1002452343.995,1002452303.6203845,1002452273.28,1002452335.735,0.07177245524160773,0.07604899103731157,1.4785125779771192e-17,1.566609215368618e-17,22.940105492171632,0.784449109878036,,,,,,,,,0.23170619063430287,0.058495006722135,4.773147527066639e-17,1.204997138475981e-17,21.667655906867303,0.24440390682715574,0.3159042677727655,13.0,15.69053254675922,45.0,37.605177224689385,67.71736440794224,10.830291040710545,,0.8286943119619463,314.05316162109375,430.6982116699219,91.26466581904062,338.1340741566729,0.9871492619595987,14.615385055541992,0.0
