t0,t1,t_mean,t0_data,t1_data,cps_bgsub,cps_bgsub_err,flux_bgsub,flux_bgsub_err,mag_bgsub,mag_bgsub_err_1,mag_bgsub_err_2,cps_mcatbgsub,cps_mcatbgsub_err,flux_mcatbgsub,flux_mcatbgsub_err,mag_mcatbgsub,mag_mcatbgsub_err_1,mag_mcatbgsub_err_2,cps,cps_err,flux,flux_err,mag,mag_err_1,mag_err_2,counts,flat_counts,bg_counts,bg_flat_counts,exptime,bg,mcat_bg,responses,detxs,detys,detrad,racent,deccent,q_mean,flags
753712846.995,753712963.995,753712897.8438696,753712847.254,753712954.146,0.0465382429005485,0.06401628605922483,9.58687803751299e-18,1.3187354928200313e-17,23.41047504494174,0.9394163912414619,,,,,,,,,0.23186999251955207,0.04772431373668054,4.7765218459027726e-17,9.831208629756191e-18,21.66688862998343,0.2032094376292939,0.2502075399481889,23.0,23.605310197854465,67.0,65.51224794912065,101.80407538445918,18.867527409346753,,0.974687811335709,410.82940673828125,653.0614624023438,253.29307097415037,51.45927669536177,0.29225366019946336,12.043478012084961,0.0
913341877.995,913343578.995,913342794.1432174,913341879.1,913343571.86,0.009719503743250237,0.0144126726867666,2.0022177711095486e-18,2.9690105734739196e-18,25.110889771601485,0.9873810010441915,,-0.006697662463167045,0.014788070498658455,-1.379718467412411e-18,3.0463425227236416e-18,,,,0.16041032134082836,0.010349273823253426,3.304452619621064e-17,2.1319504075902056e-18,22.06691922795453,0.06788201922987369,0.07241083763317846,230.0,240.23974716706627,819.0,783.6224232434687,1497.6576641637794,225.683257894119,250.27055268701045,0.9575784576622195,176.8032684326172,526.7095947265625,256.6556104552013,51.45945684823301,0.29221860017711826,9.552173614501953,65.0
913353706.995,913355013.995,913354320.3105264,913353711.515,913355012.235,0.04055435689606449,0.01658224840645383,8.354197520589285e-18,3.415943171729489e-18,23.559906202937,0.3721922873581569,0.5708282108179326,0.01326513967607527,0.017281202918610482,2.7326187732715058e-18,3.559927801233759e-18,24.773220431820153,0.9056184775927996,,0.17879123651384327,0.012452817994809228,3.683099472185171e-17,2.565280506930701e-18,21.949134430110778,0.07310428628641219,0.07838414972913554,190.0,206.1375806251479,600.0,553.4041108424778,1152.951255578946,159.38038392263365,190.84352118018683,0.9219367930934395,440.71368408203125,646.6632080078125,250.00068451153652,51.45937614474794,0.2922388320074292,10.010526657104492,0.0
