t0,t1,t_mean,t0_data,t1_data,cps_bgsub,cps_bgsub_err,flux_bgsub,flux_bgsub_err,mag_bgsub,mag_bgsub_err_1,mag_bgsub_err_2,cps_mcatbgsub,cps_mcatbgsub_err,flux_mcatbgsub,flux_mcatbgsub_err,mag_mcatbgsub,mag_mcatbgsub_err_1,mag_mcatbgsub_err_2,cps,cps_err,flux,flux_err,mag,mag_err_1,mag_err_2,counts,flat_counts,bg_counts,bg_flat_counts,exptime,bg,mcat_bg,responses,detxs,detys,detrad,racent,deccent,q_mean,flags
749327273.995,749327387.995,749327327.5628947,749327276.552,749327383.269,0.11738237526231683,0.05624861912378996,2.4180769304037268e-17,1.1587215539500731e-17,22.405992766684662,0.42506089783782386,0.7083045327284694,,,,,,,,0.21770293046862066,0.04653871697530799,4.4846803676535855e-17,9.586975696913446e-18,21.735339312356086,0.21034248322866134,0.2611282655731024,19.0,21.88264112502084,40.0,35.01328849435281,100.51606139576043,10.08382708637361,,0.8684473025350232,542.95166015625,347.4676513671875,152.2984727248023,12.666293112582247,-1.0418843236577977,15.526315689086914,0.0
876893370.995,876895067.995,876894240.1555281,876893374.605,876895064.675,0.09481177250097318,0.014699158210075603,1.9531225135200475e-17,3.028026591275574e-18,22.63784433558993,0.15648801048388705,0.18290340398700167,0.07266423658525405,0.015186582700314666,1.4968832736562333e-17,3.128436036264821e-18,22.9266982120283,0.20606275209157232,0.2545542058445527,0.2116572463162999,0.011798846473018376,4.360139274115778e-17,2.4305623734417856e-18,21.76591714597739,0.05889764772774697,0.06227683919574645,284.0,321.8008471032394,699.0,616.8413054787136,1520.386628399867,177.65029597786955,211.32311343613472,0.8827178214402442,239.7037811279297,406.8428649902344,160.44220948976377,12.666268523274866,-1.0420067578642969,12.595070838928223,0.0
