t0,t1,t_mean,t0_data,t1_data,cps_bgsub,cps_bgsub_err,flux_bgsub,flux_bgsub_err,mag_bgsub,mag_bgsub_err_1,mag_bgsub_err_2,cps_mcatbgsub,cps_mcatbgsub_err,flux_mcatbgsub,flux_mcatbgsub_err,mag_mcatbgsub,mag_mcatbgsub_err_1,mag_mcatbgsub_err_2,cps,cps_err,flux,flux_err,mag,mag_err_1,mag_err_2,counts,flat_counts,bg_counts,bg_flat_counts,exptime,bg,mcat_bg,responses,detxs,detys,detrad,racent,deccent,q_mean,flags
780112827.995,780112935.995,780112883.6203333,780112829.453,780112926.02,0.07829870534657263,0.05466705848981144,1.612953330139396e-17,1.1261414048901156e-17,22.84561354713764,0.5749631290485127,1.3006514826915172,,,,,,,,0.1774276731225092,0.04378691406563769,3.6550100663236893e-17,9.020104297521365e-18,21.957446607440023,0.2394810112915735,0.3077060583295186,15.0,16.419277252766502,35.0,31.852298387152466,92.54067848497014,9.173461935499912,,0.9139566001539251,261.2861633300781,445.9078674316406,146.11317796766605,21.787390300980896,0.8003940515126783,13.800000190734863,0.0
781402923.995,781403036.995,781402980.9722354,781402935.941,781403035.197,0.07870481482224105,0.05605695550483949,1.6213191853381656e-17,1.1547732833996935e-17,22.839996746396853,0.5839135152712274,1.352435356999866,,,,,,,,0.1968656202077772,0.04431400007706053,4.05543177628021e-17,9.12868401587447e-18,21.844575301550528,0.22042681921983842,0.27688263769229593,17.0,19.735941561406417,48.0,41.13096755409835,100.25082866463215,11.845718655580328,,0.8615315494338307,345.5269775390625,255.9798126220703,153.9776754870776,21.78784143396565,0.8000782945937954,13.764705657958984,0.0
875378931.995,875380467.995,875379695.1453886,875378936.64,875380462.195,0.05671186485769877,0.014231606687797048,1.1682644160685945e-17,2.931710977686192e-18,23.19581517890667,0.2430962699260597,0.31371695242680175,0.030391167136392273,0.014886376299672696,6.260580430096808e-18,3.0665935177325755e-18,23.873131552600274,0.43283869229204086,0.7307036677047059,0.16816182103712568,0.011036716926552592,3.464133513364789e-17,2.2735636868698337e-18,22.015681495706136,0.06901765080576538,0.07370455815337706,193.0,232.15337188654865,643.0,534.2382861591218,1380.5355487634458,153.8606264138271,190.19728528634775,0.8316005153656152,298.3780822753906,287.8860168457031,151.31609095119146,21.78767680702626,0.8002619781896219,12.891191482543945,0.0
