t0,t1,t_mean,t0_data,t1_data,cps_bgsub,cps_bgsub_err,flux_bgsub,flux_bgsub_err,mag_bgsub,mag_bgsub_err_1,mag_bgsub_err_2,cps_mcatbgsub,cps_mcatbgsub_err,flux_mcatbgsub,flux_mcatbgsub_err,mag_mcatbgsub,mag_mcatbgsub_err_1,mag_mcatbgsub_err_2,cps,cps_err,flux,flux_err,mag,mag_err_1,mag_err_2,counts,flat_counts,bg_counts,bg_flat_counts,exptime,bg,mcat_bg,responses,detxs,detys,detrad,racent,deccent,q_mean,flags
776391321.995,776391466.995,776391391.3716,776391365.607,776391428.207,0.012715639887868767,0.02109960943280735,1.7801895843016276e-17,2.9539453205930296e-17,23.55915444995191,1.0619359345449269,,,,,,,,,0.037340013239189965,0.01637912030032481,5.227601853486595e-17,2.2930768420454735e-17,22.38956383101113,0.3948863288080062,0.626911719612135,5.0,5.1971803743111025,12.0,11.900522278002123,139.18528472444237,3.4273504160646118,,0.9630514185201445,458.32763671875,425.53546142578125,63.67238801413086,318.33133332102597,1.22497404873794,12.199999809265137,0.0
904710806.995,904711684.995,904711347.2683334,904710846.145,904711680.775,0.008318779729185667,0.007746602447020531,1.1646291620859934e-17,1.0845243425828744e-17,24.019850937803398,0.7145785911937708,2.9063225359430334,,,,,,,,0.0300218170374333,0.005901740606376554,4.203054385240662e-17,8.262436848927176e-18,22.62640756525439,0.1948559150703595,0.23764573561786406,24.0,25.87698731311935,70.0,64.9538305830485,861.9394116236907,18.706703207917972,,0.9291666146230435,471.1726379394531,396.1583557128906,71.27624163835495,318.33200617479537,1.2250593866269466,11.875,0.0
905124818.995,905125893.995,905125482.9247222,905124828.72,905125869.11,-0.004853354166347233,0.006247482221764431,-6.794695832886126e-18,8.746475110470203e-18,,,,-0.009298269816959534,0.006578359680747512,-1.3017577743743349e-17,9.209703553046517e-18,,,,0.018013776182241453,0.004147125243721847,2.5219286655138037e-17,5.805975341210586e-18,23.180988093963634,0.22495664885636302,0.2840829477562892,18.0,18.867537515768998,88.0,83.16290269032754,1047.3949118102848,23.950915974814336,28.606498010691563,0.9548031163695487,452.26470947265625,449.9234924316406,72.27693237010854,318.33194610011554,1.2251717164820262,12.44444465637207,0.0
