t0,t1,t_mean,t0_data,t1_data,cps_bgsub,cps_bgsub_err,flux_bgsub,flux_bgsub_err,mag_bgsub,mag_bgsub_err_1,mag_bgsub_err_2,cps_mcatbgsub,cps_mcatbgsub_err,flux_mcatbgsub,flux_mcatbgsub_err,mag_mcatbgsub,mag_mcatbgsub_err_1,mag_mcatbgsub_err_2,cps,cps_err,flux,flux_err,mag,mag_err_1,mag_err_2,counts,flat_counts,bg_counts,bg_flat_counts,exptime,bg,mcat_bg,responses,detxs,detys,detrad,racent,deccent,q_mean,flags
754203156.995,754203266.995,754203224.97925,754203174.364,754203260.802,0.00925283850946851,0.02844586716230078,1.2953973913255914e-17,3.982421402722109e-17,23.90431254385691,1.525128642895396,,,,,,,,,0.04433132879783802,0.02125384205677949,6.206386031697324e-17,2.9755378879491285e-17,22.20322312714758,0.4252372627803638,0.7088055975533294,4.0,4.350574404919033,13.0,11.953201963475513,98.13769455814744,3.4425221654809484,,0.9210395827589104,337.2206115722656,274.5760192871094,140.25842772977282,56.332672176759075,0.3300771983970697,7.25,0.0
912632060.995,912633761.995,912632821.6139706,912632073.45,912633727.295,0.0018770866241165627,0.0072234345515100225,2.627921273763188e-18,1.0112808372114032e-17,25.636289212549254,1.7139548739062143,,-0.002004155722365558,0.007384839808182656,-2.8058180113117814e-18,1.033877573145572e-17,,,,0.04388344948629419,0.005163251672047097,6.143682928081187e-17,7.228552340865935e-18,22.21424810440796,0.12077261041000753,0.13590797716382141,68.0,72.23620599022277,253.0,240.0914869808856,1646.0922474379277,69.14634825049507,75.53523118746708,0.9428290053405789,261.6612243652344,369.601318359375,141.63931900999134,56.33266709335902,0.32962496857676293,6.852941036224365,0.0
