t0,t1,t_mean,t0_data,t1_data,cps_bgsub,cps_bgsub_err,flux_bgsub,flux_bgsub_err,mag_bgsub,mag_bgsub_err_1,mag_bgsub_err_2,cps_mcatbgsub,cps_mcatbgsub_err,flux_mcatbgsub,flux_mcatbgsub_err,mag_mcatbgsub,mag_mcatbgsub_err_1,mag_mcatbgsub_err_2,cps,cps_err,flux,flux_err,mag,mag_err_1,mag_err_2,counts,flat_counts,bg_counts,bg_flat_counts,exptime,bg,mcat_bg,responses,detxs,detys,detrad,racent,deccent,q_mean,flags
754203594.995,754203710.995,754203641.5072501,754203607.71,754203705.938,0.0011422569244383832,0.025926913925724878,1.5991596942137366e-18,3.629767949601483e-17,26.17559050135472,3.4367778843427033,,,,,,,,,0.03794207319481128,0.0184726549590461,5.311890247273579e-17,2.5861716942664543e-17,22.372197356228618,0.4306786055899039,0.7244202072891923,4.0,4.218746970542959,15.0,14.207431912982626,111.18915270871095,4.091740390938997,,0.9486423746828992,230.92575073242188,565.6311645507812,236.68498988284642,56.48735332836163,0.6740582735088163,13.75,65.0
912904165.995,912905867.995,912904994.0838888,912904167.68,912905846.47,0.0027291952967412564,0.006873867282213031,3.820873415437759e-18,9.623414195098244e-18,25.229913464542435,1.3659378619924496,,-0.00433627994087239,0.007181124958121686,-6.0707919172213456e-18,1.005357494137036e-17,,,,0.040017340456877,0.004945612637245507,5.602427663962781e-17,6.9238576921437094e-18,22.31437944462703,0.1265165127713317,0.14322765021815442,63.0,65.47209674014712,221.0,211.8294409748735,1636.093153434331,61.006879000763576,72.56665466278307,0.9628493695790686,426.69915771484375,638.148193359375,239.6401615402067,56.48696192626206,0.673792193773913,15.936508178710938,0.0
913170345.995,913172050.995,913171308.2518181,913170348.65,913172029.035,0.018121419321822475,0.0060311448108293616,2.5369987050551466e-17,8.443602735161106e-18,23.174519475326868,0.3119275852556278,0.4393901204831394,,,,,,,,0.038791461095378045,0.00487135617050289,5.430804553352926e-17,6.8198986387040465e-18,22.34815965555581,0.1284390414526797,0.14569737697543772,44.0,63.41215419201012,170.0,117.32356088313708,1634.6936259012323,33.78918553434349,,0.6948984624260321,647.7964477539062,335.9000244140625,255.9528987715751,56.486509122966254,0.6739750313990833,13.954545021057129,8.0
