t0,t1,t_mean,t0_data,t1_data,cps_bgsub,cps_bgsub_err,flux_bgsub,flux_bgsub_err,mag_bgsub,mag_bgsub_err_1,mag_bgsub_err_2,cps_mcatbgsub,cps_mcatbgsub_err,flux_mcatbgsub,flux_mcatbgsub_err,mag_mcatbgsub,mag_mcatbgsub_err_1,mag_mcatbgsub_err_2,cps,cps_err,flux,flux_err,mag,mag_err_1,mag_err_2,counts,flat_counts,bg_counts,bg_flat_counts,exptime,bg,mcat_bg,responses,detxs,detys,detrad,racent,deccent,q_mean,flags
753629849.995,753629969.995,753629899.965,753629855.916,753629961.505,0.006677336777660603,0.02149699816533098,9.348271488724846e-18,3.0095797431463373e-17,24.25849179792492,1.5631259811490423,,0.01834275667410557,0.019055452750581226,2.5679859343747802e-17,2.667763385081372e-17,23.161338487588434,0.7734655107638488,,0.030562177479172562,0.016105822775251574,4.278704847084159e-17,2.2548151885352204e-17,22.60703926647941,0.4595872453863272,0.8128137444776158,4.0,3.6008311339995767,9.0,9.771209456620033,117.8198489441226,2.81410832350657,1.439690313437662,1.1110214539771552,273.8763427734375,493.8316650390625,157.19910392939985,34.563740751791094,-0.11486998993465375,10.0,0.0
908863633.995,908865004.995,908864258.1480769,908863717.4,908864971.42,-0.0032683453892814263,0.0041940537102728055,-4.575683544993997e-18,5.871675194381928e-18,,,,-0.0009251282525623492,0.003980380747809631,-1.295179553587289e-18,5.572533046933483e-18,,,,0.010164773686367229,0.002752619823064121,1.423068316091412e-17,3.85366775228977e-18,23.802255715672587,0.2601929404800494,0.3428832194985958,13.0,13.636501393263348,65.0,62.573381366897536,1341.5450076918412,18.021133833666493,14.877602581963044,0.9557275390321384,210.95970153808594,375.0574645996094,190.6786944437403,34.563444545249496,-0.11384007590735425,7.538461685180664,0.0
908887268.995,908888965.995,908888179.9771156,908887291.385,908888901.865,0.006296988343998177,0.0041324274013837675,8.815783681597448e-18,5.7853983619372745e-18,24.322167776488357,0.5478177264464108,1.1594076791059464,0.006159088800235516,0.004142491923898745,8.622724320329723e-18,5.799488693458243e-18,24.34620883578254,0.5584685109183631,1.212243438864327,0.017286441350561954,0.0032310959574017822,2.4201017890786737e-17,4.523534340362496e-18,23.225736007399977,0.18604908688310573,0.22466018675587662,26.0,28.622758231708623,70.0,63.18143326873543,1655.7924011802547,18.196252781395806,18.424585798084244,0.9091114760310106,405.7218322753906,242.07728576660156,158.02633652474302,34.56323245678516,-0.11382197463892424,9.34615421295166,0.0
