t0,t1,t_mean,t0_data,t1_data,cps_bgsub,cps_bgsub_err,flux_bgsub,flux_bgsub_err,mag_bgsub,mag_bgsub_err_1,mag_bgsub_err_2,cps_mcatbgsub,cps_mcatbgsub_err,flux_mcatbgsub,flux_mcatbgsub_err,mag_mcatbgsub,mag_mcatbgsub_err_1,mag_mcatbgsub_err_2,cps,cps_err,flux,flux_err,mag,mag_err_1,mag_err_2,counts,flat_counts,bg_counts,bg_flat_counts,exptime,bg,mcat_bg,responses,detxs,detys,detrad,racent,deccent,q_mean,flags
753712996.995,753713112.995,753713018.703,753713018.703,753713018.703,-0.02233288301512447,0.018703784248678603,-3.126603622117426e-17,2.6185297948150046e-17,,,,,,,,,,,0.00870252481632378,0.008752849976011253,1.2183534742853294e-17,1.2253989966415754e-17,23.970886823993958,0.7557097694583206,,1.0,0.9885339093650248,12.0,12.24084137134396,113.59162199811027,3.5253623149470608,,1.0115990868156868,158.11749267578125,286.4102478027344,267.22608247266385,51.0389626271021,-0.00270506576290215,8.0,0.0
913276818.995,913278488.995,913277634.1233332,913276829.38,913278465.1,0.0007917464480197182,0.005558084381836225,1.1084450272276056e-18,7.781318134570716e-18,26.57353469077392,2.2604400785555363,,-0.003944631137595028,0.005813258858651609,-5.5224835926330395e-18,8.138562402112253e-18,,,,0.025608470770579955,0.003960893495393308,3.585185907881194e-17,5.545250893550631e-18,22.7990408874611,0.15614585596715003,0.18243586599944095,42.0,41.80045031370281,141.0,140.653092075281,1632.2899828022864,40.508090517680934,48.23923220544916,1.0067329798357787,99.90162658691406,411.9350280761719,300.33560997717035,51.03859254847262,-0.002968089082592768,8.285714149475098,32.0
913288643.995,913290346.995,913289511.1654545,913288678.21,913290236.58,0.015418881360669991,0.005023568836256616,2.158643390493799e-17,7.032996370759262e-18,23.349867832980962,0.3062002039115299,0.4280382908137845,,,,,,,,0.028764861938217545,0.004151896697050694,4.0270806713504564e-17,5.812655375870972e-18,22.67284426525683,0.14638692272799858,0.1692458887937427,33.0,47.99892480603021,112.0,77.32629749173206,1668.6652245758887,22.269973677618836,,0.6890599895386497,627.1376342773438,237.5448455810547,279.2546903856616,51.038394290045204,-0.0029195745089764225,11.242424011230469,8.0
