t0,t1,t_mean,t0_data,t1_data,cps_bgsub,cps_bgsub_err,flux_bgsub,flux_bgsub_err,mag_bgsub,mag_bgsub_err_1,mag_bgsub_err_2,cps_mcatbgsub,cps_mcatbgsub_err,flux_mcatbgsub,flux_mcatbgsub_err,mag_mcatbgsub,mag_mcatbgsub_err_1,mag_mcatbgsub_err_2,cps,cps_err,flux,flux_err,mag,mag_err_1,mag_err_2,counts,flat_counts,bg_counts,bg_flat_counts,exptime,bg,mcat_bg,responses,detxs,detys,detrad,racent,deccent,q_mean,flags
753712400.995,753712519.995,753712458.2754076,753712408.656,753712515.026,0.19114168061740883,0.06574210152087427,3.9375186207186216e-17,1.35428729133001e-17,21.87661149941685,0.3209532163869149,0.45764830361193987,,,,,,,,0.3149940557959218,0.055697855806495666,6.488877549395989e-17,1.1473758296138107e-17,21.33424410409257,0.17677687895363547,0.21126551543522964,27.0,31.983630809680374,51.0,43.665381335115406,101.53725196135736,12.57562982451324,,0.8445473850219298,404.9967041015625,169.49183654785156,230.56231363768222,51.625447014567015,1.1804307813509556,12.55555534362793,0.0
913318217.995,913319920.995,913319055.4397045,913318218.655,913319908.465,0.05305720678698625,0.013732703459076153,1.0929784598119167e-17,2.8289369125696874e-18,23.268139043297033,0.2499161929206153,0.3252028413260746,,,,,,,,0.16712489845978354,0.010587043176149537,3.4427729082715407e-17,2.1809308942868046e-18,22.022397108986365,0.06668863871824371,0.0710544428128479,203.0,249.19133936329752,725.0,590.5571789252783,1491.0485610452724,170.0804675304802,,0.8150420466362162,450.60736083984375,177.01211547851562,228.65848248980618,51.62536771083911,1.1804916504974896,10.832511901855469,0.0
913324132.995,913325835.995,913324969.8052369,913324139.69,913325820.545,0.050714485551048204,0.014005198687968186,1.0447184023515929e-17,2.8850709297214463e-18,23.317169939124486,0.2647609134476312,0.35089019158214185,-0.0027224832187892033,0.015234994424315704,-5.608315430705759e-19,3.1384088514090348e-18,,,,0.17109670017932171,0.010730167941053017,3.524592023694027e-17,2.2104145958569215e-18,21.996895915769272,0.06604106147491962,0.0703197388992649,211.0,254.25542537984632,749.0,621.1527838659612,1486.0334834825467,178.89200175339687,258.3011266011864,0.8302583782877332,318.1475524902344,180.30401611328125,234.4486052406632,51.62545865026276,1.1804957706323476,10.175355911254883,0.0
