t0,t1,t_mean,t0_data,t1_data,cps_bgsub,cps_bgsub_err,flux_bgsub,flux_bgsub_err,mag_bgsub,mag_bgsub_err_1,mag_bgsub_err_2,cps_mcatbgsub,cps_mcatbgsub_err,flux_mcatbgsub,flux_mcatbgsub_err,mag_mcatbgsub,mag_mcatbgsub_err_1,mag_mcatbgsub_err_2,cps,cps_err,flux,flux_err,mag,mag_err_1,mag_err_2,counts,flat_counts,bg_counts,bg_flat_counts,exptime,bg,mcat_bg,responses,detxs,detys,detrad,racent,deccent,q_mean,flags
874699404.995,874699510.995,874699442.7504166,874699411.43,874699498.785,0.08079096733311791,0.05044110561029833,1.664293927062229e-17,1.0390867755721456e-17,22.81159297976737,0.5266929522765054,1.0630152284221666,,,,,,,,0.16086473776519006,0.041215627510480315,3.313813597962915e-17,8.490419267158944e-18,22.063847861665774,0.24765815724667561,0.321378454778106,12.0,15.233436195460671,33.0,26.329027213780897,94.69717482582485,7.5827598375689,,0.7878878421272136,474.3804016113281,346.1685485839844,91.81649800235965,25.090752210875877,-0.35348954305917374,14.416666984558105,0.0
875722141.995,875723692.995,875722946.237538,875722150.995,875723687.59,0.03945233090649656,0.013784107899930703,8.127180166738291e-18,2.839526227385725e-18,23.589818332218496,0.3253408225137022,0.4666921582723198,0.018434252706243933,0.014325307116062343,3.79745605748625e-18,2.9510132659088423e-18,24.41593615818138,0.6242813023776286,1.6297378656658523,0.1509798094178492,0.010453637063571717,3.110184074007693e-17,2.153449235095774e-18,22.13270281793771,0.07268661474353877,0.07790413924432116,197.0,208.594527203954,566.0,535.0242079651658,1381.6054478294595,154.08697189396779,183.1256632383424,0.9446472929737443,194.21966552734375,525.3312377929688,240.94286713326036,25.09063718219593,-0.35355417976570713,10.385787010192871,65.0
908224723.995,908226374.995,908225585.8717233,908224733.27,908226371.88,0.10867915116665063,0.014367565013970792,2.238790514033003e-17,2.959718392877983e-18,22.48963440569332,0.13480947550257127,0.15395297187255963,0.05123060396729568,0.015687033657027307,1.055350441726291e-17,3.231528933347625e-18,23.306176310283888,0.29002781222801843,0.39692106462693744,0.2038616762698181,0.011862692519649264,4.199550531158253e-17,2.443714659047748e-18,21.80666102271587,0.06140904000421088,0.06509165230731284,235.0,295.3280069390306,602.0,478.7775498292684,1448.6685891278241,137.88793435082934,221.11184016956207,0.7959306683049755,473.9697570800781,331.2105712890625,101.0124272793349,25.090688085763894,-0.35343788450698993,13.182978630065918,0.0
