t0,t1,t_mean,t0_data,t1_data,cps_bgsub,cps_bgsub_err,flux_bgsub,flux_bgsub_err,mag_bgsub,mag_bgsub_err_1,mag_bgsub_err_2,cps_mcatbgsub,cps_mcatbgsub_err,flux_mcatbgsub,flux_mcatbgsub_err,mag_mcatbgsub,mag_mcatbgsub_err_1,mag_mcatbgsub_err_2,cps,cps_err,flux,flux_err,mag,mag_err_1,mag_err_2,counts,flat_counts,bg_counts,bg_flat_counts,exptime,bg,mcat_bg,responses,detxs,detys,detrad,racent,deccent,q_mean,flags
780822603.995,780822705.995,5e-324,3.105036184601418e+231,5e-324,-0.017612364795072923,0.013393679942328875,-2.4657310713102094e-17,1.8751151919260426e-17,,,,,,,,,,,0.0,0.0,0.0,0.0,inf,,,5e-324,5e-324,6.0,6.004032343453236,98.17882692267804,1.7291613149145324,,5e-324,5e-324,5e-324,565.685424949238,160000.0,5e-324,5e-324,0.0
781988232.995,781988335.995,1.5e-323,-1.4945712237055124e-154,1.5e-323,-0.014853842724890294,0.013076871752251654,-2.0795379814846414e-17,1.8307620453152314e-17,,,,,,,,,,,0.0,0.0,0.0,0.0,inf,,,1.5e-323,1.5e-323,5.0,4.479993930347941,86.86225348126112,1.2902382519402071,,1.5e-323,1.5e-323,1.5e-323,565.685424949238,160000.0,1.5e-323,1.5e-323,0.0
875633369.995,875634928.995,875634216.0616001,875633380.745,875634874.76,0.005731641434870391,0.004116346206321241,8.024298008818549e-18,5.762884688849738e-18,24.424302466014723,0.5876712032706664,1.3750677584753532,,,,,,,,0.01584586678360027,0.0032160054762202612,2.218421349704038e-17,4.502407666708366e-18,23.32020999878303,0.2006238859416669,0.24629354758601707,25.0,24.277191371943914,53.0,53.80499299460174,1532.0835207998634,15.495837982445304,,1.031261884540666,297.8871765136719,556.3182983398438,186.71486045897473,23.864087423230718,0.23254389243979318,14.279999732971191,0.0
908206974.995,908208625.995,908207880.265,908207151.95,908208389.91,-6.737934295113072e-05,0.002880853398114976,-9.433108013158301e-20,4.033194757360967e-18,,,,-0.0025421604263331115,0.0031338808162801658,-3.5590245968663565e-18,4.387433142792232e-18,,,,0.00671415510207691,0.002031979412476107,9.399817142907674e-18,2.8447711774665496e-18,24.252521576100232,0.28706195724995,0.3913591595795154,9.0,10.918026200919869,46.0,38.29025396283118,1626.1206413808586,11.027593141295382,15.051885743881705,0.8256571582259506,537.3112182617188,524.4954223632812,185.34692026016822,23.86380908063011,0.23264507876236712,16.88888931274414,64.0
