t0,t1,t_mean,t0_data,t1_data,cps_bgsub,cps_bgsub_err,flux_bgsub,flux_bgsub_err,mag_bgsub,mag_bgsub_err_1,mag_bgsub_err_2,cps_mcatbgsub,cps_mcatbgsub_err,flux_mcatbgsub,flux_mcatbgsub_err,mag_mcatbgsub,mag_mcatbgsub_err_1,mag_mcatbgsub_err_2,cps,cps_err,flux,flux_err,mag,mag_err_1,mag_err_2,counts,flat_counts,bg_counts,bg_flat_counts,exptime,bg,mcat_bg,responses,detxs,detys,detrad,racent,deccent,q_mean,flags
753889815.995,753889945.995,753889892.3260001,753889843.48,753889940.546,0.015461810924206603,0.020502370066249668,2.1646535293889245e-17,2.870331809274954e-17,23.346849104580556,0.9165245410665293,,,,,,,,,0.03414117167678906,0.016483213794580426,4.7797640347504687e-17,2.3076499312412598e-17,22.486803946480833,0.4277033573826792,0.7158448620077955,4.0,4.290155753823147,9.0,8.150122942416903,125.65930057812919,2.3472354074160684,,0.9341691190093953,224.79737854003906,356.3450927734375,180.55943478921876,53.44145791696217,0.5947560359976792,6.25,0.0
882637898.995,882639594.995,882638831.998854,882637909.77,882639542.26,-0.008356710879728772,0.006297076038661465,-1.1699395231620281e-17,8.815906454126051e-18,,,,-0.009864921000226783,0.006369366225101029,-1.3810889400317497e-17,8.917112715141441e-18,,,,0.028478603292895893,0.004158104636696133,3.987004461005425e-17,5.821346491374586e-18,22.68370328522336,0.14796914755121549,0.1713655266162064,48.0,46.90795976139558,206.0,210.6685706327949,1647.1299269475398,60.672548342244944,63.15676636784237,1.0242972880522563,228.15357971191406,446.1437072753906,177.93379073955126,53.44125517041834,0.5954104149402394,10.125,0.0
912212374.995,912213781.995,912212997.3489425,912212410.125,912213772.285,0.016198609601880177,0.00701329508618816,2.2678053442632248e-17,9.818613120663424e-18,23.29630565317206,0.3905825996994565,0.6159592677353629,0.004240169018336183,0.007612486710232235,5.936236625670656e-18,1.065748139432513e-17,24.75154207887917,1.1160812541200258,,0.04165791413189718,0.005525274984184727,5.832107978465605e-17,7.735384977858618e-18,22.27075619888991,0.13522442775371957,0.15449459152790723,52.0,56.84434240775465,131.0,120.62679097833751,1364.550856477697,34.74051580176121,51.05841614217382,0.9156798247483215,318.1423645019531,239.79640197753906,179.9051564260273,53.44111703086974,0.5953341211722082,8.09615421295166,0.0
