t0,t1,t_mean,t0_data,t1_data,cps_bgsub,cps_bgsub_err,flux_bgsub,flux_bgsub_err,mag_bgsub,mag_bgsub_err_1,mag_bgsub_err_2,cps_mcatbgsub,cps_mcatbgsub_err,flux_mcatbgsub,flux_mcatbgsub_err,mag_mcatbgsub,mag_mcatbgsub_err_1,mag_mcatbgsub_err_2,cps,cps_err,flux,flux_err,mag,mag_err_1,mag_err_2,counts,flat_counts,bg_counts,bg_flat_counts,exptime,bg,mcat_bg,responses,detxs,detys,detrad,racent,deccent,q_mean,flags
749327417.995,749327531.995,749327502.299,749327502.299,749327502.299,0.0034418120536631063,0.014615018050363342,4.818536875128349e-18,2.046102527050868e-17,24.97803212198046,1.7996359014922483,,,,,,,,,0.011789595490660573,0.011182717070198295,1.6505433686924804e-17,1.5655803898277613e-17,23.64125273899844,0.7242645306284352,3.220993023474012,1.0,1.1114837933066029,3.0,2.7326431149274426,94.27666913483952,0.7870012170991036,,0.8996982286399834,452.512451171875,292.6846008300781,119.4744844185495,11.7636934699331,-1.22523423102896,8.0,0.0
874662939.995,874664601.995,874663919.7377142,874662964.49,874664566.37,0.009202057352006849,0.004570764887347233,1.2882880292809588e-17,6.3990708422861265e-18,23.910287660784316,0.43784501639937545,0.7454568206667993,0.01200612224061966,0.00437449863145056,1.6808571136867526e-17,6.124298084030785e-18,23.62149309794505,0.3373189947728221,0.49196454488372865,0.021284908465024364,0.0036505748044725894,2.9798871851034114e-17,5.1108047262616255e-18,22.99982053287618,0.17186500689717832,0.20428183249254417,35.0,33.995471545429425,65.0,67.00793263191633,1597.163154414839,19.298284597991906,14.819735475311173,1.0313604982734894,385.8483581542969,510.4477233886719,111.35065589689911,11.763842482775543,-1.2245634182129226,13.028571128845215,0.0
875804942.995,875806537.995,875805856.46,875805094.625,875806502.68,0.007789185766790803,0.004287492401230895,1.0904860073507124e-17,6.0024893617232535e-18,24.09126984602127,0.47613857832156015,0.8680348706237169,0.008804556735424945,0.004211250308873057,1.2326379429594923e-17,5.89575043242228e-18,23.958231259152257,0.4244090133577565,0.7064551937510473,0.018297560522851,0.0034171100775512754,2.56165847319914e-17,4.7839541085717856e-18,23.164017019128266,0.185900133478345,0.22444278608849189,28.0,28.672690459418774,59.0,57.17659895681328,1567.0225778792064,16.466860499562227,14.875751266789447,0.9777276594069682,285.2328796386719,429.8381652832031,118.58249459131531,11.763944875956435,-1.2245697358676844,9.107142448425293,0.0
