t0,t1,t_mean,t0_data,t1_data,cps_bgsub,cps_bgsub_err,flux_bgsub,flux_bgsub_err,mag_bgsub,mag_bgsub_err_1,mag_bgsub_err_2,cps_mcatbgsub,cps_mcatbgsub_err,flux_mcatbgsub,flux_mcatbgsub_err,mag_mcatbgsub,mag_mcatbgsub_err_1,mag_mcatbgsub_err_2,cps,cps_err,flux,flux_err,mag,mag_err_1,mag_err_2,counts,flat_counts,bg_counts,bg_flat_counts,exptime,bg,mcat_bg,responses,detxs,detys,detrad,racent,deccent,q_mean,flags
753889498.995,753889622.995,753889555.312054,753889500.073,753889621.237,0.2626364120626468,0.0714501302215689,5.410310088490524e-17,1.4718726825643195e-17,21.531612658091298,0.26126011230620705,0.3447455239211834,0.181393227946104,0.07672891234867424,3.7367004956897423e-17,1.5806155943826893e-17,21.93344732682456,0.3830104706470365,0.597056078355191,0.39643819183202006,0.061780943471606266,8.166626751739613e-17,1.2726874355150891e-17,21.084561283405073,0.15724433700104257,0.18393812696912448,37.0,41.17578625536366,54.0,48.254277417108426,103.86432766500657,13.897231896127229,22.33550059175629,0.8988155047726102,570.249267578125,410.4704895019531,170.57093615648157,54.41762602582221,0.9982673841343757,13.45945930480957,0.0
912300802.995,912302507.995,912301615.2802488,912300803.96,912302506.495,0.30627380720988173,0.01977667998806315,6.309240428523563e-17,4.073996077541009e-18,21.36472535707446,0.06793749078571665,0.07247396406027207,0.2531459966884482,0.020672730497341446,5.214807531782033e-17,4.2585824824523376e-18,21.571572340650025,0.08523020905036915,0.09249511588973292,0.43978826416233874,0.0173214084424729,9.059638241744178e-17,3.568210139149417e-18,20.97189091013896,0.04194193817332703,0.04362748382192905,563.0,644.6453684268604,778.0,679.536887613001,1465.8084832134195,195.70662363254434,273.5818189894168,0.8735854901306271,579.835205078125,416.2978210449219,180.57220150483732,54.41754769876808,0.9984108868218033,11.959147453308105,65.0
