t0,t1,t_mean,t0_data,t1_data,cps_bgsub,cps_bgsub_err,flux_bgsub,flux_bgsub_err,mag_bgsub,mag_bgsub_err_1,mag_bgsub_err_2,cps_mcatbgsub,cps_mcatbgsub_err,flux_mcatbgsub,flux_mcatbgsub_err,mag_mcatbgsub,mag_mcatbgsub_err_1,mag_mcatbgsub_err_2,cps,cps_err,flux,flux_err,mag,mag_err_1,mag_err_2,counts,flat_counts,bg_counts,bg_flat_counts,exptime,bg,mcat_bg,responses,detxs,detys,detrad,racent,deccent,q_mean,flags
753629703.995,753629818.995,753629786.0699999,753629785.743,753629786.397,0.01107846681107304,0.016084027832531655,1.5509853535502258e-17,2.251763896554432e-17,23.708800847566724,0.9737249817829614,,,,,,,,,0.020143447751931724,0.013356959898341453,2.820082685270441e-17,1.8699743857678035e-17,23.05966548397322,0.5522907134449611,1.1812218256958502,2.0,2.2743241797657707,4.0,3.5537998917686484,112.90640052161214,1.0234943688293707,,0.8793859519488568,418.30706787109375,312.23199462890625,89.65696571297276,33.4801531099519,-0.482397489555245,7.0,0.0
908810373.995,908812063.995,908811097.40375,908810424.6,908812050.435,0.011389382736059401,0.004358806623627696,1.5945135830483163e-17,6.102329273078775e-18,23.67874953123936,0.35182610174388174,0.5237731831675205,0.010883858854512892,0.004393344963982913,1.523740239631805e-17,6.1506829495760785e-18,23.728042747326178,0.36815242917479907,0.5612595434209595,0.021581277793521564,0.003592327202760379,3.021378891093019e-17,5.029258083864531e-18,22.984807112496235,0.16717064579342633,0.19767831515084922,36.0,36.09130087372226,59.0,59.18175455640677,1672.3430938160868,17.044345312245156,17.88975468430856,0.9988449232034109,380.9830017089844,478.4609375,80.73267577244914,33.479903570155756,-0.48240737348917206,12.30555534362793,0.0
908816288.995,908817979.995,908817346.3815216,908816298.46,908817930.895,0.004733755827188596,0.003777127473797063,6.6272581580640356e-18,5.287978463315888e-18,24.631985368150573,0.63692195720947,1.7361565100292111,0.0035220351467922734,0.0038724251734341196,4.930849205509183e-18,5.421395242807768e-18,24.95301578618181,0.8052819931701052,,0.014223947072951893,0.0029252839712765807,1.991352590213265e-17,4.0953975597872136e-18,23.43744968093179,0.2030613095558209,0.24998267096004056,23.0,23.643087649884077,56.0,54.773001602839656,1662.2030107833796,15.774624461617824,17.788750224801078,0.9739370216917413,456.0763854980469,462.31280517578125,83.82986758548789,33.479968617028305,-0.4824592633790071,13.434782981872559,0.0
