t0,t1,t_mean,t0_data,t1_data,cps_bgsub,cps_bgsub_err,flux_bgsub,flux_bgsub_err,mag_bgsub,mag_bgsub_err_1,mag_bgsub_err_2,cps_mcatbgsub,cps_mcatbgsub_err,flux_mcatbgsub,flux_mcatbgsub_err,mag_mcatbgsub,mag_mcatbgsub_err_1,mag_mcatbgsub_err_2,cps,cps_err,flux,flux_err,mag,mag_err_1,mag_err_2,counts,flat_counts,bg_counts,bg_flat_counts,exptime,bg,mcat_bg,responses,detxs,detys,detrad,racent,deccent,q_mean,flags
780112827.995,780112935.995,780112876.5261111,780112840.66,780112918.104,0.0019606479889410994,0.046952195873410006,4.0389348572186646e-19,9.672152349922462e-18,26.849000929373634,3.492558214510119,,,,,,,,,0.1029836892831726,0.0333593733043061,2.1214639992333554e-17,6.872030900687056e-18,22.548078885209023,0.3046614978406943,0.42501876105331604,9.0,9.530180479150141,34.0,32.46090549994215,92.54067848497014,9.34874078398334,,0.9445656421517374,624.000732421875,502.19818115234375,246.21290859007314,22.388270515999302,0.6958250563601429,11.55555534362793,64.0
781402923.995,781403036.995,781402974.7049999,781402935.647,781403033.995,0.09985782815918508,0.04878489442819219,2.0570712600792125e-17,1.0049688252207592e-17,22.581544709480024,0.4319038379756748,0.7279782772406627,0.03404361764798623,0.05510409558980561,7.012985235485164e-18,1.1351443691499956e-17,23.749910739485877,1.045186257985403,,0.1692256921354253,0.04108555556537367,3.486049257989761e-17,8.463624446466976e-18,22.00883425239156,0.23599050215022999,0.30195279130502684,16.0,16.96501586792231,25.0,24.146478633033215,100.25082866463215,6.9541858463135675,13.552114987969796,0.9438563902496883,289.39141845703125,617.92138671875,244.38491995286975,22.38889994958739,0.6957216062959884,11.8125,0.0
875378931.995,875380467.995,875379746.4869621,875378935.65,875380458.86,0.01891329063926646,0.01290468689450972,3.8961378716888906e-18,2.6583655002690023e-18,24.38808225904205,0.5647636861748637,1.2449838306669,-0.00646016422807326,0.013598175343642936,-1.3307938309830914e-18,2.8012241207904446e-18,,,,0.12440758929343745,0.009492916049627414,2.5627963394448116e-17,1.955540706223247e-18,22.342882813427185,0.07983835355411628,0.08617847033612946,158.0,171.74909955555307,549.0,505.6896857081624,1380.5355487634458,145.6386294839508,180.66758592325817,0.9201582227187016,381.97247314453125,644.8355102539062,245.49830713431666,22.388697854425686,0.6956497212031467,10.797468185424805,0.0
