t0,t1,t_mean,t0_data,t1_data,cps_bgsub,cps_bgsub_err,flux_bgsub,flux_bgsub_err,mag_bgsub,mag_bgsub_err_1,mag_bgsub_err_2,cps_mcatbgsub,cps_mcatbgsub_err,flux_mcatbgsub,flux_mcatbgsub_err,mag_mcatbgsub,mag_mcatbgsub_err_1,mag_mcatbgsub_err_2,cps,cps_err,flux,flux_err,mag,mag_err_1,mag_err_2,counts,flat_counts,bg_counts,bg_flat_counts,exptime,bg,mcat_bg,responses,detxs,detys,detrad,racent,deccent,q_mean,flags
753889498.995,753889622.995,753889567.72192,753889509.359,753889621.029,0.14185686642563836,0.06481412890687113,2.92225144836815e-17,1.3351710554815453e-17,22.20037409453122,0.4085729221551482,0.6627966406029344,,,,,,,,0.2890887701130146,0.052757280857890415,5.9552286643281e-17,1.0867999856725426e-17,21.42742194630481,0.18199836446807893,0.21877407442788055,25.0,30.026010743291906,64.0,53.09771766433449,103.86432766500657,15.292142687328335,,0.8327108389019611,446.9047546386719,326.89447021484375,86.85893444477878,54.66426062088567,0.9721273162897441,16.520000457763672,0.0
912300802.995,912302507.995,912301673.2879564,912300809.755,912302504.02,0.09304954046048114,0.015275714478229008,1.9168205334859115e-17,3.1467971825151754e-18,22.658214418395637,0.16503871789695168,0.1947019215217729,0.017888937339273586,0.016870783069603473,3.685121091890359e-18,3.475381312338315e-18,24.448538642907568,0.7212293292241263,3.111927390011921,0.21754610817041523,0.012182517495647437,4.4814498283105535e-17,2.5095986041033718e-18,21.736121704224317,0.05915949036412371,0.06256967292266324,252.0,318.8809308462588,801.0,633.6393231950528,1465.8084832134195,182.48812508017525,292.6591747386783,0.7905684829204913,458.1979675292969,330.9706115722656,90.2887583880082,54.66453325057536,0.9717253124108175,13.341269493103027,0.0
