t0,t1,t_mean,t0_data,t1_data,cps_bgsub,cps_bgsub_err,flux_bgsub,flux_bgsub_err,mag_bgsub,mag_bgsub_err_1,mag_bgsub_err_2,cps_mcatbgsub,cps_mcatbgsub_err,flux_mcatbgsub,flux_mcatbgsub_err,mag_mcatbgsub,mag_mcatbgsub_err_1,mag_mcatbgsub_err_2,cps,cps_err,flux,flux_err,mag,mag_err_1,mag_err_2,counts,flat_counts,bg_counts,bg_flat_counts,exptime,bg,mcat_bg,responses,detxs,detys,detrad,racent,deccent,q_mean,flags
753889977.995,753890107.995,753890052.7688,753889989.61,753890095.016,-0.002176986475788936,0.025613822526780853,-3.0477810661045106e-18,3.5859351537493194e-17,,,,0.002711198874717753,0.024841373991849103,3.795678424604854e-18,3.477792358858875e-17,25.237096561061076,2.517501960099583,,0.04005403782813651,0.017870514128016095,5.607565295939112e-17,2.5018719779222534e-17,22.313384240891587,0.40054094895757686,0.6415394291505088,5.0,5.023640036429514,18.0,18.39125376133302,125.42156318883258,5.29668108326391,4.6835972354466096,0.9981647537942957,344.65386962890625,660.8489379882812,266.6558879842489,53.64210880948186,0.0554666992258527,16.200000762939453,0.0
849774426.995,849774533.995,849774495.285,849774481.07,849774518.725,0.00695163218999352,0.02413679216641605,9.73228506599093e-18,3.3791509032982467e-17,24.21478303604821,1.6262798145674644,,,,,,,,,0.033516165298528584,0.018027654510554,4.692263141794002e-17,2.52387163147756e-17,22.50686419086788,0.4673056911186819,0.8381116526709462,3.0,3.456449327174285,11.0,9.512300690894566,103.12782791192491,2.7395425989776356,,0.8687254873454388,265.6988220214844,163.47593688964844,271.99345366505884,53.6424625676022,0.05620214702239717,7.666666507720947,0.0
912537424.995,912539115.995,912538273.4747413,912537429.75,912539108.15,0.006046486266421207,0.0064982324027064884,8.465080772989691e-18,9.097525363789084e-18,24.366242323042943,0.7923946384617757,,0.00012387926258495738,0.006772332308265465,1.7343096761894035e-19,9.481265231571651e-18,28.58750347132165,4.3640299134863305,,0.03740080790486042,0.004792732375969736,5.2361131066804584e-17,6.709825326357631e-18,22.38779754096717,0.130912457759365,0.14888953836309327,58.0,60.896959506905745,186.0,177.26359273734627,1628.2257768819986,51.05191470835574,60.69525609834378,0.9534923148316946,187.91798400878906,229.09571838378906,272.37300707237745,53.64227437238529,0.05631737168733057,7.551723957061768,0.0
