t0,t1,t_mean,t0_data,t1_data,cps_bgsub,cps_bgsub_err,flux_bgsub,flux_bgsub_err,mag_bgsub,mag_bgsub_err_1,mag_bgsub_err_2,cps_mcatbgsub,cps_mcatbgsub_err,flux_mcatbgsub,flux_mcatbgsub_err,mag_mcatbgsub,mag_mcatbgsub_err_1,mag_mcatbgsub_err_2,cps,cps_err,flux,flux_err,mag,mag_err_1,mag_err_2,counts,flat_counts,bg_counts,bg_flat_counts,exptime,bg,mcat_bg,responses,detxs,detys,detrad,racent,deccent,q_mean,flags
753629849.995,753629969.995,753629910.9362001,753629860.344,753629969.936,0.016991747177088012,0.058232343871818866,3.500299918480131e-18,1.1995862837594685e-17,24.50440490621826,1.6152972781116652,,,,,,,,,0.18813671100792723,0.04213893074479816,3.875616246763301e-17,8.680619733428421e-18,21.893816131371864,0.21943613464264544,0.2753182364753073,20.0,19.93333988939893,63.0,62.96194865650816,105.95135730080361,18.133041213074357,,1.0035674141844644,224.92001342773438,623.0853881835938,283.58436508236736,34.52070448106133,0.11230995830657815,10.350000381469727,0.0
908863633.995,908865004.995,908864295.2328846,908863641.52,908864992.06,0.054397722270027704,0.015175304469119664,1.1205930787625707e-17,3.126112720638651e-18,23.241048211520535,0.2671504553435895,0.35511588467910826,0.028598929467751236,0.015854308848343913,5.891379470356754e-18,3.265987622758846e-18,23.939125558344344,0.4788840678744748,0.8775571617482143,0.16819112264862143,0.011719964921900526,3.464737126561601e-17,2.4143127739115083e-18,22.015492326435364,0.07313714867242993,0.07842193378689899,182.0,205.94607299389054,547.0,483.8102145085214,1224.476475040513,139.3373417784542,170.92735664928625,0.8839741467733261,292.4417419433594,483.6894836425781,136.28172492502526,34.52043227754532,0.11214254866330929,13.461538314819336,0.0
908887268.995,908888965.995,908888136.5079294,908887274.56,908888964.575,0.081951614040987,0.013745739177424438,1.688203249244332e-17,2.831622270549434e-18,22.79610622139626,0.1683560371410202,0.19933931883418055,0.03704058647050906,0.01479471163109405,7.630360812924867e-18,3.0477105960053743e-18,23.65830536417548,0.36486936537411196,0.5535709122035151,0.1826968311006055,0.011035740189449968,3.763554720672473e-17,2.2733624790266934e-18,21.92567246368565,0.06367907023773967,0.06764786593544159,227.0,274.0684818313231,634.0,524.7591606056682,1500.1271788912532,151.13063825443245,218.5028913448408,0.8285459891709772,335.28155517578125,123.63982391357422,283.83696733685997,34.52057025410902,0.11217360509352309,8.718061447143555,0.0
