t0,t1,t_mean,t0_data,t1_data,cps_bgsub,cps_bgsub_err,flux_bgsub,flux_bgsub_err,mag_bgsub,mag_bgsub_err_1,mag_bgsub_err_2,cps_mcatbgsub,cps_mcatbgsub_err,flux_mcatbgsub,flux_mcatbgsub_err,mag_mcatbgsub,mag_mcatbgsub_err_1,mag_mcatbgsub_err_2,cps,cps_err,flux,flux_err,mag,mag_err_1,mag_err_2,counts,flat_counts,bg_counts,bg_flat_counts,exptime,bg,mcat_bg,responses,detxs,detys,detrad,racent,deccent,q_mean,flags
753889977.995,753890107.995,753890047.231875,753890000.166,753890087.33,0.019748020363659764,0.029353862579459374,2.764722850912367e-17,4.1095407611243124e-17,23.081191084046942,0.9889364506133624,,,,,,,,,0.06390870800508286,0.02257324079106355,8.947219120711601e-17,3.160253710748897e-17,21.80609990542977,0.32841357419776074,0.47309296753521224,8.0,8.01553005937615,19.0,19.231605817642514,125.42156318883258,5.5387024754810446,,1.0000599613648653,171.2579345703125,494.02081298828125,247.311232603812,54.0283274721076,-0.05186975894864751,10.125,0.0
849774426.995,849774533.995,849774495.668,849774445.825,849774531.99,0.032397815591697604,0.030846333127511075,4.5356941828376645e-17,4.3184866378515504e-17,22.54371067729622,0.726261555413501,3.299422144495427,,,,,,,,0.06526177945817214,0.02515599619098791,9.1366491241441e-17,3.5218394667383075e-17,21.783352721776083,0.353987268856379,0.5286297718650417,5.0,6.730305561188373,15.0,11.768018090713554,103.12782791192491,3.389189210125504,,0.7430506626608462,505.46661376953125,171.0504608154297,252.0735966197939,54.028271405194744,-0.05141698925756286,10.600000381469727,0.0
912537424.995,912539115.995,912538219.2832292,912537426.83,912539113.005,0.008207047274931639,0.0061474690946544406,1.1489866184904294e-17,8.606456732516217e-18,24.034532662273854,0.6070040744947889,1.5010216323573395,,,,,,,,0.034869970130577556,0.004627734924724128,4.881795818280858e-17,6.478828894613779e-18,22.463871061595253,0.13530071770106034,0.15459422152250468,48.0,56.77618420571173,178.0,150.74048014089882,1628.2257768819986,43.41325828057887,,0.8467138845742989,417.3109436035156,153.19122314453125,247.4151189829285,54.028379930704034,-0.051716615784682875,9.0625,0.0
