t0,t1,t_mean,t0_data,t1_data,cps_bgsub,cps_bgsub_err,flux_bgsub,flux_bgsub_err,mag_bgsub,mag_bgsub_err_1,mag_bgsub_err_2,cps_mcatbgsub,cps_mcatbgsub_err,flux_mcatbgsub,flux_mcatbgsub_err,mag_mcatbgsub,mag_mcatbgsub_err_1,mag_mcatbgsub_err_2,cps,cps_err,flux,flux_err,mag,mag_err_1,mag_err_2,counts,flat_counts,bg_counts,bg_flat_counts,exptime,bg,mcat_bg,responses,detxs,detys,detrad,racent,deccent,q_mean,flags
754203156.995,754203266.995,754203211.2561666,754203161.836,754203264.391,0.10999441695536206,0.0723157565935145,2.2658849892804584e-17,1.4897045858263986e-17,22.476573394991092,0.5486006562179107,1.1631879716043585,,,,,,,,0.2830967683489577,0.05696697632389842,5.831793427988528e-17,1.1735197122723073e-17,21.450162720584288,0.1990635526372948,0.24394282114472077,24.0,24.695821993073928,54.0,52.43231749883944,87.23455988954547,15.10050743966576,,0.9719995197423629,566.3423461914062,665.5560913085938,313.3525391113974,56.519096845024784,-0.4008653696008733,11.541666984558105,32.0
912632060.995,912633761.995,912632887.5979236,912632070.875,912633755.16,0.039985940565162595,0.016737202006215177,8.237103756423494e-18,3.4478636132803263e-18,23.57523170969853,0.3796324186798401,0.5887698060269138,0.00044058599470988863,0.017533131068575084,9.076071491023705e-20,3.611825000126467e-18,28.469923280655394,4.02651803285173,,0.223059574169139,0.01240392242618942,4.595027227884263e-17,2.5552080197950204e-18,21.7089478280567,0.05875680039200404,0.062119383356755264,301.0,323.3878168897546,991.0,921.5864896212471,1449.7822749564648,265.4169090109192,322.74906312403016,0.9309213924816644,710.1201782226562,429.7403564453125,311.5429564961248,56.519184537809494,-0.40071422456211037,7.730896949768066,32.0
