t0,t1,t_mean,t0_data,t1_data,cps_bgsub,cps_bgsub_err,flux_bgsub,flux_bgsub_err,mag_bgsub,mag_bgsub_err_1,mag_bgsub_err_2,cps_mcatbgsub,cps_mcatbgsub_err,flux_mcatbgsub,flux_mcatbgsub_err,mag_mcatbgsub,mag_mcatbgsub_err_1,mag_mcatbgsub_err_2,cps,cps_err,flux,flux_err,mag,mag_err_1,mag_err_2,counts,flat_counts,bg_counts,bg_flat_counts,exptime,bg,mcat_bg,responses,detxs,detys,detrad,racent,deccent,q_mean,flags
746964504.995,746966197.995,746965408.9126316,746964508.51,746966022.555,-0.0024943959470950417,0.003829058147713971,-3.4921543259330585e-18,5.36068140679956e-18,,,,,,,,,,,0.010901284501352798,0.0025648075589602398,1.526179830189392e-17,3.590730582544336e-18,23.726305815014882,0.2294097629552141,0.29123780171719105,19.0,18.06532495944355,73.0,77.07976737487907,1657.1739740579862,22.198973003965175,,1.0530451284822542,361.5142517089844,514.92333984375,121.19623287198934,1.658659521461446,-1.1968699882464235,12.473684310913086,0.0
750699547.995,750699662.995,750699605.4519999,750699559.037,750699651.867,-0.0005798144018590196,0.01786410508763293,-8.117401626026274e-19,2.5009747122686104e-17,,,,,,,,,,,0.01690431833311058,0.012524886205306634,2.366604566635481e-17,1.753484068742929e-17,23.250005843691476,0.6019521522496412,1.4664496561613376,2.0,1.8215778951975234,6.0,6.54186672385203,107.7581396245709,1.8840576164693847,,1.0982511603530765,313.7860107421875,479.55987548828125,117.31421794248566,1.658395094574655,-1.19713987103381,12.5,0.0
878478814.995,878480485.995,878479749.4168,878478878.045,878480469.49,0.008472955543069472,0.003884045787857316,1.1862137760297261e-17,5.4376641030002424e-18,23.999912680740216,0.4096954143710434,0.6658135267330714,,,,,,,,0.016678467602200844,0.0031798196956801758,2.3349854643081182e-17,4.451747573952246e-18,23.264609635816527,0.18946410961445537,0.2296646903802042,25.0,27.51105855880575,52.0,46.996374504629074,1649.4955780695025,13.534955857333175,,0.9097841985570315,208.94976806640625,227.34849548339844,257.5048215737446,1.6584361423553702,-1.19644396980779,7.28000020980835,0.0
