t0,t1,t_mean,t0_data,t1_data,cps_bgsub,cps_bgsub_err,flux_bgsub,flux_bgsub_err,mag_bgsub,mag_bgsub_err_1,mag_bgsub_err_2,cps_mcatbgsub,cps_mcatbgsub_err,flux_mcatbgsub,flux_mcatbgsub_err,mag_mcatbgsub,mag_mcatbgsub_err_1,mag_mcatbgsub_err_2,cps,cps_err,flux,flux_err,mag,mag_err_1,mag_err_2,counts,flat_counts,bg_counts,bg_flat_counts,exptime,bg,mcat_bg,responses,detxs,detys,detrad,racent,deccent,q_mean,flags
780948439.995,780948506.995,780948477.203,780948449.78,780948502.89,-0.02971462190919657,0.08147311990117374,-6.121212113294493e-18,1.678346269964179e-17,,,,,,,,,,,0.17868714376907394,0.05535484468532754,3.680955161642923e-17,1.1403098005177473e-17,21.949766732767813,0.2930011809746844,0.40254119867679705,10.0,10.420182868563932,44.0,42.19790987083549,58.31523549355313,12.152998042800624,,0.9597677199874051,262.2630310058594,675.2435302734375,307.7831600089218,31.87237230270411,1.15922233495486,10.100000381469727,32.0
782048985.995,782049063.995,782049022.8522856,782048987.764,782049060.842,0.17606130198473924,0.08296674428877204,3.626862820885628e-17,1.709114932348704e-17,21.965840227080058,0.4192072017849888,0.6918490407054634,0.15969319108167537,0.08440338371420258,3.2896797362825124e-17,1.7387097045125733e-17,22.07178400174359,0.460688215160733,0.8163755333085376,0.32231912889903636,0.06881080288771957,6.639774055320148e-17,1.417502539487023e-17,21.309284798360228,0.2100874289617103,0.2607346328865887,21.0,21.941125969033262,36.0,34.5700063117249,68.07267705140184,9.956161817776774,11.07038294522257,0.9572711031455173,512.3128051757812,677.3161010742188,299.19623346803564,31.8720794258235,1.1596616132006747,9.619047164916992,32.0
907881686.995,907883251.995,907882491.3136687,907881689.945,907883247.77,0.10407060342755738,0.016259667515803974,2.143854430607682e-17,3.3494915082556186e-18,22.536679818205602,0.15761705467495446,0.18444866679072902,0.09198756188218803,0.016523525087749145,1.8949437747730734e-17,3.403846168076324e-18,22.67067722976431,0.17936251448542606,0.2149726872801878,0.23668507876028247,0.013016904210774154,4.8757126224618187e-17,2.6814822674194757e-18,21.644572800639192,0.058127778763939375,0.0614167161064465,308.0,330.6178836612876,691.0,643.2116553678422,1396.8683002452444,185.2449567459386,202.12337445121136,0.9317734454582015,683.46630859375,520.1892700195312,307.89382705016175,31.872109945970877,1.1594188733971695,7.525973796844482,32.0
