t0,t1,t_mean,t0_data,t1_data,cps_bgsub,cps_bgsub_err,flux_bgsub,flux_bgsub_err,mag_bgsub,mag_bgsub_err_1,mag_bgsub_err_2,cps_mcatbgsub,cps_mcatbgsub_err,flux_mcatbgsub,flux_mcatbgsub_err,mag_mcatbgsub,mag_mcatbgsub_err_1,mag_mcatbgsub_err_2,cps,cps_err,flux,flux_err,mag,mag_err_1,mag_err_2,counts,flat_counts,bg_counts,bg_flat_counts,exptime,bg,mcat_bg,responses,detxs,detys,detrad,racent,deccent,q_mean,flags
749492278.995,749492390.995,5e-324,0.0,5e-324,-0.009633465827508243,0.009313073288674286,-1.3486852158511541e-17,1.3038302604144001e-17,,,,-0.010586563944310323,0.009762909253964632,-1.4821189522034454e-17,1.3668072955550486e-17,,,,0.0,0.0,0.0,0.0,inf,,,5e-324,5e-324,4.0,3.7152375997073808,111.06993556362521,1.069988428715726,1.1758489751347454,5e-324,5e-324,5e-324,565.685424949238,160000.0,5e-324,5e-324,0.0
874603779.995,874605451.995,874604710.1946152,874603857.055,874605391.605,0.003319110834421766,0.004176650706606955,4.646755168190473e-18,5.847310989249737e-18,25.017445612595473,0.8844850178528603,,0.004879155961542528,0.00406246800243739,6.83081834615954e-18,5.687455203412347e-18,24.599138248757683,0.6576792533944555,1.9407213697791548,0.01612335497899333,0.003118169142049422,2.2572696970590665e-17,4.365436798869191e-18,23.30136146072242,0.19196013454326177,0.23334713326453027,26.0,26.73692714630074,75.0,73.72546758837545,1658.2731808073156,21.232934665452134,18.645953670298635,0.9738598244759119,348.0570068359375,581.2774658203125,188.57251696118502,17.58341274742513,0.9498479513596424,15.423076629638672,0.0
906829923.995,906830322.995,906830112.3161111,906829950.305,906830278.99,0.014896443698398978,0.009259889654311957,2.085502117775857e-17,1.2963845516036741e-17,23.38729350120213,0.5248710365950657,1.0551723102100858,0.012241986222653916,0.0096188270777023,1.7138780711715483e-17,1.346635790878322e-17,23.600370283997965,0.6295360720493726,1.672568116787236,0.024242687425742992,0.00786679984028167,3.393976239604019e-17,1.1013519776394338e-17,22.858548095187963,0.30513152187951675,0.42593978383624176,9.0,9.496538281414718,13.0,12.712447598892682,391.72795138753753,3.661184908481093,4.701010097500041,0.9490461796647528,99.10872650146484,257.438720703125,332.9553676130359,17.5830389558254,0.950079644520248,6.55555534362793,32.0
