t0,t1,t_mean,t0_data,t1_data,cps_bgsub,cps_bgsub_err,flux_bgsub,flux_bgsub_err,mag_bgsub,mag_bgsub_err_1,mag_bgsub_err_2,cps_mcatbgsub,cps_mcatbgsub_err,flux_mcatbgsub,flux_mcatbgsub_err,mag_mcatbgsub,mag_mcatbgsub_err_1,mag_mcatbgsub_err_2,cps,cps_err,flux,flux_err,mag,mag_err_1,mag_err_2,counts,flat_counts,bg_counts,bg_flat_counts,exptime,bg,mcat_bg,responses,detxs,detys,detrad,racent,deccent,q_mean,flags
753629995.995,753630115.995,753630065.2892106,753630001.313,753630110.382,0.12772631790484248,0.053134350335227204,2.631162148839755e-17,1.0945676169056804e-17,22.314299018720373,0.3776593465452791,0.5839708237243535,0.06894031230590228,0.05812540491407689,1.420170433501587e-17,1.1973833412299839e-17,22.983816883825007,0.6638878642514285,2.0111261038688397,0.2133022738124829,0.044887557694733765,4.3940268405371476e-17,9.246836885115155e-18,21.75751128731465,0.20735912258153633,0.2565386187445604,19.0,22.58078405224701,37.0,31.455949842989657,105.86283797470487,9.059313554781024,15.282566940681725,0.8415424979510812,407.6698303222656,225.83331298828125,174.3354845170952,35.10976336675037,0.2274100016131015,13.210526466369629,0.0
908881353.995,908883049.995,908882205.4569384,908881354.79,908883047.845,0.09919918975023789,0.014326231827279138,2.0435033088549005e-17,2.9512037564195022e-18,22.588729687770744,0.1464624961004013,0.16934696693745366,0.06761460863646805,0.015036981353393424,1.3928609379112418e-17,3.0976181587990454e-18,23.004898653460472,0.21802668501623046,0.27309888798275495,0.20490583941301826,0.011635892097937037,4.221060291908176e-17,2.3969937721750295e-18,21.801114162211807,0.05996817511804409,0.06347501712340531,276.0,310.10537914194776,624.0,555.4753419743691,1513.4043033145783,159.97689848861833,207.77713946458596,0.8902466936543415,369.2247619628906,568.7553100585938,171.53853779606743,35.10959846550383,0.22722753519116173,13.007246017456055,0.0
