t0,t1,t_mean,t0_data,t1_data,cps_bgsub,cps_bgsub_err,flux_bgsub,flux_bgsub_err,mag_bgsub,mag_bgsub_err_1,mag_bgsub_err_2,cps_mcatbgsub,cps_mcatbgsub_err,flux_mcatbgsub,flux_mcatbgsub_err,mag_mcatbgsub,mag_mcatbgsub_err_1,mag_mcatbgsub_err_2,cps,cps_err,flux,flux_err,mag,mag_err_1,mag_err_2,counts,flat_counts,bg_counts,bg_flat_counts,exptime,bg,mcat_bg,responses,detxs,detys,detrad,racent,deccent,q_mean,flags
753629556.995,753629671.995,753629615.2864075,753629567.556,753629660.645,0.18115472411202968,0.06333408210114028,3.7317873167078114e-17,1.3046820912834897e-17,21.934875840120604,0.32552329006685454,0.4670706976295236,0.15193614897642385,0.0655663437872754,3.1298846689143313e-17,1.3506666820178731e-17,22.125847213907328,0.38950781066633056,0.6132479360207732,0.2942368003925939,0.05382929682875515,6.061278088087435e-17,1.108883514672356e-17,21.40825752677835,0.18241183587431564,0.2193724265264123,27.0,29.878346895819895,44.0,39.87134278767666,101.5452413020868,11.48294672285088,14.449953985499127,0.9038608308249153,590.4716186523438,261.68304443359375,235.39544963572058,32.78137921004896,0.1471631441002706,13.703703880310059,0.0
911070896.995,911072029.995,911071436.7809525,911070902.395,911072010.31,0.09790657685889038,0.017337085878594664,2.016875483293142e-17,3.571439690990501e-18,22.60297033388371,0.17701296591835813,0.2116031164186971,0.0720342868110029,0.018053646397409473,1.4839063083066598e-17,3.719051157866351e-18,22.936151848211484,0.24281840690342094,0.3132530702424603,0.20227888111828818,0.014080855700722882,4.166944951036736e-17,2.9006562743489138e-18,21.815123643203552,0.07306475443485994,0.07833870060334291,189.0,206.3683014415686,403.0,369.73045971641386,1020.2167438373807,106.48237239832721,132.87771590659924,0.9162821240307811,445.5002746582031,632.6700439453125,237.077253956354,32.781224640206965,0.1471568991283439,11.20634937286377,0.0
