t0,t1,t_mean,t0_data,t1_data,cps_bgsub,cps_bgsub_err,flux_bgsub,flux_bgsub_err,mag_bgsub,mag_bgsub_err_1,mag_bgsub_err_2,cps_mcatbgsub,cps_mcatbgsub_err,flux_mcatbgsub,flux_mcatbgsub_err,mag_mcatbgsub,mag_mcatbgsub_err_1,mag_mcatbgsub_err_2,cps,cps_err,flux,flux_err,mag,mag_err_1,mag_err_2,counts,flat_counts,bg_counts,bg_flat_counts,exptime,bg,mcat_bg,responses,detxs,detys,detrad,racent,deccent,q_mean,flags
753889498.995,753889622.995,753889563.5496788,753889499.203,753889622.33,0.08454791074063063,0.06686280246748337,1.741686961256991e-17,1.3773737308301574e-17,22.76224279940942,0.6326343123288183,1.698737893014549,0.0453053025802974,0.06963088405226876,9.332892331541264e-18,1.4343962114767364e-17,23.43962741182267,1.0107693717204,,0.2744436710673704,0.051403584312891104,5.65353962398783e-17,1.0589138368455566e-17,21.483866950028926,0.18640211821275798,0.2251757366143181,28.0,28.504907377328642,70.0,68.48401205823629,103.86432766500657,19.723395472772054,23.799302585166366,0.9823563406198208,708.9669799804688,499.3180847167969,324.5376352136439,54.1435853195416,1.0216934049807436,8.678571701049805,32.0
912301288.995,912302507.995,912301892.9997537,912301292.05,912302494.64,0.052107376775012614,0.018851838511474588,1.0734119615652598e-17,3.883478733363765e-18,23.287751974577475,0.33527398492044114,0.4875880714748817,0.017424788170317205,0.019709571743817433,3.589506363085344e-18,4.060171779226391e-18,24.477081232073665,0.8215210880026227,,0.21238411796895168,0.014231734691022605,4.3751128301604044e-17,2.9317373463506566e-18,21.762194907021794,0.07042062496577373,0.0753068425311838,203.0,222.70419428864514,641.0,583.5584674126208,1048.5915633352686,168.0648386148348,204.43270842034633,0.9116752651853097,716.775634765625,508.8443603515625,334.95357523320365,54.14338560394284,1.0219095199587227,6.517241477966309,32.0
