t0,t1,t_mean,t0_data,t1_data,cps_bgsub,cps_bgsub_err,flux_bgsub,flux_bgsub_err,mag_bgsub,mag_bgsub_err_1,mag_bgsub_err_2,cps_mcatbgsub,cps_mcatbgsub_err,flux_mcatbgsub,flux_mcatbgsub_err,mag_mcatbgsub,mag_mcatbgsub_err_1,mag_mcatbgsub_err_2,cps,cps_err,flux,flux_err,mag,mag_err_1,mag_err_2,counts,flat_counts,bg_counts,bg_flat_counts,exptime,bg,mcat_bg,responses,detxs,detys,detrad,racent,deccent,q_mean,flags
749492422.995,749492678.995,749492628.008,749492585.57,749492670.446,-0.008913865446140423,0.012080048077695884,-1.2479411624596592e-17,1.6912067308774238e-17,,,,,,,,,,,0.01072225884121688,0.007179141073989257,1.5011162377703633e-17,1.0050797503584961e-17,23.74428428219216,0.5565017690938845,1.2022517483444268,2.0,2.2306303101817146,15.0,14.184191845709531,208.03734951884059,4.085047251564346,,0.8969924119699264,502.39215087890625,605.5658569335938,229.65511990472024,17.030311649567253,-0.14025296268009452,19.0,32.0
875775362.995,875776302.995,875775838.0600001,875775379.0,875776295.01,0.0005094456486044196,0.004527532427583407,7.132239080461875e-19,6.33854539861677e-18,27.052255357261114,2.487680508670149,,-0.0015149425482434524,0.0047633874785766835,-2.1209195675408333e-18,6.668742470007357e-18,,,,0.009723263350998494,0.003244225808272573,1.3612568691397892e-17,4.5419161315816026e-18,23.850469878457773,0.31260961245444463,0.4407538803718154,9.0,8.982597658562531,30.0,29.555412598095877,923.825400413545,8.511958828251615,10.382140064797055,1.0040795629221995,289.6546630859375,615.6358642578125,242.2290637658737,17.0298955498287,-0.140163723554898,13.55555534362793,0.0
878715402.995,878716883.995,878716268.3753846,878715481.385,878716824.855,0.00236400555609518,0.0035250718414042252,3.3096077785332524e-18,4.935100577965916e-18,25.38587876768059,0.9909969229168603,,-0.0013183855199146494,0.0038664921626115284,-1.8457397278805093e-18,5.41308902765614e-18,,,,0.010247886616031454,0.002650117044675936,1.4347041262444038e-17,3.710163862546311e-18,23.793414220820477,0.24972046047713903,0.3248704843396304,13.0,14.953350484422543,46.0,39.94402058872636,1459.16431794142,11.503877929553193,16.877091592372647,0.8703476741658225,487.490234375,621.7003784179688,238.33925170156715,17.030148372042518,-0.1402322620702152,19.846153259277344,0.0
