t0,t1,t_mean,t0_data,t1_data,cps_bgsub,cps_bgsub_err,flux_bgsub,flux_bgsub_err,mag_bgsub,mag_bgsub_err_1,mag_bgsub_err_2,cps_mcatbgsub,cps_mcatbgsub_err,flux_mcatbgsub,flux_mcatbgsub_err,mag_mcatbgsub,mag_mcatbgsub_err_1,mag_mcatbgsub_err_2,cps,cps_err,flux,flux_err,mag,mag_err_1,mag_err_2,counts,flat_counts,bg_counts,bg_flat_counts,exptime,bg,mcat_bg,responses,detxs,detys,detrad,racent,deccent,q_mean,flags
780823874.995,780823969.995,780823920.36515,780823877.077,780823965.299,0.1505400432852055,0.06573988306269186,3.1011248916752334e-17,1.3542415910914523e-17,22.135869908569507,0.39341044109124823,0.6231384093828147,0.12011524952000831,0.06843019683730323,2.474374140112171e-17,1.4096620548484463e-17,22.381004630494235,0.4895447505799275,0.9155829612876509,0.2574064802965585,0.05526182502506722,5.302573494109105e-17,1.1383935955163846e-17,21.55345130945311,0.21116095882236507,0.26239303298636685,20.0,21.69644129432319,34.0,31.276480144132496,84.28863667040036,9.00762628151016,11.572090668956728,0.9218818326429512,531.2037353515625,531.3861694335938,185.67914715615174,26.54481239435459,0.6671694483742552,13.050000190734863,0.0
781989535.995,781989646.995,781989580.1290555,781989541.727,781989625.572,0.13690390110299672,0.055473764532968026,2.8202203627217324e-17,1.1427595493791413e-17,22.238960440962213,0.3693470674141359,0.5640766511186861,,,,,,,,0.2201713109291098,0.04725333917330574,4.535529005139662e-17,9.734187869700983e-18,21.72309817931554,0.21110176993311214,0.2623014886164228,18.0,21.709831342297694,34.0,28.5087574409423,98.60426978739191,8.210522142991383,,0.8293531931197908,496.1437072753906,228.82215881347656,196.32999200818668,26.5446664165932,0.6668708087256346,12.05555534362793,0.0
908443641.995,908445274.995,908444449.6045393,908443646.565,908445263.97,0.2232019022795596,0.01667574155275158,4.597959186958928e-17,3.4352027598668255e-18,21.70825527090878,0.07822970686954278,0.08430704988879967,0.1758390439024682,0.017622390586472463,3.622284304390845e-17,3.630212460813327e-18,21.967211715807647,0.10369772500989782,0.11465779958469113,0.3144246762988986,0.014681454773060418,6.477148331757311e-17,3.024379683250446e-18,21.336208443796078,0.04954837640771714,0.051918129630838195,369.0,458.6644304515903,574.0,462.0502677380035,1458.7418387466969,133.07047710854502,202.1606602258427,0.804796396398007,408.56024169921875,284.2671203613281,116.04902915323486,26.544661245205443,0.6670840807293519,13.252032279968262,0.0
