t0,t1,t_mean,t0_data,t1_data,cps_bgsub,cps_bgsub_err,flux_bgsub,flux_bgsub_err,mag_bgsub,mag_bgsub_err_1,mag_bgsub_err_2,cps_mcatbgsub,cps_mcatbgsub_err,flux_mcatbgsub,flux_mcatbgsub_err,mag_mcatbgsub,mag_mcatbgsub_err_1,mag_mcatbgsub_err_2,cps,cps_err,flux,flux_err,mag,mag_err_1,mag_err_2,counts,flat_counts,bg_counts,bg_flat_counts,exptime,bg,mcat_bg,responses,detxs,detys,detrad,racent,deccent,q_mean,flags
753712846.995,753712963.995,753712849.293,753712849.293,753712849.293,-0.025934051514960855,0.019312657753403514,-3.6307672120945197e-17,2.703772085476492e-17,,,,,,,,,,,0.008367255547411424,0.008552233590124594,1.1714157766375993e-17,1.1973127026174433e-17,24.013542417162874,0.7645105319909327,,1.0,0.9572094058315554,13.0,13.625175528970523,114.3994467968278,3.924050552343511,,1.044703482757016,369.2974853515625,592.1881713867188,194.6251207493737,51.5636739222235,0.220582593560203,17.0,0.0
913341877.995,913343578.995,913342768.19375,913341889.395,913343560.945,-0.00047176932837044447,0.005183316609322019,-6.604770597186223e-19,7.256643253050827e-18,,,,-0.007710720311687131,0.005587945634450776,-1.0795008436361983e-17,7.823123888231087e-18,,,,0.022076063010256712,0.0036457325912115004,3.09064882143594e-17,5.104025627696101e-18,22.960195937566972,0.1659491445222443,0.19597125912737923,36.0,36.666852255065784,133.0,130.03621285421698,1660.9325783329245,37.4504293020145,49.47383882316034,0.9824939894068438,212.6563262939453,459.9108581542969,196.69001754655716,51.56402689764644,0.22179170832277914,9.833333015441895,0.0
913353706.995,913355013.995,913354339.7883333,913353737.52,913355008.285,-0.005012059511350315,0.006245858275055495,-7.016883315890442e-18,8.744201585077693e-18,,,,,,,,,,,0.022427802065882473,0.004188668318990177,3.1398922892235465e-17,5.864135646586248e-18,22.943033213437865,0.18590937114859685,0.2244562665315719,30.0,28.669590203958542,117.0,121.79352469811343,1278.305833078988,35.07653511305667,,1.0478538373181547,386.2890930175781,593.1299438476562,193.61602253139972,51.563848773245844,0.22171520311031198,15.466666221618652,65.0
