t0,t1,t_mean,t0_data,t1_data,cps_bgsub,cps_bgsub_err,flux_bgsub,flux_bgsub_err,mag_bgsub,mag_bgsub_err_1,mag_bgsub_err_2,cps_mcatbgsub,cps_mcatbgsub_err,flux_mcatbgsub,flux_mcatbgsub_err,mag_mcatbgsub,mag_mcatbgsub_err_1,mag_mcatbgsub_err_2,cps,cps_err,flux,flux_err,mag,mag_err_1,mag_err_2,counts,flat_counts,bg_counts,bg_flat_counts,exptime,bg,mcat_bg,responses,detxs,detys,detrad,racent,deccent,q_mean,flags
754203447.995,754203561.995,754203543.129,754203543.129,754203543.129,-0.04691966120415675,0.02435642639500089,-6.568752568581945e-17,3.4098996953001245e-17,,,,,,,,,,,0.008788126220080895,0.008990743582506597,1.2303376708113254e-17,1.2587041015509237e-17,23.960259285304232,0.7650196591590372,,1.0,0.955435444019718,20.0,21.029477602993843,108.71890322154741,6.056489549662229,,1.0466431889869916,247.6187286376953,419.79913330078125,153.6621539008693,57.6502249170009,0.788580435401917,9.0,0.0
913436514.995,913437719.995,913437156.2839423,913436557.245,913437677.635,0.024231437370895986,0.008383473324361807,3.392401231925438e-17,1.1736862654106531e-17,22.859052058575585,0.3225925428098577,0.4610142482496151,,,,,,,,0.052901805646397564,0.006751312586461219,7.40625279049566e-17,9.451837621045706e-18,22.011323760891067,0.1304066368134471,0.14823537591723124,52.0,61.39946099310997,135.0,115.54066073457139,1160.630724091193,33.275710291556564,,0.8482105482170603,539.9852905273438,469.0038757324219,156.06862730901543,57.6495786056948,0.7876374923205436,15.326923370361328,0.0
913709834.995,913710185.995,913710045.4945832,913709845.73,913710184.755,0.013160394356755756,0.014454236733322395,1.842455209945806e-17,2.0235931426651354e-17,23.52182774177536,0.80467585618306,,,,,,,,,0.041785638973109496,0.011134963301496817,5.84998945623533e-17,1.5588948622095543e-17,22.267432380871742,0.25649432619147206,0.3364674874718965,12.0,14.082394788462045,40.0,33.49702107177497,337.01518355443966,9.647142068671192,,0.8533035576533989,541.8496704101562,401.739501953125,141.86033576202647,57.64969445552469,0.7874278688032005,13.666666984558105,0.0
