t0,t1,t_mean,t0_data,t1_data,cps_bgsub,cps_bgsub_err,flux_bgsub,flux_bgsub_err,mag_bgsub,mag_bgsub_err_1,mag_bgsub_err_2,cps_mcatbgsub,cps_mcatbgsub_err,flux_mcatbgsub,flux_mcatbgsub_err,mag_mcatbgsub,mag_mcatbgsub_err_1,mag_mcatbgsub_err_2,cps,cps_err,flux,flux_err,mag,mag_err_1,mag_err_2,counts,flat_counts,bg_counts,bg_flat_counts,exptime,bg,mcat_bg,responses,detxs,detys,detrad,racent,deccent,q_mean,flags
753629995.995,753630115.995,753630050.8044547,753630000.894,753630109.166,0.12611034218867528,0.05630588303191675,2.5978730490867108e-17,1.159901190457485e-17,22.32812323972722,0.4007819010566358,0.642168843925564,0.08866157201544543,0.059364134728092974,1.8264283835181757e-17,1.2229011753987153e-17,22.710661431757597,0.5565042899644475,1.2022644849882873,0.23086642570411273,0.046699112110147496,4.755848369504722e-17,9.620017094690385e-18,21.671598051982002,0.20001191117438566,0.2453705650356497,22.0,24.440175018113727,43.0,38.50616769465071,105.86283797470487,11.089776296059407,15.05420938526,0.9004430484311524,241.135009765625,263.9749755859375,209.1432341459182,35.315026115647406,0.42430719903837333,12.090909004211426,0.0
908881353.995,908883049.995,908882166.6097075,908881359.57,908883041.75,0.03154672771874481,0.012752692248105667,6.498625910061431e-18,2.6270546031097675e-18,23.83261420653262,0.3686093061283735,0.5623356880192816,0.0025042092116667317,0.013484114770620986,5.158670976033467e-19,2.777727642747923e-18,26.58332347811396,2.012830828318524,,0.13883671223621494,0.00957799658969985,2.860036272066028e-17,1.973067297478169e-18,22.223739198294126,0.07243155923278266,0.07761121088720557,188.0,210.11607775633547,629.0,563.7955703864367,1513.4043033145783,162.3731242712938,206.32619675899903,0.8949641695419112,538.0471801757812,542.5687866210938,198.45121030897133,35.314840094643316,0.42450358563170376,11.797872543334961,0.0
