t0,t1,t_mean,t0_data,t1_data,cps_bgsub,cps_bgsub_err,flux_bgsub,flux_bgsub_err,mag_bgsub,mag_bgsub_err_1,mag_bgsub_err_2,cps_mcatbgsub,cps_mcatbgsub_err,flux_mcatbgsub,flux_mcatbgsub_err,mag_mcatbgsub,mag_mcatbgsub_err_1,mag_mcatbgsub_err_2,cps,cps_err,flux,flux_err,mag,mag_err_1,mag_err_2,counts,flat_counts,bg_counts,bg_flat_counts,exptime,bg,mcat_bg,responses,detxs,detys,detrad,racent,deccent,q_mean,flags
751279218.995,751280854.995,751280094.2376583,751279224.31,751280849.83,0.011875814083676665,0.015050111195633476,2.446417701237393e-18,3.100322906300496e-18,24.893341524798714,0.8887681154753047,,0.006530133062234475,0.015174421948569817,1.3452074108203017e-18,3.1259309214053824e-18,25.542694922920504,1.304072138701315,,0.16707078502478379,0.010836346549056271,3.441658171510546e-17,2.2322873891055917e-18,22.022748716855407,0.06823211068928003,0.07280935603527539,237.0,237.703324433851,769.0,766.6901762178984,1422.7701414019775,220.80677075075477,228.41244609352194,0.9973220289574076,174.78500366210938,497.48455810546875,245.4078923842805,37.63871358205101,-1.1737420750209462,11.198311805725098,0.0
815202103.995,815202219.995,815202189.3415,815202169.029,815202219.126,-0.027035637702202818,0.046432328594398914,-5.5693413666537805e-18,9.565059690446176e-18,,,,,,,,,,,0.0891722364634558,0.030595397639939827,1.8369480711471895e-17,6.302651913827604e-18,22.704425852500485,0.3202745289064417,0.4562593207430794,8.0,8.494681773794952,41.0,38.43797711178683,95.26150863420597,11.07013740819461,,0.9417876220606816,627.3016357421875,462.89776611328125,235.84351293413843,37.63870963842224,-1.1735174083468773,9.125,0.0
909608887.995,909610534.995,909609653.7845055,909608888.59,909610517.64,0.044513420405060025,0.014267373326039078,9.169764603442364e-18,2.9390789051640497e-18,23.45877258326861,0.30186119866441175,0.41955585718954325,0.0029189270465343176,0.015307422849569331,6.012989715860695e-19,3.1533291070112822e-18,26.416941898264387,1.9886911564758591,,0.15988829607938623,0.010873724054035893,3.293698899235356e-17,2.239987155131394e-18,22.070458314276877,0.071436524060978,0.07646983615623526,182.0,216.2104762597773,641.0,541.7249241267225,1352.2595559616602,156.01677814849612,212.26332926794632,0.8421253814192488,272.4073791503906,189.8758544921875,245.82927698030707,37.638695045854995,-1.173660692758747,9.60988998413086,0.0
