t0,t1,t_mean,t0_data,t1_data,cps_bgsub,cps_bgsub_err,flux_bgsub,flux_bgsub_err,mag_bgsub,mag_bgsub_err_1,mag_bgsub_err_2,cps_mcatbgsub,cps_mcatbgsub_err,flux_mcatbgsub,flux_mcatbgsub_err,mag_mcatbgsub,mag_mcatbgsub_err_1,mag_mcatbgsub_err_2,cps,cps_err,flux,flux_err,mag,mag_err_1,mag_err_2,counts,flat_counts,bg_counts,bg_flat_counts,exptime,bg,mcat_bg,responses,detxs,detys,detrad,racent,deccent,q_mean,flags
780112827.995,780112935.995,780112894.274409,780112842.274,780112935.489,0.09249269692305254,0.06417020161813904,1.905349556614882e-17,1.3219061533336641e-17,22.664731392780297,0.5721467865260514,1.284939823533552,,,,,,,,0.23677903507146644,0.05058308157941748,4.8776481224722086e-17,1.042011480536e-17,21.64414188405195,0.21021566886140874,0.26093251986602084,22.0,21.911692556530046,46.0,46.36234593182657,92.54067848497014,13.352355628366054,,1.0042919787172617,156.08267211914062,589.3809204101562,308.80543365675516,21.607152668024263,0.5648953259592013,10.318181991577148,32.0
781402923.995,781403325.995,781403106.9683659,781402932.429,781403323.842,0.1133316180339591,0.041660295206490956,2.3346313314995572e-17,8.582020812537138e-18,22.444122276929335,0.3398948751507369,0.497514172432318,0.076197822629473,0.04387415698728167,1.569675146167144e-17,9.038076339380025e-18,22.87514359637263,0.4937477735471809,0.931054889250877,0.22683951213478815,0.03401108390248376,4.6728939499766355e-17,7.006283283911655e-18,21.69070323856249,0.15168282209215178,0.1763691082376937,41.0,44.48324527669752,83.0,77.28786983781286,196.10007470949571,22.258906513290107,29.540846566356958,0.9228036240247556,428.96923828125,299.69232177734375,104.4071217734489,21.607421393380335,0.564776917545308,8.341463088989258,36.0
875378931.995,875380467.995,875379677.9119262,875378941.855,875380465.075,0.07449095358479493,0.015367245512238243,1.5345136438467757e-17,3.165652575521078e-18,22.89974116533592,0.20363544129508782,0.2508546747429463,0.058456383184119165,0.015740615652187845,1.2042014935928548e-17,3.2425668243506958e-18,23.162920147086005,0.2588859946774136,0.3406093171013609,0.20025375420806932,0.012043883230610732,4.125227336686228e-17,2.4810399455058105e-18,21.8260483333457,0.06341123617646005,0.0673456742048657,244.0,276.4574264575772,682.0,602.8472811544441,1380.5355487634458,173.62001697247993,195.75631141976297,0.8828031860184686,125.71086883544922,243.02235412597656,316.0324489338942,21.607192353918183,0.5647133786442149,7.766393661499023,32.0
