t0,t1,t_mean,t0_data,t1_data,cps_bgsub,cps_bgsub_err,flux_bgsub,flux_bgsub_err,mag_bgsub,mag_bgsub_err_1,mag_bgsub_err_2,cps_mcatbgsub,cps_mcatbgsub_err,flux_mcatbgsub,flux_mcatbgsub_err,mag_mcatbgsub,mag_mcatbgsub_err_1,mag_mcatbgsub_err_2,cps,cps_err,flux,flux_err,mag,mag_err_1,mag_err_2,counts,flat_counts,bg_counts,bg_flat_counts,exptime,bg,mcat_bg,responses,detxs,detys,detrad,racent,deccent,q_mean,flags
776272265.995,776272348.995,5e-324,-1.727233711018889e-77,5e-324,-0.009428591912862758,0.010988920311031047,-1.3200028678007862e-17,1.5384488435443466e-17,,,,,,,,,,,0.0,0.0,0.0,0.0,inf,,,5e-324,5e-324,3.0,2.556178292204745,78.07945820103313,0.7361793481549667,,5e-324,5e-324,5e-324,565.685424949238,160000.0,5e-324,5e-324,0.0
779822494.995,779823953.995,779823340.0034782,779822585.35,779823940.935,-0.0002513027425866842,0.0047083813718187305,-3.518238396213579e-19,6.591733920546223e-18,,,,0.0009501022111105068,0.004618704489051547,1.3301430955547095e-18,6.466186284672166e-18,26.37557417800553,1.9199795362018506,,0.015795563738457117,0.003316164723597459,2.2113789233839965e-17,4.642630613036443e-18,23.323662174138743,0.20691209004767686,0.2558536483155187,23.0,22.688097012077588,78.0,80.0314511056217,1436.3588022401104,23.049057918419052,21.32340933812122,1.0148023043924401,113.25775909423828,489.63812255859375,300.4265396656683,345.5758999977039,0.7290912136663619,8.739130020141602,97.0
907562127.995,907563826.995,907562727.531875,907562146.29,907563692.945,-0.000954030362287102,0.004245580224556825,-1.3356425072019429e-18,5.943812314379555e-18,,,,-0.000722048391667828,0.00422917814616418,-1.0108677483349593e-18,5.920849404629852e-18,,,,0.014563826269225,0.0029540900651899623,2.0389356776915e-17,4.135726091265947e-18,23.41181127593253,0.20051739548391367,0.2461328444956905,24.0,24.30544154496421,90.0,89.9222723059945,1668.8912031534142,25.89761442412642,25.51046175406972,0.9883388446936197,370.8190002441406,601.9208984375,204.01857751822175,345.57612410231496,0.7291546280483946,15.791666984558105,0.0
