t0,t1,t_mean,t0_data,t1_data,cps_bgsub,cps_bgsub_err,flux_bgsub,flux_bgsub_err,mag_bgsub,mag_bgsub_err_1,mag_bgsub_err_2,cps_mcatbgsub,cps_mcatbgsub_err,flux_mcatbgsub,flux_mcatbgsub_err,mag_mcatbgsub,mag_mcatbgsub_err_1,mag_mcatbgsub_err_2,cps,cps_err,flux,flux_err,mag,mag_err_1,mag_err_2,counts,flat_counts,bg_counts,bg_flat_counts,exptime,bg,mcat_bg,responses,detxs,detys,detrad,racent,deccent,q_mean,flags
753712400.995,753712519.995,753712461.18825,753712420.838,753712516.772,0.010696930200819197,0.024748760032195442,1.4975702281146876e-17,3.464826404507362e-17,23.746852095068874,1.30076068950806,,,,,,,,,0.04060870867367196,0.018780423550793807,5.685219214314075e-17,2.629259297111133e-17,22.29845205131894,0.4127195001875599,0.6739989038339402,4.0,4.6754949663092304,14.0,11.95798935018106,115.13527809714661,3.443900932852146,,0.8609159416624825,404.7540588378906,170.758544921875,229.2907451289086,51.625442599940556,1.1808864184821548,10.0,0.0
913318217.995,913319920.995,913319065.5313158,913318229.83,913319920.89,0.007225722525944034,0.005295304506755698,1.0116011536321648e-17,7.413426309457977e-18,24.17279679933803,0.5968966822949859,1.4330747937262203,,,,,,,,0.026943863447104942,0.00402382587197996,3.772140882594692e-17,5.633356220771945e-18,22.74385032800447,0.15112233127300811,0.17561135879902778,38.0,44.83749902266834,134.0,113.93443152250609,1664.1080114843749,32.81311627848176,,0.8487101660339099,450.6513671875,177.17884826660156,228.50563813123108,51.62540201936865,1.180488105198467,10.447368621826172,0.0
913324132.995,913325835.995,913325000.6309092,913324137.155,913325798.435,-0.00013951312171914728,0.005268692634343894,-1.9531837040680621e-19,7.376169688081452e-18,,,,-0.00858183374607387,0.0057312294858362905,-1.2014567244503418e-17,8.023721280170807e-18,,,,0.022960650959308385,0.0037198819040522297,3.214491134303174e-17,5.207834665673122e-18,22.917539508452148,0.1630257560936137,0.19190442445306033,33.0,38.09869397806564,153.0,133.09093271708886,1659.3037386259382,38.3301886225216,52.33856279719225,0.8673454648811306,317.3941345214844,179.47857666015625,235.4855137015549,51.62536019401953,1.1804725338103865,8.757575988769531,0.0
