t0,t1,t_mean,t0_data,t1_data,cps_bgsub,cps_bgsub_err,flux_bgsub,flux_bgsub_err,mag_bgsub,mag_bgsub_err_1,mag_bgsub_err_2,cps_mcatbgsub,cps_mcatbgsub_err,flux_mcatbgsub,flux_mcatbgsub_err,mag_mcatbgsub,mag_mcatbgsub_err_1,mag_mcatbgsub_err_2,cps,cps_err,flux,flux_err,mag,mag_err_1,mag_err_2,counts,flat_counts,bg_counts,bg_flat_counts,exptime,bg,mcat_bg,responses,detxs,detys,detrad,racent,deccent,q_mean,flags
749327273.995,749327387.995,5e-324,0.0010555555555555555,5e-324,-0.003997638749946028,0.0059757804248729484,-5.59669424992444e-18,8.366092594822129e-18,,,,,,,,,,,0.0,0.0,0.0,0.0,inf,,,5e-324,5e-324,2.0,1.55390814087706,111.94747013562328,0.44752554457259336,,5e-324,5e-324,5e-324,565.685424949238,160000.0,5e-324,5e-324,0.0
876893370.995,876895067.995,876893943.335,876893407.785,876895039.445,0.004110556284341384,0.003978729848284001,5.754778798077938e-18,5.570221787597601e-18,24.785248501957184,0.7350239956229103,3.7347452204520337,0.002450913389479289,0.004101412308697781,3.4312787452710046e-18,5.741977232176894e-18,25.34668008900141,1.0676687811988188,,0.01530699294251005,0.003023697597628869,2.142979011951407e-17,4.233176636680417e-18,23.357775295093504,0.19572235931615012,0.23893746906071556,24.0,25.62731187823766,70.0,65.08793781230534,1674.2224925881019,18.74532608994394,21.52393755418609,0.9373280353880133,205.6578826904297,325.65704345703125,208.07626906477472,12.58352326012888,-0.9189378336843997,6.833333492279053,0.0
