t0,t1,t_mean,t0_data,t1_data,cps_bgsub,cps_bgsub_err,flux_bgsub,flux_bgsub_err,mag_bgsub,mag_bgsub_err_1,mag_bgsub_err_2,cps_mcatbgsub,cps_mcatbgsub_err,flux_mcatbgsub,flux_mcatbgsub_err,mag_mcatbgsub,mag_mcatbgsub_err_1,mag_mcatbgsub_err_2,cps,cps_err,flux,flux_err,mag,mag_err_1,mag_err_2,counts,flat_counts,bg_counts,bg_flat_counts,exptime,bg,mcat_bg,responses,detxs,detys,detrad,racent,deccent,q_mean,flags
780823161.995,780823267.995,780823191.5218002,780823163.263,780823254.0,0.08635005689584549,0.05356620211432343,1.778811172054417e-17,1.1034637635550626e-17,22.739343429852084,0.5240138917090214,1.051506526842239,,,,,,,,0.17831317602348187,0.043508949220817036,3.673251426083726e-17,8.962843539488309e-18,21.952041411230574,0.2370535659469759,0.3036998143487999,15.0,16.796147558038673,34.0,30.077895835893493,94.19465197471894,8.662434000737328,,0.8931899572658296,488.2258605957031,499.0771789550781,132.66533031485287,26.53880977505838,-1.056558691871776,13.0,0.0
781988806.995,781988916.995,781988864.8982143,781988813.144,781988915.534,0.06227683717100275,0.05377182381535896,1.2829028457226565e-17,1.1076995705963945e-17,23.09418362971308,0.6757839641274508,2.161628870454294,,,,,,,,0.1724406446050023,0.042003461900562915,3.5522772788630476e-17,8.652713151515961e-18,21.988400905918134,0.23668619384708833,0.30309556916736113,14.0,16.854237246909378,45.0,37.386595132820545,97.73935423122661,10.76733939825232,,0.8307322742320293,476.15509033203125,284.1969299316406,138.5999596707632,26.53921584093902,-1.05623295876174,15.285714149475098,0.0
908479111.995,908480771.995,908479964.4841973,908479134.655,908480755.3,0.07149233539579437,0.013434674269447614,1.472742109153364e-17,2.7675428995062084e-18,22.944351289683965,0.18696587109722174,0.22599986996740995,0.03612786346238958,0.01428736695585661,7.442339873252253e-18,2.9431975929064618e-18,23.685394302690156,0.36179869377341944,0.5464494295819762,0.17075858753244214,0.010683573929853385,3.517626903168308e-17,2.200816229549797e-18,21.999043615541087,0.06588914267745949,0.07014751595650637,218.0,255.4653413231685,604.0,515.6542147213812,1496.0614573755072,148.50841383975782,201.4158372597626,0.8535807487005695,476.3608093261719,504.4064025878906,129.35095709847945,26.539345612487946,-1.0563748635376446,13.68807315826416,0.0
