t0,t1,t_mean,t0_data,t1_data,cps_bgsub,cps_bgsub_err,flux_bgsub,flux_bgsub_err,mag_bgsub,mag_bgsub_err_1,mag_bgsub_err_2,cps_mcatbgsub,cps_mcatbgsub_err,flux_mcatbgsub,flux_mcatbgsub_err,mag_mcatbgsub,mag_mcatbgsub_err_1,mag_mcatbgsub_err_2,cps,cps_err,flux,flux_err,mag,mag_err_1,mag_err_2,counts,flat_counts,bg_counts,bg_flat_counts,exptime,bg,mcat_bg,responses,detxs,detys,detrad,racent,deccent,q_mean,flags
777390387.995,777392082.995,777391249.4514647,777390404.7,777392080.42,0.05666004795796787,0.01667106804616756,1.1671969879341381e-17,3.4342400175105172e-18,23.19680765555413,0.28002839166070004,0.378341530056467,0.004999589577448785,0.017715378367822235,1.0299154529544498e-18,3.64936794377138e-18,25.832664114942546,1.6434444356596032,,0.2282417369661033,0.012595831374764803,4.701779781501728e-17,2.594741263201549e-18,21.68401234067236,0.05832292473773748,0.06163461749749999,297.0,328.3495697798842,947.0,857.0769958642538,1438.6044119031924,246.83817480890514,321.15713815606114,0.9047438340328964,608.528564453125,351.7453308105469,214.03895741538423,338.3289302046569,0.913021071153495,13.164982795715332,0.0
1002452261.995,1002452343.995,1002452303.3605,1002452270.09,1002452336.74,0.023922486512569816,0.06798315078307375,4.928032221589382e-18,1.4004529061313193e-17,24.132984203999534,1.4613395812489323,,-0.080633935558408,0.07852210372194993,-1.6610590725032048e-17,1.6175553366721684e-17,,,,0.16844621242953994,0.049874735059230825,3.469991976048523e-17,1.027419542220155e-17,22.013846874581056,0.2815853932209542,0.3812025476723484,10.0,11.406733550228806,39.0,33.98182574136469,67.71736440794224,9.786765813513032,16.86705114808405,0.8768967751738665,217.64791870117188,350.5719909667969,188.93228848188133,338.3288181142476,0.9131360431274664,10.399999618530273,0.0
