t0,t1,t_mean,t0_data,t1_data,cps_bgsub,cps_bgsub_err,flux_bgsub,flux_bgsub_err,mag_bgsub,mag_bgsub_err_1,mag_bgsub_err_2,cps_mcatbgsub,cps_mcatbgsub_err,flux_mcatbgsub,flux_mcatbgsub_err,mag_mcatbgsub,mag_mcatbgsub_err_1,mag_mcatbgsub_err_2,cps,cps_err,flux,flux_err,mag,mag_err_1,mag_err_2,counts,flat_counts,bg_counts,bg_flat_counts,exptime,bg,mcat_bg,responses,detxs,detys,detrad,racent,deccent,q_mean,flags
750688013.995,750688124.995,750688066.0388,750688021.247,750688099.81,0.038333842188600545,0.04611969748414615,7.896771490851711e-18,9.500657681734106e-18,23.62104412342157,0.8575887652384537,,,,,,,,,0.1228601385305399,0.03549782772226513,2.530918853729122e-17,7.312552510786617e-18,22.356472498322205,0.27557228730489314,0.370217219239688,10.0,11.97894157188643,34.0,28.615859726488193,97.50063539859,8.241367601228601,,0.83508479469377,434.629150390625,266.0667724609375,138.337585260864,359.7038819940955,0.43200991190781,16.200000762939453,0.0
845560507.995,845562190.995,845561380.837225,845560510.015,845562183.31,0.0663696208768526,0.012859215865401825,1.3672141900631635e-17,2.6489984682727758e-18,23.025076657927478,0.19228485680842056,0.23382774684710128,0.013526665276689859,0.014167120544305143,2.7864930469981107e-18,2.9184268321268592e-18,24.75202314162421,0.7779789644281685,,0.15678604444486186,0.010240986351864344,3.229792515564154e-17,2.1096431884840546e-18,22.0917314914108,0.06869839346976647,0.07334056508072351,191.0,234.3857650587688,577.0,469.33037805734057,1494.9402281859152,135.1671488805141,214.16420898343958,0.8151430313706347,402.29901123046875,263.9177551269531,136.10166355458597,359.70389777348987,0.43179901203603616,13.277486801147461,0.0
878685823.995,878687191.995,878686510.7004412,878685824.235,878687182.3,0.07548129467715799,0.014810726660537963,1.5549146703494546e-17,3.0510096920708203e-18,22.885401648244333,0.19452508709278504,0.2371531993498479,0.026657490513653286,0.016110123590944995,5.491443045812577e-18,3.318685459734669e-18,24.015451841672398,0.513239398568242,1.0066880219598247,0.17101945202023391,0.01186324719151174,3.5230007116168183e-17,2.443828921451418e-18,21.99738622366008,0.07281778106002079,0.0780548398498695,170.0,207.818335235233,492.0,403.1092129502224,1215.1736704819127,116.09545332966407,175.42485464192018,0.8183558289763817,342.1956787109375,283.5190124511719,130.03522607370442,359.70388768726525,0.4318974975728639,13.070588111877441,0.0
