t0,t1,t_mean,t0_data,t1_data,cps_bgsub,cps_bgsub_err,flux_bgsub,flux_bgsub_err,mag_bgsub,mag_bgsub_err_1,mag_bgsub_err_2,cps_mcatbgsub,cps_mcatbgsub_err,flux_mcatbgsub,flux_mcatbgsub_err,mag_mcatbgsub,mag_mcatbgsub_err_1,mag_mcatbgsub_err_2,cps,cps_err,flux,flux_err,mag,mag_err_1,mag_err_2,counts,flat_counts,bg_counts,bg_flat_counts,exptime,bg,mcat_bg,responses,detxs,detys,detrad,racent,deccent,q_mean,flags
753712552.995,753712666.995,753712592.5531667,753712573.548,753712606.961,0.01858937093067098,0.029460946433125537,2.6025119302939373e-17,4.1245325006375755e-17,23.146838266554774,1.0310789176843116,,,,,,,,,0.0571400398845909,0.022765756071685468,7.999605583842726e-17,3.187205850035966e-17,21.927648652023034,0.36409435689547465,0.5517672019243243,6.0,6.299657262377415,15.0,14.757602679578229,110.2494376115453,4.250189571718531,,0.9528445840286163,289.1860656738281,390.0947265625,111.25575258258233,52.27578775963556,0.7136877127364247,8.0,0.0
882815355.995,882817031.995,882816261.9168179,882815364.23,882817023.145,0.0029179555876199517,0.006334261416201747,4.0851378226679326e-18,8.867965982682447e-18,25.157303306293507,1.2529178319682757,,-0.0008286093496302291,0.006513996360643539,-1.1600530894823207e-18,9.119594904900955e-18,,,,0.0340065404170397,0.00457828659448087,4.760915658385559e-17,6.4096012322732184e-18,22.491093869610452,0.13713526337352633,0.15699489730547356,55.0,55.17202869985526,174.0,175.13178198508962,1622.394634186609,50.43795321170582,56.5163600625322,0.9977174380187258,288.2445373535156,422.9693603515625,114.0915200454867,52.27628020029698,0.7135195487739333,9.018181800842285,0.0
912295094.995,912296592.995,912295868.9878049,912295220.955,912296577.66,0.004645022921708286,0.006278403005427818,6.5030320903916004e-18,8.789764207598945e-18,24.652530346400358,0.9284275164765425,,,,,,,,,0.031156874993725117,0.004614832606969743,4.3619624991215165e-17,6.46076564975764e-18,22.586115270393456,0.1499644507811304,0.17404888362743165,41.0,45.58226257869441,150.0,134.67580086853891,1462.9921193275807,38.786630650139216,,0.9004218469889241,293.1479187011719,347.7950134277344,118.92320169294892,52.27609761071976,0.7137033962896475,6.219511985778809,0.0
