t0,t1,t_mean,t0_data,t1_data,cps_bgsub,cps_bgsub_err,flux_bgsub,flux_bgsub_err,mag_bgsub,mag_bgsub_err_1,mag_bgsub_err_2,cps_mcatbgsub,cps_mcatbgsub_err,flux_mcatbgsub,flux_mcatbgsub_err,mag_mcatbgsub,mag_mcatbgsub_err_1,mag_mcatbgsub_err_2,cps,cps_err,flux,flux_err,mag,mag_err_1,mag_err_2,counts,flat_counts,bg_counts,bg_flat_counts,exptime,bg,mcat_bg,responses,detxs,detys,detrad,racent,deccent,q_mean,flags
780823161.995,780823267.995,780823256.766,780823256.766,780823256.766,0.006758015483501961,0.014167859967800801,9.461221676902745e-18,1.9835003954921124e-17,24.24545204383557,1.227161134120891,,,,,,,,,0.013931502411941164,0.011510936665697465,1.950410337671763e-17,1.6115311331976453e-17,23.46000511381604,0.6539019719785948,1.9002026780960897,1.0,1.464787348130248,4.0,2.61887306632849,105.14209485939787,0.7542354431026053,,0.6826929528552158,682.6476440429688,391.4122619628906,282.77807540124957,26.1613049675217,-1.14688871440326,16.0,8.0
781988806.995,781988916.995,1.5e-323,-2.0038958743270756,1.5e-323,-0.006305030050357438,0.00760111230397845,-8.827042070500415e-18,1.0641557225569831e-17,,,,,,,,,,,0.0,0.0,0.0,0.0,inf,,,1.5e-323,1.5e-323,3.0,2.3890626327667177,109.12716239914013,0.6880500382368149,,1.5e-323,1.5e-323,1.5e-323,565.685424949238,160000.0,1.5e-323,1.5e-323,32.0
908479111.995,908480771.995,908480024.4459091,908479188.44,908480598.99,0.005467652891170868,0.00295133703281901,7.654714047639215e-18,4.131871845946614e-18,24.475497660020068,0.468647634389324,0.8425894534030789,0.00010020713580838668,0.0034599013387295085,1.4028999013174136e-19,4.843861874221312e-18,28.817753377512716,3.876411454731084,,0.009903303565551962,0.0024527320933872897,1.3864624991772747e-17,3.4338249307422056e-18,23.830549770838285,0.24024765330009146,0.3089762661872122,11.0,16.302715729702363,37.0,25.35389647941236,1646.1896398299218,7.301922186070761,16.137755780897567,0.6758135346914605,687.779541015625,400.7237548828125,287.7804511225427,26.16229989852317,-1.1459478836696235,15.454545021057129,8.0
