t0,t1,t_mean,t0_data,t1_data,cps_bgsub,cps_bgsub_err,flux_bgsub,flux_bgsub_err,mag_bgsub,mag_bgsub_err_1,mag_bgsub_err_2,cps_mcatbgsub,cps_mcatbgsub_err,flux_mcatbgsub,flux_mcatbgsub_err,mag_mcatbgsub,mag_mcatbgsub_err_1,mag_mcatbgsub_err_2,cps,cps_err,flux,flux_err,mag,mag_err_1,mag_err_2,counts,flat_counts,bg_counts,bg_flat_counts,exptime,bg,mcat_bg,responses,detxs,detys,detrad,racent,deccent,q_mean,flags
753629556.995,753629671.995,753629609.7630769,753629561.485,753629663.721,0.018831840600450084,0.05216677168837898,3.879359163692717e-18,1.074635496780607e-17,24.392768076278937,1.4408927269078298,,,,,,,,,0.1475871119788068,0.038123646090440354,3.04029450676342e-17,7.853471094630712e-18,22.1573789138852,0.2494715708488151,0.32444809891809,13.0,14.986768898966043,53.0,45.39751771191285,101.5452413020868,13.074485101030904,,0.8676768441153262,525.7752075195312,292.5357666015625,165.43265785961066,32.84763091139546,0.245843277902444,14.84615421295166,0.0
911070896.995,911072029.995,911071465.6968155,911070906.825,911072014.025,0.09827110528190813,0.017119739316073433,2.0243847688073075e-17,3.526666299111127e-18,22.598935398230218,0.17436377863499075,0.2078250157501138,0.06427381075205514,0.018066794793163986,1.324040501492336e-17,3.721759727391781e-18,23.05991487572863,0.26895001707929467,0.3583153173671967,0.1986409067437972,0.013953659500279051,4.092002678922222e-17,2.8744538570574843e-18,21.834828277520547,0.07370867774919176,0.07907945197550958,179.0,202.65677907106158,403.0,355.5519167606001,1020.2167438373807,102.39895202705284,137.08356115157986,0.8835581677003155,443.7797546386719,561.6654052734375,167.4884180427026,32.84735215059749,0.24591122482001151,13.251396179199219,0.0
