t0,t1,t_mean,t0_data,t1_data,cps_bgsub,cps_bgsub_err,flux_bgsub,flux_bgsub_err,mag_bgsub,mag_bgsub_err_1,mag_bgsub_err_2,cps_mcatbgsub,cps_mcatbgsub_err,flux_mcatbgsub,flux_mcatbgsub_err,mag_mcatbgsub,mag_mcatbgsub_err_1,mag_mcatbgsub_err_2,cps,cps_err,flux,flux_err,mag,mag_err_1,mag_err_2,counts,flat_counts,bg_counts,bg_flat_counts,exptime,bg,mcat_bg,responses,detxs,detys,detrad,racent,deccent,q_mean,flags
749492997.995,749493109.995,749493071.085,749493071.085,749493071.085,0.005786825094176,0.010194253897713617,8.1015551318464e-18,1.4271955456799063e-17,24.413899109791043,1.1029143551840512,,-0.0013951810844350049,0.013007788568477466,-1.953253518209007e-18,1.8210903995868452e-17,,,,0.008610149140586462,0.008846504325009103,1.2054208796821047e-17,1.2385106055012744e-17,23.982473314637417,0.7673757915368142,,1.0,0.9472791097289405,1.0,1.0785381836610566,110.01889679978511,0.3106189968943844,1.1007753934744076,1.0556550753939304,306.581787109375,501.3410949707031,137.8295325013446,15.3406972697681,1.01061264541818,11.0,0.0
878744980.995,878746631.995,878745546.5097618,878744999.735,878746260.92,0.0010428138429258425,0.0038091764272980256,1.4599393800961796e-18,5.332846998217236e-18,26.274483030961026,1.6692828342048251,,0.0012795257210533476,0.003789990902651249,1.7913360094746867e-18,5.305987263711749e-18,26.05237744873026,1.4947938275045694,,0.012300518732506644,0.0027524632649038143,1.7220726225509303e-17,3.8534485708653404e-18,23.59519143320742,0.2192477888021216,0.27502123356055463,21.0,19.971182966298517,61.0,63.465504376637995,1623.6049389950174,18.278065260471745,17.89373868602514,1.0524821372050792,374.1396789550781,536.699951171875,139.1245228381375,15.340856493808129,1.0110056580528477,15.0,0.0
