t0,t1,t_mean,t0_data,t1_data,cps_bgsub,cps_bgsub_err,flux_bgsub,flux_bgsub_err,mag_bgsub,mag_bgsub_err_1,mag_bgsub_err_2,cps_mcatbgsub,cps_mcatbgsub_err,flux_mcatbgsub,flux_mcatbgsub_err,mag_mcatbgsub,mag_mcatbgsub_err_1,mag_mcatbgsub_err_2,cps,cps_err,flux,flux_err,mag,mag_err_1,mag_err_2,counts,flat_counts,bg_counts,bg_flat_counts,exptime,bg,mcat_bg,responses,detxs,detys,detrad,racent,deccent,q_mean,flags
780113115.995,780113223.995,780113166.8575625,780113124.768,780113220.814,0.09495296101413221,0.05146022290241186,1.9560309968911236e-17,1.0600805917896842e-17,22.63622871918029,0.47017918155331984,0.8477294063230438,,,,,,,,0.17363374675209262,0.04268915897944902,3.5768551830931076e-17,8.793966749766497e-18,21.98091465809639,0.2386709278698227,0.30636645993462963,16.0,16.54371637123639,27.0,26.030058229672548,95.27938364917536,7.496656770145695,,0.967327103516646,199.85269165039062,477.9778137207031,214.80103461634977,21.095253072941727,-0.12490903755246162,12.375,0.0
781403216.995,781403330.995,781403276.7967895,781403219.719,781403318.1,0.10395565883484942,0.057572233548373285,2.141486571997898e-17,1.1859880110964896e-17,22.53787966208289,0.4784984781653989,0.8762132956137165,,,,,,,,0.2181814832507099,0.04664302859914297,4.494538554964624e-17,9.608463891423451e-18,21.732955275332465,0.21035072638734675,0.2611409914041616,19.0,21.880754613319773,46.0,39.77555235003002,100.28694592829788,11.455359076808648,,0.8686197206468328,298.5321044921875,189.6010284423828,233.58822969338024,21.095378050475375,-0.1250745816360487,11.210526466369629,64.0
875550533.995,875552080.995,875551263.9663808,875550546.05,875552063.735,0.07069262582436996,0.014918764972253315,1.456268091982021e-17,3.073265584284183e-18,22.95656471624374,0.2078935972999716,0.257358511655319,0.05412648341763372,0.01531640659019695,1.1150055584032547e-17,3.1551797575805714e-18,23.246475469956053,0.2705449364491521,0.36116327389612124,0.18868539869084736,0.011702013275834238,3.8869192130314556e-17,2.410614734821853e-18,21.89065426539775,0.06533035622613781,0.06951448905446966,239.0,259.9892640873345,614.0,564.5209197356817,1377.8981621853811,162.58202488387633,185.4084820606195,0.919549770657288,182.29454040527344,439.5228271484375,221.26391708355067,21.095286991641224,-0.12500959922010474,10.878661155700684,0.0
