t0,t1,t_mean,t0_data,t1_data,cps_bgsub,cps_bgsub_err,flux_bgsub,flux_bgsub_err,mag_bgsub,mag_bgsub_err_1,mag_bgsub_err_2,cps_mcatbgsub,cps_mcatbgsub_err,flux_mcatbgsub,flux_mcatbgsub_err,mag_mcatbgsub,mag_mcatbgsub_err_1,mag_mcatbgsub_err_2,cps,cps_err,flux,flux_err,mag,mag_err_1,mag_err_2,counts,flat_counts,bg_counts,bg_flat_counts,exptime,bg,mcat_bg,responses,detxs,detys,detrad,racent,deccent,q_mean,flags
745260582.995,745260713.995,745260645.4003334,745260596.105,745260694.005,0.01822937116087515,0.017774213340733837,2.5521119625225214e-17,2.4883898677027375e-17,23.16807078119749,0.7389351339332713,4.006524196762054,,,,,,,,0.029213938311233662,0.015152367296380089,4.089951363572713e-17,2.1213314214932124e-17,22.65602473033713,0.45365789639113174,0.7938906583931171,3.0,3.7172283216331206,6.0,4.853103907350291,127.24160234855194,1.397693925316884,,0.807056760296225,574.4288330078125,475.8127746582031,190.1919940109016,327.88205759541705,-0.46574675824284695,14.0,0.0
777224737.995,777226407.995,777225593.8932434,777224751.53,777226399.865,0.009590404419160417,0.005300209521113066,1.3426566186824583e-17,7.420293329558294e-18,23.865407696539854,0.47768920676588067,0.8733997482758085,,,,,,,,0.027723505658057944,0.004121128466092536,3.8812907921281123e-17,5.769579852529551e-18,22.71287963431309,0.15047029297764425,0.17473099921922852,37.0,45.254730917463604,126.0,102.77688225146655,1632.3596112135315,29.59974208842237,,0.8186922981998944,563.5040283203125,338.6622009277344,174.6307328965872,327.8819697096282,-0.46573043955536153,13.729729652404785,0.0
905686822.995,905688432.995,905687705.2739394,905686858.575,905688389.765,0.0003052666242193324,0.005580193476863303,4.2737327390706543e-19,7.812270867608625e-18,27.608301689791602,3.2127527394524584,,,,,,,,,0.02461983271432312,0.003958080998505211,3.446776580005237e-17,5.541313397907295e-18,22.841787255795793,0.16186355730420132,0.19029489797029697,33.0,38.69018804901012,155.0,132.6752085052342,1571.5049122369246,38.210460049507454,,0.8538252547469675,410.8515319824219,207.04957580566406,193.25532836933553,327.8819254396603,-0.4660606501509474,10.272727012634277,64.0
