t0,t1,t_mean,t0_data,t1_data,cps_bgsub,cps_bgsub_err,flux_bgsub,flux_bgsub_err,mag_bgsub,mag_bgsub_err_1,mag_bgsub_err_2,cps_mcatbgsub,cps_mcatbgsub_err,flux_mcatbgsub,flux_mcatbgsub_err,mag_mcatbgsub,mag_mcatbgsub_err_1,mag_mcatbgsub_err_2,cps,cps_err,flux,flux_err,mag,mag_err_1,mag_err_2,counts,flat_counts,bg_counts,bg_flat_counts,exptime,bg,mcat_bg,responses,detxs,detys,detrad,racent,deccent,q_mean,flags
750961098.995,750961215.995,750961173.2725,750961146.75,750961199.795,0.021066979602651654,0.017164607992465532,2.949377144371232e-17,2.4030451189451747e-17,23.010994313083454,0.6470501450707999,1.8306841282113737,,,,,,,,0.027393800991009302,0.015470781295463067,3.8351321387413024e-17,2.1659093813648293e-17,22.725869259006206,0.4861157487615948,0.9031650875865402,2.0,3.1353071969781965,4.0,2.5143219647961423,114.45316398433391,0.7241247258612891,,0.6379805898806838,701.96923828125,438.3209228515625,304.3910543960741,346.00957840423496,-0.28271739594769196,8.0,40.0
779781011.995,779782708.995,779781895.9578788,779781013.525,779782678.67,0.012690303594748155,0.0046667406639509055,1.7766425032647418e-17,6.533436929531268e-18,23.561319969990443,0.3400093971739224,0.49776187190064647,,,,,,,,0.024493435139458904,0.003833590701280395,3.429080919524247e-17,5.367026981792553e-18,22.847375754879945,0.1578782017033653,0.18480662736616082,33.0,40.821401419608215,85.0,68.30350210448181,1666.6262280967267,19.671408606090765,,0.8092296331801597,547.707275390625,674.8773803710938,312.0496970724325,346.0101470473134,-0.2829795018257524,14.878787994384766,97.0
907591730.995,907593401.995,907592563.9590002,907591911.675,907593341.915,0.00749465309691015,0.004034623024448736,1.049251433567421e-17,5.6484722342282304e-18,24.13312116107006,0.46762626227115334,0.8391791553531327,,,,,,,,0.017149506005731455,0.0032272013134310475,2.400930840802404e-17,4.5180818388034664e-18,23.234370963407954,0.18720598218054363,0.22635120122565056,20.0,28.23911708164654,77.0,55.20172806677534,1646.643178655343,15.8980976832313,,0.7102767819496593,630.978759765625,291.34161376953125,255.26032273166942,346.01009788160883,-0.2834387871794649,11.699999809265137,72.0
