t0,t1,t_mean,t0_data,t1_data,cps_bgsub,cps_bgsub_err,flux_bgsub,flux_bgsub_err,mag_bgsub,mag_bgsub_err_1,mag_bgsub_err_2,cps_mcatbgsub,cps_mcatbgsub_err,flux_mcatbgsub,flux_mcatbgsub_err,mag_mcatbgsub,mag_mcatbgsub_err_1,mag_mcatbgsub_err_2,cps,cps_err,flux,flux_err,mag,mag_err_1,mag_err_2,counts,flat_counts,bg_counts,bg_flat_counts,exptime,bg,mcat_bg,responses,detxs,detys,detrad,racent,deccent,q_mean,flags
753629995.995,753630115.995,753630077.4636668,753630045.358,753630107.203,0.022163141874858416,0.0163429569897756,3.1028398624801785e-17,2.2880139785685842e-17,22.955921683618865,0.5997454874865653,1.4517363645090278,0.01431664221792476,0.01826749448776365,2.0043299105094667e-17,2.557449228286911e-17,23.430397070507215,0.8929126183826455,,0.026813196395280525,0.015087008516673456,3.7538474953392735e-17,2.112181192334284e-17,22.749128526951893,0.48466889414766,0.8979793524708803,3.0,3.1585729185735145,2.0,1.9019884501153714,117.79919380031338,0.547772673633227,1.4720840073744472,0.9503321707808619,242.5071258544922,319.7565002441406,176.75696495380703,35.265577333421994,0.5041466608136743,6.0,0.0
908881353.995,908883049.995,908882243.3592684,908881445.755,908883011.21,0.022261917158940624,0.004660506069997648,3.1166684022516877e-17,6.524708497996708e-18,22.951093594197317,0.20637896223698604,0.25503769030483525,0.017630379585255387,0.004949092734805039,2.4682531419357545e-17,6.9287298287270554e-18,23.204345842903543,0.26863031362926293,0.3577458411161416,0.02926855926501075,0.0041862854135525165,4.097598297101505e-17,5.860799578973524e-18,22.653996637599796,0.14514418238221793,0.16758609935025603,41.0,48.881555898268125,48.0,40.63133790240725,1670.104614841901,11.70182531589329,19.436977591518666,0.8399429352040225,542.5567016601562,486.3490905761719,166.66906921068087,35.26612135021938,0.5050511373506787,16.85365867614746,0.0
