t0,t1,t_mean,t0_data,t1_data,cps_bgsub,cps_bgsub_err,flux_bgsub,flux_bgsub_err,mag_bgsub,mag_bgsub_err_1,mag_bgsub_err_2,cps_mcatbgsub,cps_mcatbgsub_err,flux_mcatbgsub,flux_mcatbgsub_err,mag_mcatbgsub,mag_mcatbgsub_err_1,mag_mcatbgsub_err_2,cps,cps_err,flux,flux_err,mag,mag_err_1,mag_err_2,counts,flat_counts,bg_counts,bg_flat_counts,exptime,bg,mcat_bg,responses,detxs,detys,detrad,racent,deccent,q_mean,flags
753712846.995,753712963.995,753712895.927,753712865.298,753712926.344,-0.008728179867875004,0.02292381578049486,-1.2219451815025005e-17,3.209334209269281e-17,,,,-0.006015811732423662,0.022400707658734528,-8.422136425393128e-18,3.136099072222834e-17,,,,0.025694440784018474,0.014986755526638631,3.5972217097625863e-17,2.0981457737294085e-17,22.795402074744434,0.4988863640510033,0.9503589327225512,3.0,2.9394298114455637,13.0,13.673363749561364,114.3994467968278,3.9379287598736736,3.627635345668697,1.021282583606225,263.10809326171875,509.1328125,175.06960014406397,51.7757691669608,0.15729184315076536,11.666666984558105,0.0
913341877.995,913343578.995,913342777.0836291,913341890.495,913343563.165,0.011590790833632385,0.006599964258634948,1.622710716708534e-17,9.239949962088929e-18,23.65971732834694,0.4893441454942078,0.9148514743120479,0.009468892839502686,0.006696048260559206,1.325644997530376e-17,9.374467564782888e-18,23.879251995946007,0.5806873122424534,1.3334341851389695,0.041970115171583944,0.005026828615560331,5.875816124021752e-17,7.037560061784464e-18,22.262649597562486,0.1228236392350297,0.13851158089959625,62.0,69.70953160486872,196.0,175.2014218772432,1660.9325783329245,50.45800950064605,53.98233900699535,0.8901929680139853,234.78004455566406,329.9942932128906,179.4392171733679,51.774826563315806,0.15774927769094685,6.2580647468566895,64.0
913353706.995,913355013.995,913354475.062558,913353734.155,913355002.81,-0.001448678076626793,0.007246264202247706,-2.02814930727751e-18,1.0144769883146788e-17,,,,0.0007607484381181292,0.0071260046847130745,1.065047813365381e-18,9.976406558598305e-18,26.616897326531863,2.5391429425850696,,0.032836522740009796,0.005068286947714423,4.5971131836013715e-17,7.095601726800194e-18,22.529107098033656,0.15584289922751182,0.18202218080547183,43.0,41.97511855658535,148.0,152.17698677844103,1278.305833078988,43.82697219219103,41.002649390633216,1.0254126077019163,270.12109375,531.4141235351562,184.76526230114143,51.774556254063384,0.15789592070098626,12.023255348205566,0.0
