t0,t1,t_mean,t0_data,t1_data,cps_bgsub,cps_bgsub_err,flux_bgsub,flux_bgsub_err,mag_bgsub,mag_bgsub_err_1,mag_bgsub_err_2,cps_mcatbgsub,cps_mcatbgsub_err,flux_mcatbgsub,flux_mcatbgsub_err,mag_mcatbgsub,mag_mcatbgsub_err_1,mag_mcatbgsub_err_2,cps,cps_err,flux,flux_err,mag,mag_err_1,mag_err_2,counts,flat_counts,bg_counts,bg_flat_counts,exptime,bg,mcat_bg,responses,detxs,detys,detrad,racent,deccent,q_mean,flags
780947319.995,780947406.995,5e-324,2.315841784746324e+77,5e-324,-0.0029811548338615976,0.005997121100358031,-4.1736167674062365e-18,8.395969540501244e-18,,,,,,,,,,,0.0,0.0,0.0,0.0,inf,,,5e-324,5e-324,1.0,0.858007216303007,82.88938081595066,0.24710607829526607,,5e-324,5e-324,5e-324,565.685424949238,160000.0,5e-324,5e-324,0.0
782047829.995,782047939.995,1.5e-323,-1.2907419060611772e-231,1.5e-323,-0.012082599033806294,0.010682356619025434,-1.6915638647328812e-17,1.4955299266635607e-17,,,,,,,,,,,0.0,0.0,0.0,0.0,inf,,,1.5e-323,1.5e-323,5.0,4.442158950521414,105.88299538622906,1.2793417777501674,,1.5e-323,1.5e-323,1.5e-323,565.685424949238,160000.0,1.5e-323,1.5e-323,0.0
908561930.995,908563596.995,908562779.9288462,908561965.625,908563573.67,0.01058930282428858,0.004093453008513548,1.4825023954004013e-17,5.730834211918967e-18,23.75783157979062,0.3548505216448987,0.5305784815870815,0.008196868362820322,0.004273237642739518,1.1475615707948451e-17,5.982532699835325e-18,24.03588009846736,0.45555546180164797,0.799899586068932,0.018620147608524682,0.0034215640664013356,2.6068206651934557e-17,4.79018969296187e-18,23.145042201335983,0.18315549417540922,0.22045001112186213,26.0,29.615351146111202,50.0,44.350907565103604,1590.500342357796,12.77306137874984,16.578229208783693,0.8792441562602841,459.96234130859375,289.8750305175781,125.39135248777181,29.27635183853301,-0.14695855392898569,10.34615421295166,0.0
908567847.995,908569514.995,908568612.5168749,908567900.13,908569483.155,0.003814220228493593,0.0034564917601494966,5.339908319891031e-18,4.839088464209295e-18,24.866485587311104,0.7004279410056213,2.569630655042346,,,,,,,,0.011490792086423953,0.0026762662335745374,1.6087108920993536e-17,3.746772727004352e-18,23.669125083434523,0.22732428773696967,0.2878775268572653,16.0,18.434921982222846,49.0,42.76280346529713,1604.3212551033089,12.315687398005576,,0.8692077971201377,501.4290771484375,332.2305908203125,121.98586193386346,29.276359431219895,-0.14682997825451657,12.6875,0.0
