t0,t1,t_mean,t0_data,t1_data,cps_bgsub,cps_bgsub_err,flux_bgsub,flux_bgsub_err,mag_bgsub,mag_bgsub_err_1,mag_bgsub_err_2,cps_mcatbgsub,cps_mcatbgsub_err,flux_mcatbgsub,flux_mcatbgsub_err,mag_mcatbgsub,mag_mcatbgsub_err_1,mag_mcatbgsub_err_2,cps,cps_err,flux,flux_err,mag,mag_err_1,mag_err_2,counts,flat_counts,bg_counts,bg_flat_counts,exptime,bg,mcat_bg,responses,detxs,detys,detrad,racent,deccent,q_mean,flags
777319394.995,777321080.995,777320251.9384642,777319401.36,777321076.765,0.05133628940451779,0.01654324178203653,1.0575275617330664e-17,3.4079078070995248e-18,23.303938813517714,0.3032858989652105,0.4223300077106522,0.028957634372790832,0.017007734864213874,5.9652726807949114e-18,3.503593382028058e-18,23.92559229928173,0.5016691821012209,0.9609970678539064,0.22216735218449185,0.012438423435688791,4.576647455000532e-17,2.5623152277518908e-18,21.713299402280242,0.05914615115248978,0.06255475129578514,293.0,319.0287363937729,928.0,851.7730984414151,1435.983879975513,245.3106523511276,277.4460402322204,0.9186080705531101,146.9192657470703,224.8433837890625,307.781900462759,336.25080775797284,-0.9780429151036008,9.221842765808105,32.0
1002458163.995,1002458256.995,1002458203.2042856,1002458175.91,1002458234.48,0.08676597623609844,0.06683817206986974,1.7873791104636277e-17,1.3768663446393165e-17,22.734126356116313,0.6201337176542623,1.5972250272163322,0.002644425418686503,0.07444116384441228,5.447516362494196e-19,1.533487975194893e-17,26.524171692438408,3.6616046839835477,,0.21831256168509075,0.05279798038539737,4.4972387707128695e-17,1.0876383959391858e-17,21.732303185766526,0.23516919913885204,0.30060616488996317,14.0,17.097114914675533,44.0,35.771009520177984,78.31484722046184,10.30205074181126,16.890017142025194,0.8193503763688633,377.92767333984375,126.18758392333984,274.70061303522914,336.25097680120274,-0.9778684811565553,9.357142448425293,0.0
