t0,t1,t_mean,t0_data,t1_data,cps_bgsub,cps_bgsub_err,flux_bgsub,flux_bgsub_err,mag_bgsub,mag_bgsub_err_1,mag_bgsub_err_2,cps_mcatbgsub,cps_mcatbgsub_err,flux_mcatbgsub,flux_mcatbgsub_err,mag_mcatbgsub,mag_mcatbgsub_err_1,mag_mcatbgsub_err_2,cps,cps_err,flux,flux_err,mag,mag_err_1,mag_err_2,counts,flat_counts,bg_counts,bg_flat_counts,exptime,bg,mcat_bg,responses,detxs,detys,detrad,racent,deccent,q_mean,flags
780948439.995,780948506.995,5e-324,3.105036184601418e+231,5e-324,-0.008830512062950943,0.011624425057499164,-1.2362716888131321e-17,1.627419508049883e-17,,,,,,,,,,,0.0,0.0,0.0,0.0,inf,,,5e-324,5e-324,2.0,2.003716731333501,65.34959858615555,0.5770704186240485,,5e-324,5e-324,5e-324,565.685424949238,160000.0,5e-324,5e-324,32.0
782048985.995,782049063.995,782049042.32,782049042.32,782049042.32,-0.00031370295392705086,0.02059858477562378,-4.391841354978713e-19,2.8838018685873297e-17,,,,0.0028778237093198284,0.01955693462430763,4.02895319304776e-18,2.7379708474030686e-17,25.172339534350336,2.229643023576518,,0.016030512005866745,0.014494659674423704,2.2442716808213444e-17,2.029252354419319e-17,23.307631515734798,0.6992768037138823,2.5464948309678626,1.0,1.2231472457469117,5.0,4.330149848823997,76.30119644957516,1.2470831564613116,1.0035658535548544,0.8175630558603372,512.9803466796875,675.626953125,297.88382974715717,31.8714592088799,1.16024745689812,13.0,32.0
907881686.995,907883251.995,907882532.7934783,907881841.075,907883229.875,0.01832453462298276,0.004272085059313106,2.5654348472175864e-17,5.980919083038349e-18,23.16241761514642,0.22752630558942855,0.28820229680277976,0.011997281859060367,0.004727203319196401,1.6796194602684515e-17,6.618084646874962e-18,23.622292844740706,0.3606747396619632,0.5438593986600893,0.023259456939572064,0.0038802383866203527,3.256323971540089e-17,5.432333741268494e-18,22.903501073427833,0.16751349318737496,0.19815827509791717,23.0,35.93207733582079,41.0,26.47101462181543,1544.837329141954,7.623652211082846,17.398228471706762,0.6409559595374137,683.5386962890625,520.8170166015625,308.20600869191935,31.87225488322809,1.1594241471884639,16.782608032226562,105.0
