t0,t1,t_mean,t0_data,t1_data,cps_bgsub,cps_bgsub_err,flux_bgsub,flux_bgsub_err,mag_bgsub,mag_bgsub_err_1,mag_bgsub_err_2,cps_mcatbgsub,cps_mcatbgsub_err,flux_mcatbgsub,flux_mcatbgsub_err,mag_mcatbgsub,mag_mcatbgsub_err_1,mag_mcatbgsub_err_2,cps,cps_err,flux,flux_err,mag,mag_err_1,mag_err_2,counts,flat_counts,bg_counts,bg_flat_counts,exptime,bg,mcat_bg,responses,detxs,detys,detrad,racent,deccent,q_mean,flags
753712996.995,753713112.995,753713053.05175,753713002.797,753713103.88,0.03794922953060471,0.03207718352733172,5.312892134284659e-17,4.490805693826441e-17,22.37199259250449,0.6651472954570927,2.0260337842269465,,,,,,,,0.07741442044379977,0.026105846671866505,1.0838018862131969e-16,3.654818534061311e-17,21.5979453329234,0.315508792788048,0.44657981030502825,8.0,8.793629584254884,17.0,15.565677251023992,113.59162199811027,4.4829150482949105,,0.9102925040605321,307.76959228515625,255.86721801757812,171.11606280311227,50.81164251362054,-0.14137031416442386,7.0,0.0
913276818.995,913278488.995,913277667.9891666,913276839.805,913278365.76,0.007831540242781624,0.0058946098520982395,1.0964156339894274e-17,8.252453792937536e-18,24.085382040207055,0.6092538991387997,1.5168329264325813,0.005543076357392766,0.006012355713184609,7.760306900349872e-18,8.417297998458453e-18,24.46062284710268,0.7975883192950555,,0.032273891105979155,0.004446589180903579,4.518344754837082e-17,6.2252248532650114e-18,22.547871676668382,0.140142559011192,0.16095057302428728,48.0,52.680349158341585,151.0,138.53126552130607,1632.2899828022864,39.89700447013615,43.632441146261186,0.9125634823480437,230.3677978515625,318.3015441894531,188.28096475097064,50.81177646843418,-0.14118959528095174,6.291666507720947,0.0
913288643.995,913290346.995,913289492.6045834,913288649.585,913290310.825,0.01128973332331803,0.005013865669774021,1.5805626652645243e-17,7.01941193768363e-18,23.68829079124145,0.3989995032191658,0.637524767400869,0.0004934188004576476,0.005622177445629636,6.907863206407066e-19,7.871048423881492e-18,27.08696076713466,2.733057780648018,,0.026619028179811172,0.003994031542829498,3.7266639451735644e-17,5.5916441599612975e-18,22.757019510005502,0.15178635688760878,0.1765091816870772,36.0,44.41824663565652,109.0,88.81757376493105,1668.6652245758887,25.57946124430015,43.5948958421809,0.8121183966832354,564.975830078125,382.0496826171875,165.94950558561504,50.81194581048256,-0.1412280889090934,14.38888931274414,0.0
