t0,t1,t_mean,t0_data,t1_data,cps_bgsub,cps_bgsub_err,flux_bgsub,flux_bgsub_err,mag_bgsub,mag_bgsub_err_1,mag_bgsub_err_2,cps_mcatbgsub,cps_mcatbgsub_err,flux_mcatbgsub,flux_mcatbgsub_err,mag_mcatbgsub,mag_mcatbgsub_err_1,mag_mcatbgsub_err_2,cps,cps_err,flux,flux_err,mag,mag_err_1,mag_err_2,counts,flat_counts,bg_counts,bg_flat_counts,exptime,bg,mcat_bg,responses,detxs,detys,detrad,racent,deccent,q_mean,flags
753629703.995,753629818.995,753629764.3826499,753629714.187,753629811.991,0.11676101207131483,0.05728572046058334,2.4052768486690853e-17,1.1800858414880168e-17,22.411755373130013,0.43342005929243754,0.7324031766574208,,,,,,,,0.22538565508969627,0.04705757971679401,4.642944494847743e-17,9.693861421659565e-18,21.697684321364076,0.2058743917635475,0.25426637258105345,20.0,22.9399976816838,44.0,38.388661752645646,101.78109016101497,11.055934584761948,,0.8719365485504375,465.2413024902344,465.2076110839844,92.24131446321883,33.284234863856994,-0.30612786238448064,17.0,0.0
908810373.995,908812063.995,908811261.15905,908810390.01,908812061.285,0.1687669532651749,0.015084178866214416,3.476599237262603e-17,3.10734084644017e-18,22.011781474543117,0.09294724589841863,0.1016555451056611,0.11879466834840523,0.01613775562641799,2.4471701679771475e-17,3.324377659042106e-18,22.39300762647687,0.13829843211193094,0.1585218753761346,0.25721245722776515,0.013012010071323686,5.298576618891962e-17,2.6804740746926794e-18,21.554270004083126,0.053581677529319194,0.056363858796871114,321.0,390.7466066930958,568.0,466.5374271387044,1519.158950948804,134.3627790159469,210.27862294662145,0.8218426676609911,349.8904113769531,323.00469970703125,91.86537508319128,33.28416758428746,-0.3062444062854004,13.897195816040039,0.0
908816288.995,908817979.995,908817174.8794198,908816292.49,908817978.11,0.12034175588413103,0.014830997898139917,2.4790401712130992e-17,3.055185567016823e-18,22.378959140220726,0.1261820438929604,0.1427990022647485,0.08977239005295294,0.015498451158867879,1.8493112350908306e-17,3.192680938726783e-18,22.69714303058624,0.17291326399953277,0.20576582935662913,0.2262487608301705,0.012240314599996888,4.6607244731015124e-17,2.521504807599359e-18,21.693534476893557,0.05720570169594552,0.06038823834595064,293.0,341.654588793411,647.0,555.3071271285177,1510.0838012981108,159.92845261301312,206.09075677063112,0.857742923264023,300.8404541015625,429.8392028808594,103.5518883041223,33.28412499922368,-0.30614809498532697,13.655289649963379,0.0
