t0,t1,t_mean,t0_data,t1_data,cps_bgsub,cps_bgsub_err,flux_bgsub,flux_bgsub_err,mag_bgsub,mag_bgsub_err_1,mag_bgsub_err_2,cps_mcatbgsub,cps_mcatbgsub_err,flux_mcatbgsub,flux_mcatbgsub_err,mag_mcatbgsub,mag_mcatbgsub_err_1,mag_mcatbgsub_err_2,cps,cps_err,flux,flux_err,mag,mag_err_1,mag_err_2,counts,flat_counts,bg_counts,bg_flat_counts,exptime,bg,mcat_bg,responses,detxs,detys,detrad,racent,deccent,q_mean,flags
780113115.995,780113223.995,780113162.0333333,780113132.287,780113201.959,0.019472501597322247,0.018498634893925354,2.7261502236251147e-17,2.5898088851495496e-17,23.096445629658554,0.7250796195116749,3.2523055765556066,,,,,,,,0.02789120010936069,0.016212902219439638,3.9047680153104965e-17,2.2698063107215493e-17,22.706331996007545,0.49752946377578056,0.9452191314013838,3.0,2.9594627382492993,3.0,3.101688243220554,106.10740042182914,0.8932862140475198,,1.0140745337808814,199.2495574951172,477.4846496582031,215.18506244291387,21.095127894498933,-0.12415639506356034,11.0,0.0
781403216.995,781403330.995,1.5e-323,-1.494573578745425e-154,1.5e-323,-0.0047473250941626926,0.006508000457924398,-6.64625513182777e-18,9.111200641094158e-18,,,,,,,,,,,0.0,0.0,0.0,0.0,inf,,,1.5e-323,1.5e-323,2.0,1.8476100187105313,112.08663296366986,0.5321116853886332,,1.5e-323,1.5e-323,1.5e-323,565.685424949238,160000.0,1.5e-323,1.5e-323,0.0
875550533.995,875552080.995,875551276.59675,875550598.87,875551970.57,0.002951379063027041,0.0038644498293089703,4.1319306882378575e-18,5.410229761032558e-18,25.144937519787373,0.9087342177113271,,0.001625585815589181,0.003974774925298478,2.2758201418248534e-18,5.564684895417869e-18,25.792475247281995,1.3430152535166968,,0.01292221618273044,0.0029033829011697637,1.8091102655822616e-17,4.06473606163767e-18,23.541657494220594,0.22005789266720654,0.27629963131316515,20.0,19.80912876253794,53.0,53.07225082947422,1532.9513515654796,15.28480823888858,17.317184789444834,1.0106409361117206,180.94989013671875,440.62579345703125,222.7855599564948,21.095267254088522,-0.12493654632856777,10.5,65.0
