t0,t1,t_mean,t0_data,t1_data,cps_bgsub,cps_bgsub_err,flux_bgsub,flux_bgsub_err,mag_bgsub,mag_bgsub_err_1,mag_bgsub_err_2,cps_mcatbgsub,cps_mcatbgsub_err,flux_mcatbgsub,flux_mcatbgsub_err,mag_mcatbgsub,mag_mcatbgsub_err_1,mag_mcatbgsub_err_2,cps,cps_err,flux,flux_err,mag,mag_err_1,mag_err_2,counts,flat_counts,bg_counts,bg_flat_counts,exptime,bg,mcat_bg,responses,detxs,detys,detrad,racent,deccent,q_mean,flags
780823874.995,780823969.995,5e-324,-1.2882297539194267e-231,5e-324,-0.005170467725287948,0.007450179595055052,-7.238654815403128e-18,1.0430251433077073e-17,,,,-0.010796288520180719,0.010765620523242356,-1.511480392825301e-17,1.5071868732539297e-17,,,,0.0,0.0,0.0,0.0,inf,,,5e-324,5e-324,2.0,1.6723750944348141,93.1528930819123,0.48164402719722654,1.0057055102018717,5e-324,5e-324,5e-324,565.685424949238,160000.0,5e-324,5e-324,0.0
781989535.995,781989646.995,781989544.942,781989544.942,781989544.942,0.0035104167053987474,0.012443349640502059,4.914583387558247e-18,1.7420689496702882e-17,24.956603318441136,1.6437613864772764,,,,,,,,,0.010198037751206328,0.009670225629289188,1.427725285168886e-17,1.3538315881004863e-17,23.798708461723912,0.7241082330177946,3.215093137883599,1.0,1.1121414207605336,3.0,2.5323432286822007,109.05445222822186,0.7293148498604739,,0.8991662223282304,497.44549560546875,229.2060089111328,196.63725996326198,26.5440179156129,0.666997399174712,13.0,0.0
908443641.995,908445274.995,908444335.9766,908443667.21,908445175.16,0.02526677445731107,0.005220450807623593,3.53734842402355e-17,7.308631130673031e-18,22.813625490847432,0.2039202401042992,0.25128766464853314,0.024519646707795446,0.005264876624889419,3.4327505390913625e-17,7.370827274845187e-18,22.846214479140205,0.211191114397149,0.26243967792946776,0.034489023983803706,0.004637156252991524,4.828463357732519e-17,6.4920187541881345e-18,22.475797739251572,0.1369663672414525,0.1567734891025836,50.0,55.316965535708775,57.0,51.359622760211344,1603.9005789692983,14.791571354940869,15.98988998495301,0.9046421476224029,410.40972900390625,285.170166015625,115.30070785044596,26.544589124285018,0.6671812098829699,7.820000171661377,0.0
