t0,t1,t_mean,t0_data,t1_data,cps_bgsub,cps_bgsub_err,flux_bgsub,flux_bgsub_err,mag_bgsub,mag_bgsub_err_1,mag_bgsub_err_2,cps_mcatbgsub,cps_mcatbgsub_err,flux_mcatbgsub,flux_mcatbgsub_err,mag_mcatbgsub,mag_mcatbgsub_err_1,mag_mcatbgsub_err_2,cps,cps_err,flux,flux_err,mag,mag_err_1,mag_err_2,counts,flat_counts,bg_counts,bg_flat_counts,exptime,bg,mcat_bg,responses,detxs,detys,detrad,racent,deccent,q_mean,flags
841223556.995,841223665.995,841223611.7007693,841223571.105,841223645.835,-0.01395795878883586,0.0643874475642133,-2.8753395105001874e-18,1.326381419822794e-17,,,,-0.04733426716521261,0.06722672677721318,-9.750859036033797e-18,1.3848705716105916e-17,,,,0.1781608910989597,0.044662437522773046,3.67011435663857e-17,9.200462129691247e-18,21.952969059445692,0.24287070345249262,0.31334035321702913,13.0,15.912554681767935,72.0,59.5806206826403,89.31564376229622,17.15921875660041,20.14024522564542,0.8172202514268161,337.3195495605469,299.3809814453125,118.54545863170502,305.338006235348,-0.5922700383982837,12.076923370361328,0.0
869173120.995,869173202.995,869173156.8518181,869173123.295,869173192.65,-0.03131826169928657,0.08059993296522426,-6.451561910053034e-18,1.66035861908362e-17,,,,-0.032095341580249924,0.08067292280940656,-6.611640365531484e-18,1.661862209873775e-17,,,,0.19876878162571987,0.05487229337351686,4.094636901489829e-17,1.1303692434944472e-17,21.834129560816667,0.2646785237563911,0.35074495106350057,11.0,13.121700708037196,63.0,52.74018242407959,66.01489731292543,15.189172538134924,15.24047138668066,0.8383908313835341,472.5852355957031,486.95098876953125,113.26557674105084,305.33782359696403,-0.5920631177143139,15.181818008422852,0.0
