t0,t1,t_mean,t0_data,t1_data,cps_bgsub,cps_bgsub_err,flux_bgsub,flux_bgsub_err,mag_bgsub,mag_bgsub_err_1,mag_bgsub_err_2,cps_mcatbgsub,cps_mcatbgsub_err,flux_mcatbgsub,flux_mcatbgsub_err,mag_mcatbgsub,mag_mcatbgsub_err_1,mag_mcatbgsub_err_2,cps,cps_err,flux,flux_err,mag,mag_err_1,mag_err_2,counts,flat_counts,bg_counts,bg_flat_counts,exptime,bg,mcat_bg,responses,detxs,detys,detrad,racent,deccent,q_mean,flags
843839929.995,843840040.995,843839957.4900001,843839934.595,843839984.71,0.026023452110292614,0.02407320458221193,3.6432832954409664e-17,3.37024864150967e-17,22.78158773282894,0.7111095909877712,2.8131879268965108,0.028721151478440735,0.023556796374734085,4.0209612069817034e-17,3.297951492462772e-17,22.674495381242505,0.650291709274363,1.8629643764262305,0.04479200036808958,0.020208790285188113,6.270880051532541e-17,2.829230639926336e-17,22.19199885486037,0.40429545317009286,0.651404663748874,5.0,4.912700427036353,7.0,7.147563419932672,109.67807614451233,2.0584982649406096,1.762619788225857,1.0178820530120487,191.4766845703125,465.63299560546875,218.6084700782118,350.5086859057842,0.5412626875033536,11.199999809265137,0.0
873339073.995,873339168.995,873339141.9950001,873339093.305,873339167.01,0.049436195096240525,0.027268994971049777,6.921067313473673e-17,3.817659295946969e-17,22.084887406301764,0.4769492823191612,0.8708354884457634,0.04273749498954557,0.028574619028149395,5.98324929853638e-17,4.0004466639409156e-17,22.242977342777806,0.5558856205686702,1.1991440281913803,0.05887725445245354,0.025314790486576002,8.242815623343496e-17,3.544070668120641e-17,21.89513112524085,0.38830877078640214,0.610234282843102,4.0,5.4093667233033145,4.0,3.0118068413149963,91.87532220395333,0.8674003702987191,1.4828456009489739,0.7402215523341731,568.8248901367188,263.1251220703125,217.3397702629273,350.508870790442,0.5411257405709052,13.5,0.0
