t0,t1,t_mean,t0_data,t1_data,cps_bgsub,cps_bgsub_err,flux_bgsub,flux_bgsub_err,mag_bgsub,mag_bgsub_err_1,mag_bgsub_err_2,cps_mcatbgsub,cps_mcatbgsub_err,flux_mcatbgsub,flux_mcatbgsub_err,mag_mcatbgsub,mag_mcatbgsub_err_1,mag_mcatbgsub_err_2,cps,cps_err,flux,flux_err,mag,mag_err_1,mag_err_2,counts,flat_counts,bg_counts,bg_flat_counts,exptime,bg,mcat_bg,responses,detxs,detys,detrad,racent,deccent,q_mean,flags
745857891.995,745859400.995,745858653.275687,745857892.275,745859395.92,0.10638422402441726,0.015789388056583656,2.1915150149029955e-17,3.252613939656233e-18,22.512806924630713,0.15025045975014706,0.17443446789336292,0.07026320824102224,0.016628689450929497,1.447422089765058e-17,3.4255100268914764e-18,22.963180060158646,0.2306282656149783,0.2932089686471535,0.21867586263522074,0.012834325431008478,4.504722770285547e-17,2.6438710387877462e-18,21.730497878972546,0.06192314838972379,0.06566957982101229,262.0,290.30572631725227,573.0,517.6183756605643,1327.5618205815395,149.07409219024254,197.02697366490096,0.9027380687823359,578.4533081054688,361.3509826660156,182.59060686318995,349.9669575594293,-0.2782742525919104,14.683206558227539,0.0
750959631.995,750959740.995,750959700.10655,750959635.007,750959740.116,0.09003486736759488,0.06097954438920146,1.8547182677724544e-17,1.25617861441755e-17,22.693973177155986,0.5615191653853806,1.2279625543178554,,,,,,,,0.22268448326106616,0.048273713693929625,4.5873003551779625e-17,9.944385020949502e-18,21.710775109288196,0.21303084355769286,0.26529164479420686,20.0,21.279356566538233,47.0,44.013108717940696,95.55832653859042,12.675775310766923,,0.940049444492959,214.4603729248047,347.75506591796875,192.75499047349808,349.96708021524915,-0.27818302717994536,13.0,0.0
907662692.995,907664383.995,907663520.3957707,907662702.34,907664372.015,0.08557901495560351,0.014148383371776265,1.7629277080854323e-17,2.9145669745859105e-18,22.749081791761782,0.16611801521728609,0.19620698289331884,0.048118687041932354,0.015006262423973049,9.912449530638064e-18,3.091290059338448e-18,23.374215578134255,0.29471818677532013,0.40580696533084293,0.1926963250980213,0.011342736551548773,3.9695442970192387e-17,2.336603729619047e-18,21.867816419184788,0.06209971317750984,0.06586819673249167,253.0,288.6098667195906,635.0,557.0637682373754,1497.7445292367656,160.43436525236413,216.5403664484804,0.8769669424602612,571.2872924804688,454.3445739746094,179.70161180627022,349.9669435959163,-0.27823744574349946,11.857707977294922,0.0
