t0,t1,t_mean,t0_data,t1_data,cps_bgsub,cps_bgsub_err,flux_bgsub,flux_bgsub_err,mag_bgsub,mag_bgsub_err_1,mag_bgsub_err_2,cps_mcatbgsub,cps_mcatbgsub_err,flux_mcatbgsub,flux_mcatbgsub_err,mag_mcatbgsub,mag_mcatbgsub_err_1,mag_mcatbgsub_err_2,cps,cps_err,flux,flux_err,mag,mag_err_1,mag_err_2,counts,flat_counts,bg_counts,bg_flat_counts,exptime,bg,mcat_bg,responses,detxs,detys,detrad,racent,deccent,q_mean,flags
753629556.995,753629671.995,753629604.0465001,753629571.467,753629634.144,0.06070735620531349,0.024713227973791593,8.499029868743889e-17,3.459851916330823e-17,21.86189670040884,0.37080304335518477,0.5675241507726945,0.05296277393228851,0.02606490435316982,7.414788350520392e-17,3.649086609443775e-17,22.010073191854367,0.4345212498713167,0.7356320994660912,0.06481068147947995,0.023966191154093517,9.073495407127194e-17,3.355266761573093e-17,21.79088352987192,0.3416331347518451,0.5012827673243798,6.0,7.312992672290847,2.0,1.6076518613414799,112.83622553184003,0.46300373606634626,1.3368731680752828,0.8216737514428423,591.184814453125,261.8883361816406,235.85263399027656,32.78131869799653,0.1470561560681912,11.0,0.0
911070896.995,911072029.995,911071455.373095,911071000.675,911071972.76,0.01503280910036068,0.004874654497053256,2.1045932740504952e-17,6.824516295874559e-18,23.377399643876476,0.3049394695078078,0.42556331026804983,0.010156136097175176,0.005301836576567398,1.4218590536045247e-17,7.422571207194358e-18,23.803178720003825,0.4560600580701326,0.8015048557058186,0.020844565770316268,0.0043106240649555035,2.918239207844278e-17,6.0348736909377054e-18,23.022517868940728,0.20408686670475618,0.2515411258637563,21.0,23.38327873467815,25.0,22.637449219968822,1121.792556982748,6.519585375351022,11.990200853163223,0.8988698113006086,446.02789306640625,631.7767944335938,236.30287636430688,32.78106059706517,0.14722569317904938,17.428571701049805,0.0
