t0,t1,t_mean,t0_data,t1_data,cps_bgsub,cps_bgsub_err,flux_bgsub,flux_bgsub_err,mag_bgsub,mag_bgsub_err_1,mag_bgsub_err_2,cps_mcatbgsub,cps_mcatbgsub_err,flux_mcatbgsub,flux_mcatbgsub_err,mag_mcatbgsub,mag_mcatbgsub_err_1,mag_mcatbgsub_err_2,cps,cps_err,flux,flux_err,mag,mag_err_1,mag_err_2,counts,flat_counts,bg_counts,bg_flat_counts,exptime,bg,mcat_bg,responses,detxs,detys,detrad,racent,deccent,q_mean,flags
750961098.995,750961215.995,750961139.284,750961104.382,750961162.919,0.02338184356567636,0.016942229258269957,3.273458099194691e-17,2.371912096157794e-17,22.897803123564685,0.5917140995465004,1.4000472348918542,,,,,,,,0.028117190218918318,0.015673719057354693,3.936406630648565e-17,2.1943206680296572e-17,22.697570202497236,0.4810301099836032,0.88507593342635,3.0,3.218101382904568,2.0,1.8818590521741956,114.45316398433391,0.5419754070261684,,0.93245429125471,385.5705871582031,671.0921020507812,271.4758474510582,346.3063648815073,0.303977105157024,15.333333015441895,0.0
779781011.995,779782708.995,779781984.9952,779781019.305,779782676.64,-0.0005434316091384298,0.004275935655890441,-7.608042527938018e-19,5.986309918246617e-18,,,,,,,,,,,0.01496426929135448,0.0029964611507931516,2.0949977007896273e-17,4.195045611110413e-18,23.382361212508933,0.19817119987157739,0.2426022418057876,25.0,24.939843685273793,90.0,89.74146200778023,1666.6262280967267,25.84554105824071,,1.0034475502078357,172.54995727539062,553.6847534179688,274.50414453805337,346.30625965305103,0.3038815576930752,10.760000228881836,0.0
907591730.995,907593401.995,907592663.1215713,907591733.49,907593396.21,0.0020447745709797948,0.004866908043108004,2.8626843993717128e-18,6.8136712603512055e-18,25.543386411043848,1.3223458786318716,,0.004072893723785662,0.004738683891567782,5.702051213299927e-18,6.634157448194895e-18,24.795242305116222,0.8378764825892127,,0.020524236085372016,0.0035304799635908594,2.8733930519520824e-17,4.942671949027204e-18,23.03933249600628,0.17233308273437586,0.2049440505422666,35.0,33.79609334708967,102.0,105.6565251663121,1646.643178655343,30.42907924789789,27.089490679429854,1.0370963703479743,292.5625305175781,494.54754638671875,143.11550711413165,346.3061161215227,0.3040048195534592,10.828571319580078,0.0
