t0,t1,t_mean,t0_data,t1_data,cps_bgsub,cps_bgsub_err,flux_bgsub,flux_bgsub_err,mag_bgsub,mag_bgsub_err_1,mag_bgsub_err_2,cps_mcatbgsub,cps_mcatbgsub_err,flux_mcatbgsub,flux_mcatbgsub_err,mag_mcatbgsub,mag_mcatbgsub_err_1,mag_mcatbgsub_err_2,cps,cps_err,flux,flux_err,mag,mag_err_1,mag_err_2,counts,flat_counts,bg_counts,bg_flat_counts,exptime,bg,mcat_bg,responses,detxs,detys,detrad,racent,deccent,q_mean,flags
753629995.995,753630115.995,753630070.744,753630034.561,753630106.927,0.010419429375450135,0.014277626097654835,1.458720112563019e-17,1.9988676536716772e-17,23.775390161775277,0.937003104842276,,0.004725873030705036,0.015880281312950637,6.616222242987051e-18,2.2232393838130893e-17,24.633794876672855,1.5987872477794376,,0.01721643326696052,0.01208927989586959,2.410300657374473e-17,1.6924991854217426e-17,23.230142041166573,0.577522777480219,1.3151671865791101,2.0,2.0280819589648447,3.0,2.7801443704080415,117.79919380031338,0.8006815786775161,1.4713779259451478,0.9868271842304218,242.1173858642578,264.61376953125,207.98161276149665,35.31455824204855,0.4239995859449305,8.0,0.0
908881353.995,908883049.995,908882399.3290001,908881401.22,908882980.95,0.0013610176048609688,0.0034048410615258725,1.9054246468053565e-18,4.766777486136222e-18,25.985340642824646,1.360693540348418,,-0.0012634759339653554,0.0036282774466561826,-1.7688663075514977e-18,5.079588425318656e-18,,,,0.0103612223156629,0.0024907701826774723,1.450571124192806e-17,3.487078255748462e-18,23.78147251938373,0.23389867784247897,0.29852827576039687,15.0,17.304325204791496,61.0,52.19195632650042,1670.104614841901,15.031283422032121,19.414462192848717,0.8679712952740739,538.1614379882812,545.6558837890625,200.75910796116466,35.31507822451387,0.42445012620953515,18.399999618530273,0.0
