t0,t1,t_mean,t0_data,t1_data,cps_bgsub,cps_bgsub_err,flux_bgsub,flux_bgsub_err,mag_bgsub,mag_bgsub_err_1,mag_bgsub_err_2,cps_mcatbgsub,cps_mcatbgsub_err,flux_mcatbgsub,flux_mcatbgsub_err,mag_mcatbgsub,mag_mcatbgsub_err_1,mag_mcatbgsub_err_2,cps,cps_err,flux,flux_err,mag,mag_err_1,mag_err_2,counts,flat_counts,bg_counts,bg_flat_counts,exptime,bg,mcat_bg,responses,detxs,detys,detrad,racent,deccent,q_mean,flags
777396303.995,777397999.995,777397159.2559735,777396312.455,777397987.14,0.04242478528061254,0.014770618859346857,8.739505767806182e-18,3.0427474850254524e-18,23.51095086761594,0.32435370022593446,0.4646477021927069,-0.010634828118673204,0.015954761182043364,-2.19077459244668e-18,3.286680803500933e-18,,,,0.18029778455674453,0.011118948993337116,3.714134361868937e-17,2.290503492627446e-18,21.94002402430176,0.06497377654022074,0.06911089709882035,226.0,262.9379693709973,813.0,698.1514588852316,1458.3538561908601,201.06762015894674,278.44731196779134,0.8597395034490984,526.1780395507812,391.1542053222656,126.48772963556249,338.9262962959264,0.9626145466724477,15.106194496154785,0.0
1002452377.995,1002452501.995,1002452440.5884376,1002452383.36,1002452481.97,0.03623176647173953,0.05542040701586935,7.463743893178343e-18,1.1416603845269087e-17,23.682276228795313,1.0076331500627944,,-0.03964274876960056,0.06159867353618227,-8.166406246537716e-18,1.2689326748453547e-17,,,,0.17928507765312562,0.0413319378232394,3.693272599654388e-17,8.514379191587316e-18,21.946139640882596,0.2252371536918929,0.2845313853128886,16.0,18.81554284002941,61.0,52.12883698376915,104.94762356314479,15.013105051325518,22.97595511490977,0.8504942385621056,403.24957275390625,526.473876953125,126.51561672235223,338.92653071438207,0.9626471253676194,13.6875,0.0
