t0,t1,t_mean,t0_data,t1_data,cps_bgsub,cps_bgsub_err,flux_bgsub,flux_bgsub_err,mag_bgsub,mag_bgsub_err_1,mag_bgsub_err_2,cps_mcatbgsub,cps_mcatbgsub_err,flux_mcatbgsub,flux_mcatbgsub_err,mag_mcatbgsub,mag_mcatbgsub_err_1,mag_mcatbgsub_err_2,cps,cps_err,flux,flux_err,mag,mag_err_1,mag_err_2,counts,flat_counts,bg_counts,bg_flat_counts,exptime,bg,mcat_bg,responses,detxs,detys,detrad,racent,deccent,q_mean,flags
753629995.995,753630115.995,753630052.5092727,753630005.099,753630109.229,0.0650854760516218,0.030222451973965198,9.111966647227051e-17,4.231143276355128e-17,21.78628978565971,0.41411235610539165,0.677797574726295,0.07430926449184225,0.028898021666461455,1.0403297028857916e-16,4.045723033304604e-17,21.64239259322781,0.35666848923306915,0.5346989369339568,0.08634142977125069,0.027073129393074907,1.2087800167975095e-16,3.7902381150304874e-17,21.4794519097975,0.29612393240812906,0.4084919070367583,11.0,10.170950818619707,8.0,8.694216012600887,117.79919380031338,2.503934211629056,1.417379369586436,1.082116740627024,304.9040832519531,511.3833312988281,146.4564094649871,35.01116150889888,0.7218099251483645,12.0,0.0
908881353.995,908883049.995,908882224.3806766,908881357.59,908882986.645,0.0856936695822164,0.007964756612561779,1.1997113741510296e-16,1.1150659257586491e-17,21.487628148431703,0.09649528784799699,0.10591536610046504,0.08455666496366626,0.008007380741454807,1.1837933094913277e-16,1.121033303803673e-17,21.502130386402698,0.09823620666954724,0.10801677819308964,0.09582033852945303,0.0075745530637414136,1.3414847394123425e-16,1.060437428923798e-17,21.36635574782499,0.08260345333459895,0.08940931950956355,133.0,160.02998957375272,70.0,58.72429354776416,1670.104614841901,16.912596541756084,18.81151320229321,0.8320251454399722,491.647216796875,292.1766052246094,141.51005903292932,35.01119749783077,0.7218845176234968,11.315789222717285,0.0
