t0,t1,t_mean,t0_data,t1_data,cps_bgsub,cps_bgsub_err,flux_bgsub,flux_bgsub_err,mag_bgsub,mag_bgsub_err_1,mag_bgsub_err_2,cps_mcatbgsub,cps_mcatbgsub_err,flux_mcatbgsub,flux_mcatbgsub_err,mag_mcatbgsub,mag_mcatbgsub_err_1,mag_mcatbgsub_err_2,cps,cps_err,flux,flux_err,mag,mag_err_1,mag_err_2,counts,flat_counts,bg_counts,bg_flat_counts,exptime,bg,mcat_bg,responses,detxs,detys,detrad,racent,deccent,q_mean,flags
780113115.995,780113223.995,780113160.626,780113160.626,780113160.626,0.002915443997786691,0.013732428516051986,4.081621596901368e-18,1.922539992247278e-17,25.158238241108805,1.891635094793429,,,,,,,,,0.011462567189078182,0.010393650519740791,1.6047594064709456e-17,1.455111072763711e-17,23.67179526412588,0.7007327841537077,2.575845111433935,1.0,1.2162632065936392,4.0,3.1490035517814867,106.10740042182914,0.9069130229130684,,0.8221904556339227,601.1856689453125,320.6042175292969,216.28537551833708,21.7660187486459,0.124263989808389,13.0,0.0
781403216.995,781403330.995,781403219.781,781403218.923,781403220.639,0.009740361269408975,0.015953967865748552,1.3636505777172566e-17,2.2335555012047976e-17,23.848562337166626,1.0531555446128067,,,,,,,,,0.019134835016471476,0.013065783249978577,2.6788769023060067e-17,1.829209654997001e-17,23.11543819494505,0.5650987210114771,1.246759700410042,2.0,2.144759229311616,4.0,3.6562323985202307,112.08663296366986,1.0529949307738267,,0.932577791350876,449.960205078125,591.25341796875,197.67117133304413,21.767592588120998,0.123251048104268,17.5,0.0
875550533.995,875552080.995,875551189.8471428,875550543.05,875552077.555,0.007276122130158039,0.0034898623716812897,1.0186570982221255e-17,4.885807320353806e-18,24.165250049719376,0.42538442544936217,0.7092239361139576,0.0017887974366043885,0.0039697255737655805,2.504316411246144e-18,5.557615803271813e-18,25.688597090372717,1.2693748567862606,,0.01297307514666365,0.0029090908245311044,1.816230520532911e-17,4.0727271543435464e-18,23.537392665624736,0.21966699101487208,0.2756824555016095,14.0,19.887093080038575,41.0,30.323443841865668,1532.9513515654796,8.733151826457313,17.144953631919012,0.7046665383004509,607.11865234375,360.30078125,210.88898529333278,21.76725728830315,0.12351020088343437,14.714285850524902,8.0
