t0,t1,t_mean,t0_data,t1_data,cps_bgsub,cps_bgsub_err,flux_bgsub,flux_bgsub_err,mag_bgsub,mag_bgsub_err_1,mag_bgsub_err_2,cps_mcatbgsub,cps_mcatbgsub_err,flux_mcatbgsub,flux_mcatbgsub_err,mag_mcatbgsub,mag_mcatbgsub_err_1,mag_mcatbgsub_err_2,cps,cps_err,flux,flux_err,mag,mag_err_1,mag_err_2,counts,flat_counts,bg_counts,bg_flat_counts,exptime,bg,mcat_bg,responses,detxs,detys,detrad,racent,deccent,q_mean,flags
753712552.995,753712666.995,753712585.0295,753712557.136,753712612.923,2.0519340329486727e-06,0.019524224732289153,2.872707646128142e-21,2.7333914625204816e-17,33.03959151336801,9.946140109627784,,-0.0154177337495506,0.022826696355492698,-2.1584827249370842e-17,3.195737489768978e-17,,,,0.021014312522840018,0.013806048731234217,2.9420037531976025e-17,1.9328468223727905e-17,23.013712033111474,0.5482952144126259,1.1617112879354536,2.0,2.3168161374363656,9.0,8.043714975219501,110.2494376115453,2.316589912863217,4.016612612568861,0.8633304771923804,430.63531494140625,229.02783203125,173.69514887150308,52.155133485820855,0.3791941809451155,10.5,0.0
882815355.995,882817031.995,882816227.9491526,882815375.7,882817024.08,0.014383602368689264,0.006460135812373082,2.013704331616497e-17,9.044190137322315e-18,23.425330828534737,0.4027698518860596,0.6473810985211976,0.004505885556919084,0.006915324370532565,6.308239779686718e-18,9.681454118745591e-18,24.685549607334792,1.0098298927183222,,0.041045786561892235,0.005029861661103638,5.746410118664913e-17,7.041806325545093e-18,22.28682854379357,0.1255071784909525,0.14193502600406305,59.0,66.59246387398278,169.0,150.19647420398442,1622.394634186609,43.25658457074752,59.28213932417832,0.8876954476548201,377.82427978515625,229.6080780029297,171.8288964316035,52.15522066809754,0.37984461362800137,9.474575996398926,0.0
912295094.995,912296592.995,912295914.6656756,912295102.56,912296529.145,0.006084520089773757,0.006012892256731437,8.518328125683261e-18,8.418049159424013e-18,24.359434176527436,0.7461653866539137,4.822861291869398,-0.005516515382252617,0.006639618736837281,-7.723121535153665e-18,9.295466231572195e-18,,,,0.029489407394941526,0.004489645278480016,4.128517035291814e-17,6.285503389872023e-18,22.645834886837932,0.15386305356774344,0.17932542268193785,37.0,43.14277062243993,138.0,118.89293639309227,1462.9921193275807,34.24116568121058,51.21338915282489,0.8592688334990809,486.50543212890625,259.1210021972656,165.31812305283302,52.15527340158297,0.3798595935323306,11.86486530303955,0.0
