t0,t1,t_mean,t0_data,t1_data,cps_bgsub,cps_bgsub_err,flux_bgsub,flux_bgsub_err,mag_bgsub,mag_bgsub_err_1,mag_bgsub_err_2,cps_mcatbgsub,cps_mcatbgsub_err,flux_mcatbgsub,flux_mcatbgsub_err,mag_mcatbgsub,mag_mcatbgsub_err_1,mag_mcatbgsub_err_2,cps,cps_err,flux,flux_err,mag,mag_err_1,mag_err_2,counts,flat_counts,bg_counts,bg_flat_counts,exptime,bg,mcat_bg,responses,detxs,detys,detrad,racent,deccent,q_mean,flags
842390206.995,842390309.995,5e-324,1.727233711018889e-77,5e-324,-0.016969561272793206,0.013020981621139077,-2.3757385781910488e-17,1.822937426959471e-17,,,,,,,,,,,0.0,0.0,0.0,0.0,inf,,,5e-324,5e-324,6.0,5.897409554418018,100.08826535754169,1.6984539516723893,,5e-324,5e-324,5e-324,565.685424949238,160000.0,5e-324,5e-324,0.0
842396127.995,842396225.995,842396194.375,842396194.375,842396194.375,-0.0068827771221778395,0.01769175706691104,-9.635887971048975e-18,2.476845989367546e-17,,,,,,,,,,,0.011495746169746433,0.010974655671868372,1.6094044637645007e-17,1.536451794061572e-17,23.668657085369922,0.727684182977093,3.3590600300088447,1.0,1.0972169935848857,7.0,6.090788018193485,95.44547847380728,1.754146949239724,,0.9113967481789967,240.84901428222656,142.80551147460938,302.4533702618905,318.871631378998,-0.670185546248187,9.0,32.0
904876433.995,904877064.995,904876677.7145001,904876479.34,904876998.225,0.007588439671104869,0.009192605003358455,1.0623815539546817e-17,1.2869647004701839e-17,24.11961878552232,0.8616662694585031,,,,,,,,,0.022454192353433006,0.007130448064006345,3.143586929480621e-17,9.982627289608884e-18,22.941756403246142,0.29942214092322317,0.414831356235581,10.0,9.916564374101947,23.0,22.795977114486856,441.63531771766486,6.5652414089722155,,1.0089673246599844,98.27470397949219,438.06573486328125,304.11700779361996,318.8699378391202,-0.6701647849347252,9.5,32.0
905467959.995,905468060.995,3.5e-323,2.781342323134e-309,3.5e-323,-0.032499753172126514,0.023932811766700916,-4.549965444097712e-17,3.3505936473381286e-17,,,,,,,,,,,0.0,0.0,0.0,0.0,inf,,,3.5e-323,3.5e-323,7.0,6.402951133603099,56.74042866452434,1.8440499264776928,,3.5e-323,3.5e-323,3.5e-323,565.685424949238,160000.0,3.5e-323,3.5e-323,32.0
