t0,t1,t_mean,t0_data,t1_data,cps_bgsub,cps_bgsub_err,flux_bgsub,flux_bgsub_err,mag_bgsub,mag_bgsub_err_1,mag_bgsub_err_2,cps_mcatbgsub,cps_mcatbgsub_err,flux_mcatbgsub,flux_mcatbgsub_err,mag_mcatbgsub,mag_mcatbgsub_err_1,mag_mcatbgsub_err_2,cps,cps_err,flux,flux_err,mag,mag_err_1,mag_err_2,counts,flat_counts,bg_counts,bg_flat_counts,exptime,bg,mcat_bg,responses,detxs,detys,detrad,racent,deccent,q_mean,flags
753629995.995,753630115.995,753630050.3323333,753630004.406,753630110.684,0.0829810394494875,0.04888291258945597,1.7094094126594425e-17,1.006987999342793e-17,22.782552823371454,0.5028680425205962,0.9656208711338046,,,,,,,,0.167972217301645,0.039833361839546326,3.460227676413887e-17,8.205672538946543e-18,22.016906362208914,0.2310493703785923,0.2938915364178847,15.0,17.782015624455962,37.0,31.240997535563444,105.86283797470487,8.997407290242274,,0.8437670808109073,371.5433349609375,333.5334777832031,72.3020079993727,35.069279749765556,0.41129481172424,15.399999618530273,0.0
908881353.995,908883049.995,908882185.8108547,908881356.45,908883044.305,0.18941632877618356,0.01579590272276412,3.901976372789381e-17,3.2539559608894085e-18,21.88645646259638,0.08696456999924607,0.0945414933605484,0.1403257718014109,0.016791298808446348,2.890710899109064e-17,3.4590075545399475e-18,22.212156401130386,0.12271483427305085,0.13837318177323965,0.28351332900648124,0.013687031238911124,5.840374577533513e-17,2.8195284352156916e-18,21.448566296267302,0.05118962504257851,0.053723017387337535,351.0,429.0702921654506,604.0,494.46807318585206,1513.4043033145783,142.4068050775254,216.70066525525584,0.818212988389748,413.2040710449219,464.72601318359375,66.0590968361065,35.06949229084634,0.41149478883994284,14.13960075378418,0.0
