t0,t1,t_mean,t0_data,t1_data,cps_bgsub,cps_bgsub_err,flux_bgsub,flux_bgsub_err,mag_bgsub,mag_bgsub_err_1,mag_bgsub_err_2,cps_mcatbgsub,cps_mcatbgsub_err,flux_mcatbgsub,flux_mcatbgsub_err,mag_mcatbgsub,mag_mcatbgsub_err_1,mag_mcatbgsub_err_2,cps,cps_err,flux,flux_err,mag,mag_err_1,mag_err_2,counts,flat_counts,bg_counts,bg_flat_counts,exptime,bg,mcat_bg,responses,detxs,detys,detrad,racent,deccent,q_mean,flags
753889498.995,753889622.995,5e-324,0.0010555555555555555,5e-324,-0.03640178985508294,0.017539173006356892,-5.096250579711612e-17,2.455484220889965e-17,,,,,,,,,,,0.0,0.0,0.0,0.0,inf,,,5e-324,5e-324,16.0,14.956664938211365,118.33262922931235,4.307519502204873,,5e-324,5e-324,5e-324,565.685424949238,160000.0,5e-324,5e-324,0.0
912300802.995,912302507.995,912301706.021,912300873.035,912302478.465,0.008600776154256968,0.006251184525214995,1.2041086615959755e-17,8.751658335300994e-18,23.983655888082644,0.5931153649879164,1.4088631463073717,0.0004828560072591647,0.0066308700622626175,6.759984101628307e-19,9.283218087167665e-18,27.11045590281163,2.9206987469568304,,0.036729139479026354,0.004704219566486557,5.14207952706369e-17,6.58590739308118e-18,22.40747311637392,0.1308484749512573,0.14880675277439792,55.0,60.96019379521133,179.0,162.10169679361815,1659.722897401987,46.68528867656204,60.158786623815196,0.9035412282874241,457.7743835449219,330.8027648925781,90.14508716789594,54.66446669057702,0.971739390617389,9.727272987365723,0.0
