t0,t1,t_mean,t0_data,t1_data,cps_bgsub,cps_bgsub_err,flux_bgsub,flux_bgsub_err,mag_bgsub,mag_bgsub_err_1,mag_bgsub_err_2,cps_mcatbgsub,cps_mcatbgsub_err,flux_mcatbgsub,flux_mcatbgsub_err,mag_mcatbgsub,mag_mcatbgsub_err_1,mag_mcatbgsub_err_2,cps,cps_err,flux,flux_err,mag,mag_err_1,mag_err_2,counts,flat_counts,bg_counts,bg_flat_counts,exptime,bg,mcat_bg,responses,detxs,detys,detrad,racent,deccent,q_mean,flags
777390387.995,777392082.995,777391217.7656263,777390388.0,777392082.43,0.1305541815304297,0.01913621863636189,2.6894161395268514e-17,3.942061039090549e-18,22.290523033913036,0.14850790737799358,0.1720889316120271,0.10625468197257347,0.019572579958855023,2.1888464486350135e-17,4.031951471524135e-18,22.514129810604622,0.18356667616964373,0.2210466036951111,0.32868186403179367,0.015115314112618076,6.770846399054949e-17,3.1137547071993236e-18,21.28806064676439,0.0488164160557325,0.051115034215019506,455.0,472.8431797087036,1030.0,989.6783269674206,1438.6044119031924,285.02735816661715,319.9847254375888,0.962527218153097,107.82475280761719,388.84808349609375,292.3879961859585,337.49340706434725,0.9535958376301984,8.580220222473145,32.0
1002452186.995,1002452343.995,1002452271.3947369,1002452193.965,1002452336.67,0.02301495171986686,0.07238445770694142,4.741080054292573e-18,1.4911198287629933e-17,24.174974829550194,1.5438390450454378,,,,,,,,,0.2397654171790449,0.05245786974762879,4.939167593888325e-17,1.080632116801153e-17,21.63053364412094,0.2148206975928737,0.2680781625507187,19.0,20.89064186357789,72.0,65.57416853039588,87.12950395168039,18.885360536754018,,0.9100078165122568,529.3516235351562,468.5767822265625,146.4056609961861,337.49336304921906,0.9534388946974316,7.842105388641357,32.0
