t0,t1,t_mean,t0_data,t1_data,cps_bgsub,cps_bgsub_err,flux_bgsub,flux_bgsub_err,mag_bgsub,mag_bgsub_err_1,mag_bgsub_err_2,cps_mcatbgsub,cps_mcatbgsub_err,flux_mcatbgsub,flux_mcatbgsub_err,mag_mcatbgsub,mag_mcatbgsub_err_1,mag_mcatbgsub_err_2,cps,cps_err,flux,flux_err,mag,mag_err_1,mag_err_2,counts,flat_counts,bg_counts,bg_flat_counts,exptime,bg,mcat_bg,responses,detxs,detys,detrad,racent,deccent,q_mean,flags
780823161.995,780823267.995,780823239.202,780823239.202,780823239.202,0.0039702652665854965,0.011979825938330945,5.558371373219695e-18,1.6771756313663325e-17,24.822951189033237,1.5098591159298245,,-0.0002387100011771938,0.013547971601451138,-3.3419400164807137e-19,1.8967160242031594e-17,,,,0.009529931141936822,0.009520430094501613,1.334190359871155e-17,1.3328602132302259e-17,23.872275593311034,0.7520336314640694,7.503295690767992,1.0,1.0019969241290512,2.0,2.0297045724053686,105.14209485939787,0.5845549168527463,1.0270953937167107,0.9980070556296498,404.91949462890625,537.6680908203125,137.75596051537534,26.67415823448,-1.02011700984013,13.0,0.0
781988806.995,781988916.995,781988808.327,781988808.327,781988808.327,-0.0020452530790575534,0.014934281034750611,-2.863354310680575e-18,2.0907993448650855e-17,,,,,,,,,,,0.011146839026618909,0.010106701369735497,1.5605574637266473e-17,1.4149381917629695e-17,23.70212067636554,0.7006988883936494,2.575152274260926,1.0,1.2164229126949149,6.0,4.9986652000019784,109.12716239914013,1.43961557760057,,0.822082508939722,532.794921875,346.3548583984375,143.2211314479782,26.6741432508446,-1.02003039612621,11.0,0.0
908479111.995,908480771.995,908479956.147125,908479120.48,908480760.855,0.04153280426133621,0.005876533805299936,5.814592596587069e-17,8.227147327419911e-18,22.274021861720357,0.14368159097882227,0.16563835014579809,0.03956004773497061,0.005977627205242244,5.538406682895886e-17,8.368678087339143e-18,22.326857982587182,0.15278511424824615,0.17786202816840913,0.04919087020024065,0.00546641149071977,6.886721828033691e-17,7.652976087007679e-18,22.0902887364549,0.11440880850677004,0.12790015904442953,80.0,80.97750089785458,44.0,43.773016700551665,1646.1896398299218,12.606628809758881,15.854160165368798,0.9887016343822268,401.80682373046875,543.0758056640625,143.08721388864052,26.673871052995718,-1.0205017644822214,14.487500190734863,0.0
