t0,t1,t_mean,t0_data,t1_data,cps_bgsub,cps_bgsub_err,flux_bgsub,flux_bgsub_err,mag_bgsub,mag_bgsub_err_1,mag_bgsub_err_2,cps_mcatbgsub,cps_mcatbgsub_err,flux_mcatbgsub,flux_mcatbgsub_err,mag_mcatbgsub,mag_mcatbgsub_err_1,mag_mcatbgsub_err_2,cps,cps_err,flux,flux_err,mag,mag_err_1,mag_err_2,counts,flat_counts,bg_counts,bg_flat_counts,exptime,bg,mcat_bg,responses,detxs,detys,detrad,racent,deccent,q_mean,flags
780823161.995,780823267.995,780823216.3748788,780823165.364,780823263.46,0.30352647733029703,0.07101190700271391,6.252645433004119e-17,1.4628452842559065e-17,21.37450854601144,0.2282493778009318,0.28936602205694584,0.25601985432004326,0.07447842749323864,5.274008998992891e-17,1.5342556063607162e-17,21.559315884696094,0.27723889976499194,0.37324475414147784,0.3892604975390773,0.0642846144843735,8.018766249304993e-17,1.3242630583780942e-17,21.104399166476863,0.16595039347025065,0.19597300219051306,33.0,36.66625709319933,31.0,28.0405770693041,94.19465197471894,8.075686195959582,12.550556016904606,0.9002754679867851,410.2873840332031,538.5476684570312,138.9290707703973,26.67358930163853,-1.020557111421144,13.909090995788574,0.0
781988806.995,781988916.995,781988866.2476314,781988826.11,781988908.719,0.12297632381929621,0.05805735966743074,2.533312270677502e-17,1.1959816091490732e-17,22.355446234092323,0.4198447042960005,0.6936248119099702,,,,,,,,0.2262110817317415,0.048108543157054276,4.659948283673875e-17,9.91035989035318e-18,21.693715308682695,0.2093575042893221,0.25960941706793506,19.0,22.10972504840764,41.0,35.03506448812296,97.73935423122661,10.090098572579416,,0.8594250582154215,533.25146484375,344.8425598144531,144.2161436553735,26.673667687851918,-1.02032752926724,14.526315689086914,0.0
908479111.995,908480771.995,908479940.8741285,908479113.105,908480763.06,0.2282964011782856,0.017074687986982404,4.702905864272683e-17,3.517385725318375e-18,21.683752336481714,0.07831081318802546,0.08440126150516036,0.1991599839651566,0.017635770028421028,4.102695669682226e-17,3.6329686258547315e-18,21.83199479340664,0.09212172382877526,0.10066879462717893,0.33223279683338286,0.014902067762307167,6.843995614767687e-17,3.0698259590352764e-18,21.276393744426294,0.04763933032713652,0.04982593176909944,436.0,497.04068221849155,616.0,539.9140123545908,1496.0614573755072,155.49523555812218,199.0851063566967,0.8773679747417855,402.563720703125,542.790771484375,142.81378464611402,26.673726258632513,-1.0206064756887854,13.784403800964355,0.0
