t0,t1,t_mean,t0_data,t1_data,cps_bgsub,cps_bgsub_err,flux_bgsub,flux_bgsub_err,mag_bgsub,mag_bgsub_err_1,mag_bgsub_err_2,cps_mcatbgsub,cps_mcatbgsub_err,flux_mcatbgsub,flux_mcatbgsub_err,mag_mcatbgsub,mag_mcatbgsub_err_1,mag_mcatbgsub_err_2,cps,cps_err,flux,flux_err,mag,mag_err_1,mag_err_2,counts,flat_counts,bg_counts,bg_flat_counts,exptime,bg,mcat_bg,responses,detxs,detys,detrad,racent,deccent,q_mean,flags
749492997.995,749493109.995,749493006.463,749493006.463,749493006.463,0.0028017396289933836,0.012329243446844405,3.922435480590737e-18,1.7260940825582167e-17,25.20143056747351,1.8310984312429461,,,,,,,,,0.009762869486505064,0.009420091014865146,1.366801728110709e-17,1.3188127420811205e-17,23.84605629113136,0.7333453725389454,3.6364098637628075,1.0,1.0741001305055717,3.0,2.6592216229287513,110.01889679978511,0.7658558274034805,,0.9310118969348851,335.5279235839844,198.58416748046875,211.48282726247166,15.1951829014059,0.518440884356761,8.0,0.0
875753018.995,875753279.995,875753202.4,875753156.94,875753270.785,-0.0007962986464328128,0.009695978993014392,-1.1148181050059381e-18,1.357437059022015e-17,,,,,,,,,,,0.011698939931199274,0.00674232186635201,1.6378515903678984e-17,9.439250612892814e-18,23.64963372232009,0.4941103054598166,0.932402639242838,3.0,3.0107455970284103,11.0,11.165536968124322,257.35200067137833,3.215674646819805,,0.9968911869628961,358.8229064941406,594.7671508789062,199.0723388396211,15.195599896777367,0.517950160833365,18.0,0.0
878744980.995,878746631.995,878745793.5112963,878744985.745,878746452.34,0.00916967579032177,0.004139194594080382,1.283754610645048e-17,5.794872431712535e-18,23.91411504821954,0.40446803689872723,0.6518611268757901,,,,,,,,0.01849339431129934,0.003374956137837076,2.5890752035819077e-17,4.724938592971907e-18,23.15245842580994,0.18199848835876153,0.21877425363187086,27.0,30.025966342607965,58.0,52.56262305714756,1623.6049389950174,15.1380354404585,,0.9005604375131826,274.946044921875,245.1441192626953,199.04480771828247,15.195744782548093,0.5179590588854053,7.481481552124023,0.0
