t0,t1,t_mean,t0_data,t1_data,cps_bgsub,cps_bgsub_err,flux_bgsub,flux_bgsub_err,mag_bgsub,mag_bgsub_err_1,mag_bgsub_err_2,cps_mcatbgsub,cps_mcatbgsub_err,flux_mcatbgsub,flux_mcatbgsub_err,mag_mcatbgsub,mag_mcatbgsub_err_1,mag_mcatbgsub_err_2,cps,cps_err,flux,flux_err,mag,mag_err_1,mag_err_2,counts,flat_counts,bg_counts,bg_flat_counts,exptime,bg,mcat_bg,responses,detxs,detys,detrad,racent,deccent,q_mean,flags
776272265.995,776272348.995,776272310.3613334,776272287.503,776272336.099,0.017071545974548966,0.028039647687177933,2.3900164364368554e-17,3.9255506762049106e-17,23.23931787005822,1.0550286672329214,,,,,,,,,0.0392296607283018,0.02241500709011894,5.4921525019622524e-17,3.138100992616652e-17,22.33596361945844,0.49070241111516566,0.9198165660558963,3.0,3.0630306550761515,6.0,6.007269426143541,78.07945820103313,1.73009359472934,,0.9794588789989719,119.8515625,438.6354064941406,282.8000029502455,346.1144318916617,0.3188420974144657,8.333333015441895,0.0
907562127.995,907563825.995,907563005.6483332,907562149.14,907563814.39,0.016439348073123146,0.004007379424363373,2.3015087302372405e-17,5.610331194108722e-18,23.280288522625426,0.2368480451083279,0.3033617117649321,0.006151511672121303,0.004714185573474407,8.612116340969826e-18,6.59985980286417e-18,24.347545369021354,0.6176893689712664,1.578566352299159,0.021620150517304575,0.00359927228526498,3.0268210724226405e-17,5.038981199370973e-18,22.982853217144644,0.16719107375558195,0.19770690253595546,24.0,36.081785606627506,46.0,30.021601278288657,1668.8961336207149,8.646221168147136,25.815551561101564,0.6667054364668767,686.1618041992188,346.7405090332031,291.07585190220493,346.11373676643353,0.31874415733344486,14.333333015441895,105.0
907591730.995,907593401.995,907592431.2016667,907591747.1,907593364.82,0.0004700092650398736,0.004138615055599026,6.580129710558231e-19,5.794061077838637e-18,27.139733952415853,2.4786622208160836,,-0.0007841230382684355,0.004229629327727697,-1.0977722535758097e-18,5.921481058818776e-18,,,,0.01433696761585194,0.002950726129075912,2.0071754662192717e-17,4.131016580706277e-18,23.428856739342308,0.20319939015908872,0.2501922847288114,24.0,23.607869927245154,78.0,79.28448742035566,1646.643178655343,22.833932377062435,24.899040779436376,1.017855487078025,391.1629943847656,559.711669921875,159.95596324450563,346.1140576688496,0.3186909922557825,16.0,65.0
