t0,t1,t_mean,t0_data,t1_data,cps_bgsub,cps_bgsub_err,flux_bgsub,flux_bgsub_err,mag_bgsub,mag_bgsub_err_1,mag_bgsub_err_2,cps_mcatbgsub,cps_mcatbgsub_err,flux_mcatbgsub,flux_mcatbgsub_err,mag_mcatbgsub,mag_mcatbgsub_err_1,mag_mcatbgsub_err_2,cps,cps_err,flux,flux_err,mag,mag_err_1,mag_err_2,counts,flat_counts,bg_counts,bg_flat_counts,exptime,bg,mcat_bg,responses,detxs,detys,detrad,racent,deccent,q_mean,flags
753889977.995,753890107.995,753890052.629,753890034.118,753890071.14,-0.0032087811588561907,0.017708953716159857,-4.492293622398667e-18,2.47925352026238e-17,,,,,,,,,,,0.0180621521204143,0.012000480709550985,2.5287012968580024e-17,1.680067299337138e-17,23.178076260978806,0.5531437925453844,1.1854427625864616,2.0,2.2653833534968486,10.0,9.263311466567588,125.42156318883258,2.6678337023714658,,0.8829337801481794,341.52264404296875,253.83151245117188,157.4319786829768,53.96628894633335,-0.5367290560314044,8.5,0.0
849774426.995,849774533.995,849774459.73,849774448.56,849774470.9,-0.012290414634247323,0.023364037833274995,-1.7206580487946252e-17,3.2709652966584996e-17,,,,-0.019804559727889783,0.024874499052237015,-2.7726383619045697e-17,3.482429867313182e-17,,,,0.022002412511741818,0.014606535415396811,3.080337751643855e-17,2.0449149581555537e-17,22.963824243047462,0.5527923636667786,1.183701543197742,2.0,2.2690610111580938,14.0,12.27966936293387,103.12782791192491,3.536544776524955,4.31146223864735,0.881571349421888,543.5242919921875,460.75177001953125,155.85249421284445,53.9666287653669,-0.5352201357753299,16.5,0.0
912537424.995,912539115.995,912538284.4824039,912537481.605,912539104.825,0.009532525340174108,0.006404231489314504,1.3345535476243752e-17,8.965924085040306e-18,23.87198007893506,0.5579799439875828,1.2097510685570008,-0.0033689032914808923,0.006995555199949726,-4.71646460807325e-18,9.793777279929617e-18,,,,0.03815643600557963,0.004840905317428592,5.341901040781148e-17,6.7772674444000286e-18,22.36608049316115,0.1296844992936066,0.14730266783371704,52.0,62.12729265823316,193.0,161.82704576590567,1628.2257768819986,46.606189180580834,67.61262783724496,0.8382638880557047,547.7332153320312,415.86273193359375,148.58239861012262,53.9669990446174,-0.5365365181555913,14.019230842590332,0.0
