t0,t1,t_mean,t0_data,t1_data,cps_bgsub,cps_bgsub_err,flux_bgsub,flux_bgsub_err,mag_bgsub,mag_bgsub_err_1,mag_bgsub_err_2,cps_mcatbgsub,cps_mcatbgsub_err,flux_mcatbgsub,flux_mcatbgsub_err,mag_mcatbgsub,mag_mcatbgsub_err_1,mag_mcatbgsub_err_2,cps,cps_err,flux,flux_err,mag,mag_err_1,mag_err_2,counts,flat_counts,bg_counts,bg_flat_counts,exptime,bg,mcat_bg,responses,detxs,detys,detrad,racent,deccent,q_mean,flags
754203890.995,754204006.995,754203913.996,754203905.585,754203922.407,0.006176064598787795,0.018681917064729128,8.646490438302913e-18,2.615468389062078e-17,24.343220425321363,1.5118850836335014,,,,,,,,,0.022591020683581087,0.014217518023806988,3.162742895701352e-17,1.9904525233329783e-17,22.93516036700708,0.5300318079400306,1.0775717264777072,2.0,2.524783430748368,8.0,6.36994255246987,111.76048511094292,1.8345434551113229,,0.792151985108628,591.65478515625,590.8709716796875,270.4871244684974,55.98382916315105,0.5847077813139685,18.0,0.0
912490092.995,912491793.995,912490996.7395456,912490109.24,912491780.855,0.009718927632317163,0.006795180518926657,1.3606498685244029e-17,9.51325272649732e-18,23.850954129109155,0.5755919402915595,1.3041963557924063,0.0031589344283173607,0.007084408299761726,4.4225081996443056e-18,9.918171619666418e-18,25.07114847220729,1.2772527318392761,,0.04258702961245672,0.005104994552469404,5.962184145743942e-17,7.146992373457166e-18,22.246806625802172,0.1229210141369137,0.1386354677960604,66.0,69.59277165462858,196.0,186.4957424831107,1634.1306798789428,53.71077383513589,64.43065998958933,0.9493247747845702,401.5499572753906,669.931884765625,269.9363346803801,55.983067189379476,0.5845437403519764,15.818181991577148,65.0
