t0,t1,t_mean,t0_data,t1_data,cps_bgsub,cps_bgsub_err,flux_bgsub,flux_bgsub_err,mag_bgsub,mag_bgsub_err_1,mag_bgsub_err_2,cps_mcatbgsub,cps_mcatbgsub_err,flux_mcatbgsub,flux_mcatbgsub_err,mag_mcatbgsub,mag_mcatbgsub_err_1,mag_mcatbgsub_err_2,cps,cps_err,flux,flux_err,mag,mag_err_1,mag_err_2,counts,flat_counts,bg_counts,bg_flat_counts,exptime,bg,mcat_bg,responses,detxs,detys,detrad,racent,deccent,q_mean,flags
780823582.995,780823688.995,780823615.485,780823589.991,780823640.979,0.012560094780004924,0.016523517492260248,1.7584132692006894e-17,2.3132924489164348e-17,23.57251770836851,0.9116385739188537,,0.009514166954943398,0.017386078064741278,1.3319833736920758e-17,2.434050929063779e-17,23.874073079585212,1.128463669016174,,0.02049621086972477,0.014029206005416578,2.869469521761468e-17,1.964088840758321e-17,23.040816048637577,0.566163376502157,1.2524259823325714,2.0,2.1344253789495164,3.0,2.8696102829304824,104.13755949897575,0.826447761483979,1.1436432515959094,0.9400142089623891,427.05059814453125,677.8984375,279.2118844621739,27.27058133387265,0.05717376199111635,17.0,0.0
781989241.995,781989355.995,781989301.1193999,781989249.91,781989336.806,0.05893647156027494,0.02425835791650512,8.251106018438492e-17,3.3961701083107166e-17,21.89403967069658,0.3742805104774476,0.5758216655674175,,,,,,,,0.06244972726440867,0.02360350667030031,8.742961817017214e-17,3.304490933842044e-17,21.83117363493082,0.3480916250066173,0.5154544349595973,5.0,7.00016108659589,2.0,1.367397433139115,112.09274072499304,0.39381046074406517,,0.7153310741778051,664.5777587890625,296.7032165527344,284.02749147995274,27.270576355578562,0.05738109760131316,12.600000381469727,8.0
908437725.995,908439356.995,908438369.3844446,908437789.575,908439151.145,-0.002980240935365301,0.003961838416713796,-4.172337309511422e-18,5.546573783399315e-18,,,,0.0002641840573824196,0.0036992783891715312,3.6985768033538745e-19,5.178989744840144e-18,27.765233485347935,2.940420354468465,,0.01116833060171135,0.0026313923521549417,1.563566284239589e-17,3.683949293016918e-18,23.70002934667562,0.2297052654296401,0.2917153032239561,18.0,18.013798745950677,80.0,79.23866541971594,1612.9356649945855,22.820735640878194,17.587686857675596,1.0000137772858768,272.1868591308594,401.9715881347656,127.8283463814186,27.26999937800396,0.05727809415072896,7.94444465637207,0.0
