t0,t1,t_mean,t0_data,t1_data,cps_bgsub,cps_bgsub_err,flux_bgsub,flux_bgsub_err,mag_bgsub,mag_bgsub_err_1,mag_bgsub_err_2,cps_mcatbgsub,cps_mcatbgsub_err,flux_mcatbgsub,flux_mcatbgsub_err,mag_mcatbgsub,mag_mcatbgsub_err_1,mag_mcatbgsub_err_2,cps,cps_err,flux,flux_err,mag,mag_err_1,mag_err_2,counts,flat_counts,bg_counts,bg_flat_counts,exptime,bg,mcat_bg,responses,detxs,detys,detrad,racent,deccent,q_mean,flags
751279218.995,751280854.995,751279985.2682692,751279299.585,751280798.585,0.0009683974824264836,0.0043777730128714476,1.3557564753970771e-18,6.128882218020027e-18,26.35486587069479,1.854972882628232,,-0.0003132688213686429,0.004468265470783241,-4.385763499161001e-19,6.2555716590965384e-18,,,,0.015826490641539317,0.003144020968587525,2.2157086898155046e-17,4.401629356022535e-18,23.32153843678253,0.19673604529818434,0.2404519820153901,26.0,25.339519941429366,80.0,82.60081774891188,1601.082673054599,23.789035511686627,25.841089223330936,1.027379482937747,174.88865661621094,496.9231872558594,245.09023062514868,37.6387138821771,-1.1736476874306943,10.461538314819336,0.0
815202103.995,815202219.995,1.5e-323,-1.2907399428072832e-231,1.5e-323,-0.005630475108452477,0.007297862595284838,-7.882665151833469e-18,1.0217007633398774e-17,,,,,,,,,,,0.0,0.0,0.0,0.0,inf,,,1.5e-323,1.5e-323,3.0,2.06683702869228,105.71915385431471,0.5952490642633768,,1.5e-323,1.5e-323,1.5e-323,565.685424949238,160000.0,1.5e-323,1.5e-323,8.0
909608887.995,909610534.995,909609644.648421,909608942.02,909610425.375,0.00046180335158257956,0.004408713691529954,6.465246922156114e-19,6.1721991681419355e-18,27.158857298682783,2.55779496714619,,-0.0006361511476983442,0.004492565343547361,-8.90611606777682e-19,6.289591480966306e-18,,,,0.014526887219426939,0.0031425061076998193,2.0337642107197717e-17,4.399508550779747e-18,23.414568587835927,0.21262268384331762,0.2646578469793006,19.0,21.3694265916313,81.0,71.84063168309903,1471.0258480601246,20.690101924732527,22.305221373168678,0.8912725046264298,272.62518310546875,189.24810791015625,246.25333296904736,37.638640746508955,-1.1738814578366519,8.631579399108887,65.0
