t0,t1,t_mean,t0_data,t1_data,cps_bgsub,cps_bgsub_err,flux_bgsub,flux_bgsub_err,mag_bgsub,mag_bgsub_err_1,mag_bgsub_err_2,cps_mcatbgsub,cps_mcatbgsub_err,flux_mcatbgsub,flux_mcatbgsub_err,mag_mcatbgsub,mag_mcatbgsub_err_1,mag_mcatbgsub_err_2,cps,cps_err,flux,flux_err,mag,mag_err_1,mag_err_2,counts,flat_counts,bg_counts,bg_flat_counts,exptime,bg,mcat_bg,responses,detxs,detys,detrad,racent,deccent,q_mean,flags
749492422.995,749492678.995,749492557.5281668,749492426.835,749492650.515,0.017476843975421895,0.014673413915634394,2.4467581565590653e-17,2.0542779481888152e-17,23.213842477281673,0.6618036296246146,1.9869332083337063,,,,,,,,0.03113458673061657,0.012233504799327347,4.35884214228632e-17,1.7126906719058287e-17,22.58689223643538,0.3598180136051248,0.541891101896038,6.0,6.477156901801935,10.0,9.865696538891829,208.03734951884059,2.841320603200847,,0.9317237292876008,392.3217468261719,509.1424865722656,109.41223856122579,17.02705879726965,-0.08236102186446696,14.333333015441895,0.0
875775362.995,875776302.995,875775875.0122414,875775442.35,875776297.505,0.015041432382449168,0.007202886594067355,2.1058005335428836e-17,1.0084041231694298e-17,23.37677701072849,0.4248247959669236,0.7076342402967057,0.020025558834382864,0.006818099411114379,2.803578236813601e-17,9.54533917556013e-18,23.066038389070314,0.3181426416922086,0.4519133981895713,0.0314854747230215,0.005837947342943811,4.407966461223011e-17,8.173126280121336e-18,22.574724385566984,0.18467802551945667,0.22266185913213477,29.0,29.08708129320589,53.0,52.747999998946256,923.825400413545,15.191423999696525,10.58696138452714,0.9979300810011975,268.53875732421875,642.3573608398438,275.7157026342803,17.027009198007217,-0.08220544611796492,14.965517044067383,0.0
878715402.995,878716883.995,878716144.8422414,878715434.005,878716801.53,0.01375511628810954,0.004677602899300407,1.9257162803353355e-17,6.54864405902057e-18,23.473839334147065,0.31781285138331583,0.451243420491096,0.011112734731045447,0.004867325321934485,1.5557828623463626e-17,6.814255450708279e-18,23.705447631123818,0.3943936487672488,0.6256500858438905,0.022840793080322445,0.003956430026916315,3.1977110312451424e-17,5.539002037682841e-18,22.92322205136889,0.173446531619323,0.20652209566612356,29.0,33.328470256289805,53.0,46.03297006786642,1459.16431794142,13.257495379545531,17.113164261999945,0.8711063340792036,489.20989990234375,658.36376953125,273.3317465041027,17.026741039471382,-0.08193669994433957,18.275861740112305,0.0
