t0,t1,t_mean,t0_data,t1_data,cps_bgsub,cps_bgsub_err,flux_bgsub,flux_bgsub_err,mag_bgsub,mag_bgsub_err_1,mag_bgsub_err_2,cps_mcatbgsub,cps_mcatbgsub_err,flux_mcatbgsub,flux_mcatbgsub_err,mag_mcatbgsub,mag_mcatbgsub_err_1,mag_mcatbgsub_err_2,cps,cps_err,flux,flux_err,mag,mag_err_1,mag_err_2,counts,flat_counts,bg_counts,bg_flat_counts,exptime,bg,mcat_bg,responses,detxs,detys,detrad,racent,deccent,q_mean,flags
746284688.995,746284800.995,746284750.7285385,746284698.099,746284799.134,0.05595746495655112,0.051805361229553246,1.1527237781049531e-17,1.0671904413287968e-17,23.210354921490513,0.7115273531510518,2.8239745924320196,,,,,,,,0.15759665538706097,0.04039249480616331,3.246491100973456e-17,8.320853930069642e-18,22.086132509031717,0.2477359879643437,0.321509918988923,13.0,15.222733247030547,40.0,34.0890069698587,96.59299691128068,9.817634007319308,,0.8542815765856063,377.8421325683594,286.1698913574219,115.96665349443909,327.21360259882516,0.6128780492392227,15.84615421295166,0.0
777289813.995,777291495.995,777290656.0307598,777289814.94,777291493.235,0.054319343326421354,0.01390512643354678,1.1189784725242799e-17,2.8644560453106365e-18,23.242613722345187,0.24746414489973745,0.32105085794769295,-0.006801759583843858,0.015330028770643852,-1.4011624742718348e-18,3.1579859267526333e-18,,,,0.16900680661147435,0.010732521274287622,3.4815402161963716e-17,2.21089938250325e-18,22.010239510443977,0.06684729385430899,0.07123458653342496,204.0,247.97327373227984,712.0,584.2841952691278,1467.238383495048,168.27384823750884,257.95307646900085,0.8229647191750947,448.578369140625,295.6282653808594,115.12305127892999,327.2140073147222,0.6125154789374736,14.79411792755127,0.0
905527057.995,905528723.995,905527847.0909168,905527062.955,905528720.005,0.061413476175914125,0.01478638795824798,1.2651176092238309e-17,3.045995919399084e-18,23.109340799074676,0.23422629153666108,0.29906346255096494,0.011048796584562771,0.015913624338645214,2.276052096419931e-18,3.278206613760914e-18,24.97171255498001,0.9686097659575097,,0.1898054733290902,0.01142005252214358,3.909992750579258e-17,2.3525308195615774e-18,21.88422817046796,0.06343584792350399,0.0673734365201426,240.0,276.23662614418345,745.0,648.8106886092662,1455.3670202399085,186.8574783194687,260.15657198167145,0.8690049317673866,338.2626953125,501.05902099609375,118.4247462094225,327.2139666523879,0.612636308021213,14.012499809265137,0.0
