t0,t1,t_mean,t0_data,t1_data,cps_bgsub,cps_bgsub_err,flux_bgsub,flux_bgsub_err,mag_bgsub,mag_bgsub_err_1,mag_bgsub_err_2,cps_mcatbgsub,cps_mcatbgsub_err,flux_mcatbgsub,flux_mcatbgsub_err,mag_mcatbgsub,mag_mcatbgsub_err_1,mag_mcatbgsub_err_2,cps,cps_err,flux,flux_err,mag,mag_err_1,mag_err_2,counts,flat_counts,bg_counts,bg_flat_counts,exptime,bg,mcat_bg,responses,detxs,detys,detrad,racent,deccent,q_mean,flags
753712846.995,753712963.995,753712911.2268,753712849.717,753712945.344,-0.060951120830155144,0.05107331989200615,-1.2555930891011959e-17,1.0521103897753267e-17,,,,,,,,,,,0.10230159071638162,0.03169995249783647,2.1074127687574612e-17,6.530190214554312e-18,22.55529403316887,0.29306853291596724,0.40266902082272793,10.0,10.414718853240604,60.0,57.70760886458679,101.80407538445918,16.619791353001,,0.9604407630269934,642.3780517578125,453.33905029296875,248.17770701670344,51.21613220474943,-0.15656413892063853,13.100000381469727,0.0
913341877.995,913343578.995,913342732.2524093,913341884.09,913343572.62,0.0022491091320084255,0.013611738952624297,4.633164811937356e-19,2.804018224240605e-18,26.69997367768574,2.120789691354858,,,,,,,,,0.1398671392189283,0.009663880909675095,2.8812630679099225e-17,1.9907594673930696e-18,22.215710769742977,0.0725390101435579,0.07773459901562418,193.0,209.47309301589027,778.0,715.6413107180454,1497.6576641637794,206.1046974867971,,0.921510076618534,462.4747009277344,639.4633178710938,247.47882507770709,51.21577995643542,-0.15626797136530876,10.756476402282715,0.0
913353706.995,913355013.995,913354358.9071598,913353716.98,913354995.635,0.03195946169509887,0.015880097596861962,6.5836491091903664e-18,3.271300104953564e-18,23.818501360693062,0.43796928616071895,0.7458264657894702,,,,,,,,0.16135391329333587,0.011829987291288351,3.323890613842719e-17,2.4369773820054002e-18,22.060551243126287,0.07682003547860816,0.08267202774317539,169.0,186.033196924128,569.0,518.0051924831128,1152.951255578946,149.18549543513652,,0.908654017155843,635.6826782226562,411.10784912109375,235.94429242153984,51.21568530149411,-0.15643233358671166,10.183431625366211,0.0
