t0,t1,t_mean,t0_data,t1_data,cps_bgsub,cps_bgsub_err,flux_bgsub,flux_bgsub_err,mag_bgsub,mag_bgsub_err_1,mag_bgsub_err_2,cps_mcatbgsub,cps_mcatbgsub_err,flux_mcatbgsub,flux_mcatbgsub_err,mag_mcatbgsub,mag_mcatbgsub_err_1,mag_mcatbgsub_err_2,cps,cps_err,flux,flux_err,mag,mag_err_1,mag_err_2,counts,flat_counts,bg_counts,bg_flat_counts,exptime,bg,mcat_bg,responses,detxs,detys,detrad,racent,deccent,q_mean,flags
749493141.995,749493253.995,5e-324,0.0,5e-324,-0.003792622803534056,0.005870294178029838,-5.309671924947679e-18,8.218411849241774e-18,,,,-0.010111689763894607,0.009585216085635338,-1.415636566945245e-17,1.3419302519889473e-17,,,,0.0,0.0,0.0,0.0,inf,,,5e-324,5e-324,2.0,1.449329342978344,110.05757028851208,0.4174068507777631,1.1128680069254588,5e-324,5e-324,5e-324,565.685424949238,160000.0,5e-324,5e-324,32.0
874674771.995,874676430.995,874675435.8613889,874674810.045,874676405.325,0.003988516804015007,0.003359664328099288,5.58392352562101e-18,4.703530059339003e-18,24.81797143470844,0.6634210674388186,2.0056566273946252,0.0010327560256969336,0.0036171719904876435,1.4458584359757073e-18,5.0640407866827015e-18,26.28500565604597,1.6336212305204256,,0.011279268319776803,0.002618364887545097,1.5790975647687526e-17,3.665710842563136e-18,23.689297679735823,0.22664979322712142,0.2867943294908244,18.0,18.556733014628,43.0,41.64859932446917,1645.2071613626804,11.994796605447123,16.857635405210946,0.9719367901821769,108.52542877197266,458.8493957519531,297.35614514069215,13.704310915027001,0.4296971432645455,9.61111068725586,96.0
875893680.995,875895295.995,875894513.4941667,875893897.23,875895270.975,0.00807038687114871,0.003058551699860128,1.1298541619608193e-17,4.281972379804179e-18,24.052764114874527,0.34889847792696216,0.5172439363118855,0.0012152546983871736,0.003697594522829104,1.7013565777420432e-18,5.176632331960746e-18,26.108331727979408,1.516665316823179,,0.011461766992467043,0.002686781642770616,1.604647378945386e-17,3.761494299878863e-18,23.6718710615231,0.2286507915562659,0.2900129383249279,12.0,18.198617877986525,28.0,18.69695200193572,1587.7672168651752,5.384722176557488,16.269076307745994,0.6603709429312952,666.9750366210938,526.6751098632812,295.50339023048235,13.704204786575643,0.4299976822456601,18.25,105.0
