t0,t1,t_mean,t0_data,t1_data,cps_bgsub,cps_bgsub_err,flux_bgsub,flux_bgsub_err,mag_bgsub,mag_bgsub_err_1,mag_bgsub_err_2,cps_mcatbgsub,cps_mcatbgsub_err,flux_mcatbgsub,flux_mcatbgsub_err,mag_mcatbgsub,mag_mcatbgsub_err_1,mag_mcatbgsub_err_2,cps,cps_err,flux,flux_err,mag,mag_err_1,mag_err_2,counts,flat_counts,bg_counts,bg_flat_counts,exptime,bg,mcat_bg,responses,detxs,detys,detrad,racent,deccent,q_mean,flags
754203447.995,754203561.995,754203514.1004,754203453.405,754203560.607,0.07743608704195502,0.03831485864192298,1.0841052185873704e-16,5.3640802098692176e-17,21.59764150169176,0.4364528714051197,0.741327290548746,,,,,,,,0.1185192618999424,0.033017329043505815,1.6592696665991936e-16,4.622426066090814e-17,21.135527654576748,0.2668214367727977,0.3545325141760216,10.0,12.885284164389068,19.0,15.508742053539713,108.71890322154741,4.4665177114194385,,0.7762045575651473,586.9777221679688,489.2838439941406,207.20104581177227,58.15926585226142,0.5231299514300403,17.399999618530273,0.0
913436514.995,913437719.995,913437078.7266347,913436568.97,913437654.555,0.008433449105942266,0.008924789608527618,1.1806828748319174e-17,1.2494705451938666e-17,24.004986928999898,0.7837510704743096,,-0.00928944154145682,0.0097427881437271,-1.3005218158039548e-17,1.363990340121794e-17,,,,0.05043992807224994,0.006592349104617194,7.061589930114991e-17,9.229288746464072e-18,22.063063853514997,0.13336563446810956,0.1520720992095903,52.0,58.54213024160314,192.0,169.28475728884422,1160.630724091193,48.75401009918714,69.32374150426698,0.8888325029235666,309.05010986328125,216.23069763183594,205.04399286192933,58.15919759166962,0.5233500963068124,7.980769157409668,0.0
913709834.995,913710185.995,913709988.8899997,913709876.695,913710181.175,-0.00014672650737481706,0.01639634654941588,-2.054171103247439e-19,2.2954885169182232e-17,,,,,,,,,,,0.04522824807946751,0.011584576158724826,6.331954731125451e-17,1.6218406622214757e-17,22.181475585916854,0.2475915337876664,0.3212659409258869,14.0,15.242606328347474,57.0,53.097414545703806,337.01518355443966,15.2920553891627,,0.919686093607156,228.65635681152344,268.1579895019531,216.19657673808592,58.159197162493456,0.5231323336810632,6.285714149475098,64.0
