t0,t1,t_mean,t0_data,t1_data,cps_bgsub,cps_bgsub_err,flux_bgsub,flux_bgsub_err,mag_bgsub,mag_bgsub_err_1,mag_bgsub_err_2,cps_mcatbgsub,cps_mcatbgsub_err,flux_mcatbgsub,flux_mcatbgsub_err,mag_mcatbgsub,mag_mcatbgsub_err_1,mag_mcatbgsub_err_2,cps,cps_err,flux,flux_err,mag,mag_err_1,mag_err_2,counts,flat_counts,bg_counts,bg_flat_counts,exptime,bg,mcat_bg,responses,detxs,detys,detrad,racent,deccent,q_mean,flags
847921597.995,847921655.995,847921625.6043751,847921599.5,847921652.69,0.07040584660274755,0.07255167752073237,1.4503604400165997e-17,1.494564556927087e-17,22.960978187305194,0.7689957323834236,,,,,,,,,0.1696691557889451,0.057627169909098004,3.4951846092522687e-17,1.1871197001274188e-17,22.00599275260548,0.31747379086245076,0.4505552527945227,8.0,8.668644928432105,19.0,17.60940074808092,51.091460248763234,5.071507415447306,,0.9229094885792624,390.99462890625,639.4895629882812,239.65881475308618,29.707127284911877,-2.4410750186306336,11.375,0.0
877958873.995,877958996.995,877958950.7565,877958891.99,877958994.74,0.012439819696392383,0.042902935079425816,2.5626028574568306e-18,8.838004626361719e-18,24.842964785734647,1.6206167183812532,,,,,,,,,0.107488734246299,0.03125471884815825,2.2142679254737593e-17,6.4384720827206e-18,22.501592628000108,0.27712387591873267,0.37303538317011586,10.0,11.827547598260427,43.0,36.315031862691725,110.03523002846848,10.458729176455218,,0.8458632930289145,252.45443725585938,217.6311798095703,234.58064639508183,29.706753720247548,-2.4410586391196647,10.600000381469727,0.0
