t0,t1,t_mean,t0_data,t1_data,cps_bgsub,cps_bgsub_err,flux_bgsub,flux_bgsub_err,mag_bgsub,mag_bgsub_err_1,mag_bgsub_err_2,cps_mcatbgsub,cps_mcatbgsub_err,flux_mcatbgsub,flux_mcatbgsub_err,mag_mcatbgsub,mag_mcatbgsub_err_1,mag_mcatbgsub_err_2,cps,cps_err,flux,flux_err,mag,mag_err_1,mag_err_2,counts,flat_counts,bg_counts,bg_flat_counts,exptime,bg,mcat_bg,responses,detxs,detys,detrad,racent,deccent,q_mean,flags
840880585.995,840880699.995,840880637.1810001,840880586.215,840880688.585,0.2893279454635605,0.08683224550949455,5.960155676549346e-17,1.7887442574955875e-17,21.426524042267186,0.2849561229377322,0.38743644448632963,0.3234470159868425,0.08480977818461159,6.663008529328956e-17,1.7470814306029988e-17,21.305492127898823,0.25282568029149743,0.33016233841143006,0.5151946071579573,0.07240017709206667,1.061300890745392e-16,1.4914436480965735e-17,20.8000717290944,0.1427665594602061,0.16442289783503483,45.0,50.63646271018164,87.0,77.08177319913368,98.28608841523963,22.1995506813505,18.846120699253408,0.8890111141567216,182.43312072753906,221.25782775878906,281.57434381325356,308.73273483970615,-23.10465718189052,9.466666221618652,0.0
869049010.995,869049081.995,869049045.8830231,869049013.685,869049078.155,0.5732500532602793,0.1297449700176438,1.1808951097161755e-16,2.672746382363462e-17,20.684139740620026,0.2215203669299477,0.2786137547014462,0.5929509425858115,0.1284573178122282,1.2214789417267715e-16,2.6462207469319005e-17,20.647453090558976,0.21290586767711872,0.2650975153642037,0.7853696576662166,0.1151260156691214,1.6178614947924061e-16,2.3715959227839006e-17,20.3423147036873,0.14851877988794726,0.17210353903636744,43.0,46.537311242125625,47.0,43.64308981780716,59.25529562781258,12.569209867528464,11.401827846413244,0.9241245076824526,591.0006103515625,586.8779907226562,267.2164227198744,308.7326642216078,-23.1047007674751,9.767441749572754,0.0
