t0,t1,t_mean,t0_data,t1_data,cps_bgsub,cps_bgsub_err,flux_bgsub,flux_bgsub_err,mag_bgsub,mag_bgsub_err_1,mag_bgsub_err_2,cps_mcatbgsub,cps_mcatbgsub_err,flux_mcatbgsub,flux_mcatbgsub_err,mag_mcatbgsub,mag_mcatbgsub_err_1,mag_mcatbgsub_err_2,cps,cps_err,flux,flux_err,mag,mag_err_1,mag_err_2,counts,flat_counts,bg_counts,bg_flat_counts,exptime,bg,mcat_bg,responses,detxs,detys,detrad,racent,deccent,q_mean,flags
749327417.995,749327531.995,749327497.20325,749327465.127,749327521.478,0.02301589810198703,0.024148234981299154,3.222225734278184e-17,3.380752897381882e-17,22.91493018465072,0.7789598250199248,,,,,,,,,0.038996067968059676,0.020338002400030496,5.459449515528355e-17,2.8473203360042697e-17,22.342447953322495,0.45570830915539773,0.8003855093356123,4.0,3.6764193973844757,5.0,5.231101344382857,94.27666913483952,1.5065571871822632,,1.0880460052264875,182.27899169921875,505.3510437011719,241.87037822857738,12.23814520225845,-0.9053231478950012,9.5,0.0
874662939.995,874664601.995,874663702.137,874663017.605,874664522.45,0.016478403450250482,0.004081898113140601,2.3069764830350677e-17,5.714657358396841e-18,23.27771217066503,0.24028587137052426,0.30903965004151956,0.01134500864259443,0.004458246583492674,1.5883012099632203e-17,6.2415452168897446e-18,23.68298792233663,0.35985430762048054,0.5419743822533114,0.02154508188230128,0.0036728182108889573,3.0163114635221793e-17,5.1419454952445405e-18,22.98662962757978,0.1709019271544605,0.20292146489118323,25.0,34.41101094126231,38.0,28.098305926874588,1597.163154414839,8.092312106939882,16.291181150792582,0.7270199413493629,598.3964233398438,238.9831085205078,255.51434428571923,12.23765682781421,-0.905527507454524,12.319999694824219,8.0
875804942.995,875806537.995,875805648.4426923,875804953.03,875806509.41,0.007709585934885184,0.0031649866224074345,1.0793420308839258e-17,4.430981271370408e-18,24.10242236584001,0.3734528541233715,0.5738386380653431,0.0015796619594307165,0.0037321534095201003,2.2115267432030032e-18,5.2250147733281404e-18,25.82358960043203,1.3166970283615917,,0.011703335491068782,0.002732858844704949,1.6384669687496294e-17,3.826002382586929e-18,23.649225862959366,0.22785766238573046,0.2887353372938577,13.0,18.33939095099981,31.0,21.7301934893568,1567.0225778792064,6.258295724934759,15.86402499515497,0.7101440105909028,624.1734619140625,473.87591552734375,236.03260775057936,12.23765101118813,-0.9055162610734495,19.0,8.0
