t0,t1,t_mean,t0_data,t1_data,cps_bgsub,cps_bgsub_err,flux_bgsub,flux_bgsub_err,mag_bgsub,mag_bgsub_err_1,mag_bgsub_err_2,cps_mcatbgsub,cps_mcatbgsub_err,flux_mcatbgsub,flux_mcatbgsub_err,mag_mcatbgsub,mag_mcatbgsub_err_1,mag_mcatbgsub_err_2,cps,cps_err,flux,flux_err,mag,mag_err_1,mag_err_2,counts,flat_counts,bg_counts,bg_flat_counts,exptime,bg,mcat_bg,responses,detxs,detys,detrad,racent,deccent,q_mean,flags
842324820.995,842324943.995,5e-324,-0.0,5e-324,-0.004749967149442386,0.006265475641669554,-6.649954009219341e-18,8.771665898337376e-18,,,,,,,,,,,0.0,0.0,0.0,0.0,inf,,,5e-324,5e-324,2.0,1.9956327964078748,120.99920426458924,0.574742245365468,,5e-324,5e-324,5e-324,565.685424949238,160000.0,5e-324,5e-324,0.0
846058094.995,846058231.995,846058221.23,846058221.23,846058221.23,-0.0021715528807257746,0.012101662259873327,-3.0401740330160847e-18,1.6942327163822658e-17,,,,,,,,,,,0.008355748733073294,0.008050106733742124,1.1698048226302613e-17,1.1270149427238973e-17,24.015036570568626,0.7325337734711468,3.591930849628909,1.0,1.0773764206638294,5.0,4.713100198638711,128.93834593175518,1.3573728572079489,,0.9281806997259567,474.3697509765625,474.46441650390625,105.2416703857514,5.3249350106906,1.07556720373151,13.0,0.0
875639442.995,875640846.995,875640381.2463638,875639865.965,875640763.485,0.0014371359650535052,0.0033765954417898023,2.0119903510749073e-18,4.727233618505723e-18,25.926255355100896,1.312459990503001,,,,,,,,,0.008557175118679167,0.0024946509765172583,1.1980045166150835e-17,3.4925113671241615e-18,23.989173950704036,0.27775905696605463,0.3741923466467334,11.0,11.766336223446498,36.0,33.99387934189963,1375.0257602841575,9.790237250467095,,0.936052518633863,288.3533020019531,381.7709655761719,113.12507622049232,5.324783832163027,1.0745074744514989,7.454545497894287,0.0
876993940.995,876995631.995,876995030.5500001,876994378.65,876995596.725,-0.0007624919480260253,0.002878997300886406,-1.0674887272364356e-18,4.0305962212409685e-18,,,,-0.0025942379563940977,0.0030668198062557945,-3.631933138951737e-18,4.2935477287581126e-18,,,,0.006416400870023736,0.0019778470567392756,8.982961218033231e-18,2.768985879434986e-18,24.301771277411053,0.29172575763493214,0.4001249984394981,9.0,10.524405365525059,47.0,40.88566443032948,1640.235013166521,11.775071355934893,14.77956529408822,0.8558611693222954,505.92083740234375,382.3295593261719,107.38467427720317,5.324614388922005,1.0744816708781757,12.333333015441895,65.0
