t0,t1,t_mean,t0_data,t1_data,cps_bgsub,cps_bgsub_err,flux_bgsub,flux_bgsub_err,mag_bgsub,mag_bgsub_err_1,mag_bgsub_err_2,cps_mcatbgsub,cps_mcatbgsub_err,flux_mcatbgsub,flux_mcatbgsub_err,mag_mcatbgsub,mag_mcatbgsub_err_1,mag_mcatbgsub_err_2,cps,cps_err,flux,flux_err,mag,mag_err_1,mag_err_2,counts,flat_counts,bg_counts,bg_flat_counts,exptime,bg,mcat_bg,responses,detxs,detys,detrad,racent,deccent,q_mean,flags
819296486.995,819296593.995,819296545.590375,819296497.146,819296588.79,0.1338897751146749,0.10410687899382691,2.7581293673623027e-17,2.1446017072728342e-17,22.26313146973343,0.6245585985886919,1.6319512134363983,0.07962295033888522,0.10796668703296299,1.6402327769810357e-17,2.2241137528790376e-17,22.82740433540032,0.9304264450744846,,0.42620667315923794,0.08018055161966507,8.779857467080301e-17,1.6517193633651005e-17,21.005949386944348,0.18715623867961995,0.22627840066700244,24.0,28.255461881828495,79.0,67.28892644260013,66.2952123024873,19.37921081546884,22.976841484961696,0.8495229098284375,526.1216430664062,422.1310119628906,128.0486256867741,57.820291686712615,26.835156148705355,14.333333015441895,0.0
850051262.995,850051365.995,850051317.7127274,850051264.7,850051363.775,0.27537599866949575,0.09852607969222825,5.672745572591612e-17,2.029637241659902e-17,21.48018478710076,0.3320794851462452,0.4808030499457452,0.16630857406035576,0.1053555776908044,3.425956625643329e-17,2.1703249004305707e-17,22.027713400235758,0.5327942341916128,1.0897989501950498,0.5178778602522917,0.08131105799894026,1.0668283921197208e-16,1.675007794778169e-17,20.794431637669522,0.1583410693461289,0.18544159314151543,33.0,40.56537226366617,81.0,65.95545336684373,78.3299989767938,18.995170569651,27.538421827686467,0.8135870652541354,511.4891662597656,330.1672058105469,131.55399400095834,57.820254301549944,26.83470869159509,12.696969985961914,0.0
