t0,t1,t_mean,t0_data,t1_data,cps_bgsub,cps_bgsub_err,flux_bgsub,flux_bgsub_err,mag_bgsub,mag_bgsub_err_1,mag_bgsub_err_2,cps_mcatbgsub,cps_mcatbgsub_err,flux_mcatbgsub,flux_mcatbgsub_err,mag_mcatbgsub,mag_mcatbgsub_err_1,mag_mcatbgsub_err_2,cps,cps_err,flux,flux_err,mag,mag_err_1,mag_err_2,counts,flat_counts,bg_counts,bg_flat_counts,exptime,bg,mcat_bg,responses,detxs,detys,detrad,racent,deccent,q_mean,flags
837360922.995,837361038.995,837360978.1578572,837360930.845,837361020.965,0.05083055390395257,0.036482879762833334,7.11627754655336e-17,5.107603166796667e-17,22.05468789433859,0.5873905631249627,1.373358344196479,0.0046132591495178015,0.04195178043479133,6.458562809324922e-18,5.873249260870786e-17,24.659980370609,2.5101303118063747,,0.09711949338834229,0.030023061165994448,1.359672907436792e-16,4.203228563239223e-17,21.351733979264026,0.2924613118834536,0.4015174515855442,7.0,10.464123930076713,26.0,17.31734101957649,107.74483643808598,4.98739421363803,9.967069077565414,0.6697513495038088,678.6140747070312,361.463623046875,281.26651946779685,300.7128542751429,49.31812949614285,14.285714149475098,8.0
842035168.995,842035294.995,842035254.4108334,842035219.555,842035291.035,-0.05743419947928099,0.037338222419685596,-8.040787927099338e-17,5.227351138755984e-17,,,,,,,,,,,0.05140558965398737,0.02114784185072976,7.196782551558233e-17,2.9606978591021666e-17,22.042474137147224,0.3741190315392373,0.5754343660124945,6.0,5.908654314319512,43.0,43.43836208878633,114.94186437877376,12.510248281570465,,1.0160373371479932,140.1925048828125,271.6570129394531,289.77897930438485,300.7132365996667,49.31708784818333,8.166666984558105,0.0
