t0,t1,t_mean,t0_data,t1_data,cps_bgsub,cps_bgsub_err,flux_bgsub,flux_bgsub_err,mag_bgsub,mag_bgsub_err_1,mag_bgsub_err_2,cps_mcatbgsub,cps_mcatbgsub_err,flux_mcatbgsub,flux_mcatbgsub_err,mag_mcatbgsub,mag_mcatbgsub_err_1,mag_mcatbgsub_err_2,cps,cps_err,flux,flux_err,mag,mag_err_1,mag_err_2,counts,flat_counts,bg_counts,bg_flat_counts,exptime,bg,mcat_bg,responses,detxs,detys,detrad,racent,deccent,q_mean,flags
753629995.995,753630115.995,753630046.5295,753629997.803,753630092.729,0.041073823627866816,0.020969743846146548,5.750335307901355e-17,2.935764138460517e-17,22.286087165243032,0.44782906917909315,0.7757023371142964,,,,,,,,0.04643684080448579,0.019854555744102484,6.501157712628011e-17,2.779637804174348e-17,22.15284333472862,0.3864862555171591,0.6056758879325237,4.0,5.470222409401922,3.0,2.193607985218568,117.79919380031338,0.6317590997429477,,0.7322455704762683,664.717529296875,379.20697021484375,265.5328989121466,34.610937415896004,0.22600515671289426,15.5,8.0
908863633.995,908865004.995,908864414.2211112,908863776.41,908864961.06,0.008954238229216448,0.00480172266278852,1.2535933520903028e-17,6.722411727903928e-18,23.939928388278293,0.46615571942551526,0.8342934388342123,0.00827167605505739,0.0048544133177071775,1.1580346477080345e-17,6.796178644790049e-18,24.02601620564947,0.5013545980249319,0.9597878669652999,0.01994281253616724,0.0038555876430064213,2.791993755063414e-17,5.39782270020899e-18,23.070533982813966,0.19190339050674154,0.2332631843674413,27.0,26.75418059722943,51.0,51.1863437609051,1341.5450076918412,14.741667003140671,15.657354880323044,1.0102644547084978,273.2149963378906,569.65966796875,211.79905592062394,34.61081022992413,0.22599233356273202,13.481481552124023,0.0
908881353.995,908883049.995,908882165.770333,908881357.735,908883027.155,0.005659807317418795,0.004227250714087044,7.923730244386313e-18,5.918150999721862e-18,24.437995884222865,0.605663592296743,1.4917246386044383,0.0055984877523736955,0.0042315912612335815,7.837882853323175e-18,5.924227765727014e-18,24.449823168865112,0.6112156905654196,1.530837759471531,0.017751994954731707,0.0032602563154812553,2.485279293662439e-17,4.5643588416737575e-18,23.19688208551556,0.18306354944956738,0.22031668232213164,30.0,29.647688696547565,69.0,70.12228602989748,1670.104614841901,20.195218376610477,20.297628465172394,1.012846417387705,122.98532104492188,396.6248779296875,277.0352392847786,34.61063850910648,0.22616781577056974,9.199999809265137,0.0
