t0,t1,t_mean,t0_data,t1_data,cps_bgsub,cps_bgsub_err,flux_bgsub,flux_bgsub_err,mag_bgsub,mag_bgsub_err_1,mag_bgsub_err_2,cps_mcatbgsub,cps_mcatbgsub_err,flux_mcatbgsub,flux_mcatbgsub_err,mag_mcatbgsub,mag_mcatbgsub_err_1,mag_mcatbgsub_err_2,cps,cps_err,flux,flux_err,mag,mag_err_1,mag_err_2,counts,flat_counts,bg_counts,bg_flat_counts,exptime,bg,mcat_bg,responses,detxs,detys,detrad,racent,deccent,q_mean,flags
819296486.995,819296593.995,819296545.9025,819296513.835,819296576.108,0.006087229327009842,0.049337583422776915,8.52212105781378e-18,6.907261679188769e-17,24.358950841404052,2.3982114277660926,,0.016121280785902865,0.047943532930637495,2.2569793100264012e-17,6.71209461028925e-17,23.301501144516862,1.4980500636952527,,0.09309595954738525,0.03547160006581632,1.3033434336633937e-16,4.9660240092142845e-17,21.39767291850135,0.3505014197100387,0.5208118038413154,6.0,6.888110519550477,26.0,22.35319553450489,73.98936058062189,6.437720313937409,5.695307262460858,0.8718845735749713,526.3408813476562,422.5531311035156,128.33807705538882,57.81970108671962,26.834945844404682,14.5,0.0
850051262.995,850051365.995,850051310.9342858,850051288.25,850051348.035,0.02287227928646115,0.03961452577195484,3.202119100104561e-17,5.546033608073678e-17,22.921726386448928,1.0911971859966343,,0.010125908244438106,0.041267377187259244,1.417627154221335e-17,5.777432806216295e-17,23.806415030688854,1.7636809852563644,,0.08624969752867266,0.03007655563727426,1.2074957654014173e-16,4.2107177892183966e-17,21.48060604822683,0.3248003977826244,0.4655721626927338,7.0,8.223542903856398,24.0,20.98183356741367,95.34575934162066,6.042768067415138,7.25808049326687,0.8520941568682218,512.3346557617188,330.1745300292969,132.267422828652,57.819892908777376,26.834924987953332,13.428571701049805,0.0
