t0,t1,t_mean,t0_data,t1_data,cps_bgsub,cps_bgsub_err,flux_bgsub,flux_bgsub_err,mag_bgsub,mag_bgsub_err_1,mag_bgsub_err_2,cps_mcatbgsub,cps_mcatbgsub_err,flux_mcatbgsub,flux_mcatbgsub_err,mag_mcatbgsub,mag_mcatbgsub_err_1,mag_mcatbgsub_err_2,cps,cps_err,flux,flux_err,mag,mag_err_1,mag_err_2,counts,flat_counts,bg_counts,bg_flat_counts,exptime,bg,mcat_bg,responses,detxs,detys,detrad,racent,deccent,q_mean,flags
842911195.995,842911305.995,842911249.3252753,842911196.065,842911305.725,0.9062286126400746,0.12913432808283834,1.8668309420385536e-16,2.66016715850647e-17,20.186905574561344,0.1446371145582539,0.16691013847891156,1.1117771028561083,0.12056226492245672,2.290260831883583e-16,2.4835826574026084e-17,19.96495568634277,0.11178149255708547,0.12462482724973256,1.253814126193968,0.11426373689495793,2.5828570999595737e-16,2.3538329800361333e-17,19.83441710364269,0.09469414269422671,0.10374906179259469,109.0,120.40637199965103,128.0,115.90054878550721,96.03207483804015,33.37935805022609,13.640110054953782,0.9054762657166224,593.8004760742188,476.3737487792969,208.3064426012719,340.02538274668495,24.69899819339614,11.697247505187988,0.0
869020305.995,869020381.995,869020342.3772619,869020307.935,869020379.805,0.4813180176303736,0.13175884653044417,9.915151163185695e-17,2.71423223852715e-17,20.873919701660608,0.26270702004558544,0.347278546224576,0.6403610871812395,0.12198799288284362,1.3191438395933534e-16,2.5129526533865785e-17,20.56393766680346,0.1893223682187397,0.22945620376484044,0.7974743239667608,0.11149812262575455,1.642797107371527e-16,2.2968613260905438e-17,20.32570822722574,0.1420850241855227,0.16351915043727416,42.0,51.15620374257491,85.0,70.41917951053622,64.14777530154956,20.280723699034436,10.07846461021677,0.8214697839995309,337.82659912109375,192.7178497314453,216.40568753340304,340.0250542750108,24.698783547542067,11.595237731933594,0.0
