t0,t1,t_mean,t0_data,t1_data,cps_bgsub,cps_bgsub_err,flux_bgsub,flux_bgsub_err,mag_bgsub,mag_bgsub_err_1,mag_bgsub_err_2,cps_mcatbgsub,cps_mcatbgsub_err,flux_mcatbgsub,flux_mcatbgsub_err,mag_mcatbgsub,mag_mcatbgsub_err_1,mag_mcatbgsub_err_2,cps,cps_err,flux,flux_err,mag,mag_err_1,mag_err_2,counts,flat_counts,bg_counts,bg_flat_counts,exptime,bg,mcat_bg,responses,detxs,detys,detrad,racent,deccent,q_mean,flags
876811975.995,876812082.995,876812061.1316667,876812043.77,876812074.535,0.026020768740440372,0.017390312875308164,3.642907623661652e-17,2.4346438025431432e-17,22.781699692687468,0.5557012094553286,1.1982159673632609,,,,,,,,0.028882894022173956,0.01658784433738445,4.043605163104354e-17,2.3222982072338234e-17,22.668398233184412,0.4927282491611358,0.9272760466162779,3.0,3.031806718268675,1.0,1.043174485695087,104.96893822139494,0.30043425188018513,,0.9910130569071587,77.70560455322266,344.60888671875,327.0196519583188,37.5994450767898,-9.2060769181279,8.666666984558105,32.0
878391486.995,878391594.995,878391538.135,878391489.185,878391587.085,-0.00040105973776450226,0.01950282777803252,-5.614836328703032e-19,2.730395888924553e-17,,,,,,,,,,,0.019948849045766454,0.013721787135269607,2.7928388664073035e-17,1.9210501989377452e-17,23.070205389979655,0.568333695302659,1.264086651091226,2.0,2.11355878879269,8.0,7.486286911055797,105.94890882896473,2.15605063038407,,0.9492360339897172,362.11737060546875,714.7523193359375,317.02384159112603,37.598484438000895,-9.20624284957358,16.0,32.0
907739898.995,907741253.995,907740600.5858334,907740135.46,907741132.825,-0.0003680488770067838,0.004532706434179191,-5.152684278094974e-19,6.3457890078508675e-18,,,,,,,,,,,0.013530370950465114,0.0031835312200318455,1.894251933065116e-17,4.456943708044584e-18,23.491725741408448,0.22942038099386153,0.29125495348470665,18.0,18.063469928215245,64.0,64.42648170773867,1335.0313893348432,18.55482673182874,,0.9980502711965236,67.2102279663086,383.4139404296875,333.20283573569156,37.59875993313484,-9.205808098995641,6.777777671813965,32.0
