t0,t1,t_mean,t0_data,t1_data,cps_bgsub,cps_bgsub_err,flux_bgsub,flux_bgsub_err,mag_bgsub,mag_bgsub_err_1,mag_bgsub_err_2,cps_mcatbgsub,cps_mcatbgsub_err,flux_mcatbgsub,flux_mcatbgsub_err,mag_mcatbgsub,mag_mcatbgsub_err_1,mag_mcatbgsub_err_2,cps,cps_err,flux,flux_err,mag,mag_err_1,mag_err_2,counts,flat_counts,bg_counts,bg_flat_counts,exptime,bg,mcat_bg,responses,detxs,detys,detrad,racent,deccent,q_mean,flags
750959917.995,750960037.995,750959984.1336666,750959926.528,750960028.652,0.15235556783142987,0.061610588912655334,3.138524697327455e-17,1.2691781316006999e-17,22.122854174668557,0.3687168895645918,0.5625893151160888,,,,,,,,0.2735737569590811,0.05128713452900709,5.635619393357071e-17,1.0565149712975461e-17,21.48731391352829,0.18655749295855983,0.22540276912614843,24.0,28.453257796799996,52.0,43.77567669359973,104.00580126205526,12.607394887756723,,0.8435576238483694,461.4837341308594,352.4923400878906,77.69959660769705,348.46506809178965,1.2569627114736988,14.791666984558105,0.0
905290435.995,905292132.995,905291325.6051168,905290448.44,905292124.365,0.10927274456115907,0.014576274120047441,2.2510185379598766e-17,3.0027124687297728e-18,22.483720371950536,0.13595179644885036,0.1554451477143317,0.0487129669589871,0.015916523794307233,1.0034871193551343e-17,3.27880390162729e-18,23.360888545159312,0.306965379964236,0.4295445892896197,0.2120579802144407,0.011962629919359,4.368394392417478e-17,2.4643017633879537e-18,21.76386344856853,0.05958338788187589,0.0630440592843513,257.0,314.2359771264863,647.0,528.8585547685698,1481.8399043918062,152.31126377334812,242.05115882533966,0.8181293616689126,384.6939392089844,473.4548034667969,75.0325505982838,348.4649586168981,1.2571049547092035,14.089493751525879,0.0
907615398.995,907617062.995,907616245.6094319,907615422.895,907617050.405,0.07917212092605116,0.014012012272199907,1.630945691076654e-17,2.886474528073181e-18,22.833569301691934,0.17692422605655622,0.2114761987607494,0.03133944208844596,0.015137784156305926,6.455925070219868e-18,3.1183835361990207e-18,23.839771848008233,0.4278723517918195,0.7163295054596048,0.18267623126745258,0.011194936429022756,3.763130364109523e-17,2.3061569043786875e-18,21.925794891893933,0.06457795712057646,0.06866322269108593,220.0,266.26913225742044,634.0,523.8463096107771,1457.6014099370223,150.86773716790384,220.58871728266195,0.8265573226802807,374.15887451171875,471.2822570800781,75.82165878514823,348.46509145232585,1.257068016256756,13.863636016845703,0.0
