t0,t1,t_mean,t0_data,t1_data,cps_bgsub,cps_bgsub_err,flux_bgsub,flux_bgsub_err,mag_bgsub,mag_bgsub_err_1,mag_bgsub_err_2,cps_mcatbgsub,cps_mcatbgsub_err,flux_mcatbgsub,flux_mcatbgsub_err,mag_mcatbgsub,mag_mcatbgsub_err_1,mag_mcatbgsub_err_2,cps,cps_err,flux,flux_err,mag,mag_err_1,mag_err_2,counts,flat_counts,bg_counts,bg_flat_counts,exptime,bg,mcat_bg,responses,detxs,detys,detrad,racent,deccent,q_mean,flags
769006227.995,769006302.995,769006263.1391176,769006229.743,769006301.327,0.11017178161569928,0.08424848712780297,2.269538701283405e-17,1.7355188348327413e-17,22.474824068563322,0.6166779163429332,1.5709504477965481,0.06829361066764104,0.08810491157766362,1.4068483797534054e-17,1.8149611784998704e-17,22.99404981406065,0.8996314271787007,,0.2786886982161149,0.06650712364736862,5.740987183251967e-17,1.3700467471357935e-17,21.467201607656097,0.23236543395018927,0.2960292225370047,17.0,17.559105282168986,38.0,36.86668109726629,63.00616205308912,10.617604156012693,13.256186981253018,0.9683602851958562,114.92459106445312,362.0265197753906,287.5934178317336,204.94331845885995,-21.455113440021744,8.411765098571777,0.0
861713576.995,861713683.995,861713624.1911292,861713580.82,861713678.665,0.14962877537764302,0.07931598366552076,3.082352772779446e-17,1.6339092635097275e-17,22.142462196225868,0.4617889617173745,0.8199519498082992,,,,,,,,0.3631030149406564,0.06294292039652913,7.479922107777522e-17,1.2966241601685e-17,21.17992536252461,0.1735664282859375,0.20669225374379963,31.0,33.27866772796598,73.0,67.93429361509838,91.65076124031873,19.565076561148338,,0.9316564956606697,346.0089111328125,667.0852661132812,272.48775578338706,204.9431714252641,-21.45530306446501,9.22580623626709,0.0
990042718.995,990043601.995,990043143.7162308,990042721.825,990043593.955,0.004047649655069506,0.022251105348386497,8.338158289443182e-19,4.583727701767618e-18,26.061992712415883,2.0318306855483357,,,,,,,,,0.18770054769601913,0.015819422705019917,3.866631282537994e-17,3.2588010772341028e-18,21.896336150345782,0.08785372736236852,0.09559338077442092,130.0,140.7828711593146,518.0,478.2881008306873,750.0397462201993,137.746973039238,,0.9235909474929616,365.7705993652344,681.0422973632812,283.1190999827569,204.9431570022598,-21.45530137270531,8.769230842590332,0.0
