t0,t1,t_mean,t0_data,t1_data,cps_bgsub,cps_bgsub_err,flux_bgsub,flux_bgsub_err,mag_bgsub,mag_bgsub_err_1,mag_bgsub_err_2,cps_mcatbgsub,cps_mcatbgsub_err,flux_mcatbgsub,flux_mcatbgsub_err,mag_mcatbgsub,mag_mcatbgsub_err_1,mag_mcatbgsub_err_2,cps,cps_err,flux,flux_err,mag,mag_err_1,mag_err_2,counts,flat_counts,bg_counts,bg_flat_counts,exptime,bg,mcat_bg,responses,detxs,detys,detrad,racent,deccent,q_mean,flags
861623840.995,861623950.995,861623848.06,861623848.06,861623848.06,-0.0014684972079821853,0.017908931116303546,-2.0558960911750597e-18,2.5072503562824966e-17,,,,0.004883173682618728,0.01605469449980663,6.83644315566622e-18,2.2476572299729286e-17,24.598244571605132,1.580575724878603,,0.01543977697323328,0.012372746551578837,2.1615687762526593e-17,1.7321845172210373e-17,23.348397443289837,0.6389984324566704,1.7548073473611154,1.0,1.557219422595389,9.0,5.9212797953270035,100.85763708212995,1.7053285810541774,1.0647140635048213,0.6421702590462931,678.4656372070312,455.9447326660156,284.0297945959013,202.304388356083,11.2712520678205,17.0,8.0
925137975.995,925139568.995,925138861.6107317,925138086.405,925139500.38,0.01834945444770016,0.005762374204887429,2.5689236226780224e-17,8.067323886842401e-18,23.160942108349282,0.2965174801672532,0.40924538955284717,0.023626208029354077,0.005455847744750169,3.307669124109571e-17,7.638186842650237e-18,22.886514940954733,0.2255776984677027,0.28507621242293624,0.03465169485084974,0.0047519825026245965,4.851237279118964e-17,6.652775503674436e-18,22.470688796831695,0.13953068260101986,0.16014367768996252,41.0,53.173995788443754,113.0,86.86195924888025,1534.5279940077678,25.016244263677518,16.918918175148825,0.772124449596834,590.5759887695312,401.6370849609375,190.58302007958062,202.30356287413562,11.271991851882795,14.195121765136719,0.0
