t0,t1,t_mean,t0_data,t1_data,cps_bgsub,cps_bgsub_err,flux_bgsub,flux_bgsub_err,mag_bgsub,mag_bgsub_err_1,mag_bgsub_err_2,cps_mcatbgsub,cps_mcatbgsub_err,flux_mcatbgsub,flux_mcatbgsub_err,mag_mcatbgsub,mag_mcatbgsub_err_1,mag_mcatbgsub_err_2,cps,cps_err,flux,flux_err,mag,mag_err_1,mag_err_2,counts,flat_counts,bg_counts,bg_flat_counts,exptime,bg,mcat_bg,responses,detxs,detys,detrad,racent,deccent,q_mean,flags
753712697.995,753712816.995,753712750.3344376,753712699.391,753712807.688,0.07169903058245997,0.05347182959931905,1.4770000299986753e-17,1.1015196897459724e-17,22.941216790591113,0.6049748824413328,1.486983253474552,,,,,,,,0.18237818184793247,0.04218277909245727,3.756990546067409e-17,8.689652493046197e-18,21.927567795361785,0.22590344051582534,0.28559777310555035,16.0,18.692844210612513,46.0,39.3890799807752,102.49495866889751,11.34405503446326,,0.856046567507768,503.06158447265625,369.30584716796875,107.53520917397498,50.88082714141017,0.667073240301951,13.0,0.0
913264983.995,913266376.995,913265654.4459857,913264986.48,913266375.43,0.07076129353572608,0.016516193668283535,1.4576826468359573e-17,3.402335895666408e-18,22.95551059167072,0.22776617676653643,0.2885881256060365,,,,,,,,0.19959586772937724,0.012875498046433164,4.111674875225171e-17,2.6523525975652316e-18,21.82962113558888,0.0678721595137155,0.07239961803406203,208.0,240.3117560103355,620.0,538.5963548551588,1203.9916394269396,155.11575019828575,,0.8657285014569838,342.9021911621094,497.85845947265625,113.29800467991396,50.88078823756188,0.6672911541195603,14.15865421295166,0.0
913282728.995,913284431.995,913283619.2008619,913282735.615,913284428.59,0.07966345532437691,0.01462710760033706,1.641067179682164e-17,3.0131841656694344e-18,22.82685215105055,0.18302272237390937,0.22025748795768507,,,,,,,,0.19741756200350916,0.011576512972655845,4.066801777272289e-17,2.384761672367104e-18,21.841535539222214,0.06187047409755664,0.0656103400437722,232.0,290.8144909159993,754.0,602.3013451445009,1473.0933153294131,173.4627874016163,,0.7979861756448388,485.4486083984375,327.83319091796875,111.84593425919367,50.88066336262338,0.6672429179168116,13.728447914123535,0.0
