t0,t1,t_mean,t0_data,t1_data,cps_bgsub,cps_bgsub_err,flux_bgsub,flux_bgsub_err,mag_bgsub,mag_bgsub_err_1,mag_bgsub_err_2,cps_mcatbgsub,cps_mcatbgsub_err,flux_mcatbgsub,flux_mcatbgsub_err,mag_mcatbgsub,mag_mcatbgsub_err_1,mag_mcatbgsub_err_2,cps,cps_err,flux,flux_err,mag,mag_err_1,mag_err_2,counts,flat_counts,bg_counts,bg_flat_counts,exptime,bg,mcat_bg,responses,detxs,detys,detrad,racent,deccent,q_mean,flags
754203156.995,754203266.995,754203213.67715,754203162.241,754203249.219,0.033826440675968336,0.07299129766422321,6.968246779249477e-18,1.503620731882998e-17,23.756859244083852,1.2484676900377174,,,,,,,,,0.24929429092334346,0.053457898154343673,5.135462393020875e-17,1.1012327019794796e-17,21.58821916784886,0.21093739793095168,0.262047329646407,20.0,21.747077751674176,71.0,65.26473293984812,87.23455988954547,18.79624308667626,,0.9198196512417164,403.54180908203125,541.4368896484375,141.48122901995814,56.314630732216436,-0.1283126158051313,15.949999809265137,0.0
912632060.995,912633761.995,912632914.8151779,912632062.565,912633759.685,0.06598218630647967,0.016325968452241397,1.3592330379134813e-17,3.363149501161728e-18,23.031433245729758,0.24004040943680138,0.3086326599203524,,,,,,,,0.22620158051660227,0.012490977459931673,4.6597525586420064e-17,2.5731413567459245e-18,21.693760912239483,0.05835810889640669,0.06167391320236959,281.0,327.9430420001076,942.0,806.5390202433964,1449.7822749564648,232.2832378300982,,0.8570836914271541,512.4721069335938,482.3976745605469,139.42507525932177,56.31452846784652,-0.1286139090625249,13.110320091247559,0.0
