t0,t1,t_mean,t0_data,t1_data,cps_bgsub,cps_bgsub_err,flux_bgsub,flux_bgsub_err,mag_bgsub,mag_bgsub_err_1,mag_bgsub_err_2,cps_mcatbgsub,cps_mcatbgsub_err,flux_mcatbgsub,flux_mcatbgsub_err,mag_mcatbgsub,mag_mcatbgsub_err_1,mag_mcatbgsub_err_2,cps,cps_err,flux,flux_err,mag,mag_err_1,mag_err_2,counts,flat_counts,bg_counts,bg_flat_counts,exptime,bg,mcat_bg,responses,detxs,detys,detrad,racent,deccent,q_mean,flags
749492145.995,749492246.995,5e-324,2.0,5e-324,-0.0025099331536801196,0.0052544385622635605,-3.513906415152167e-18,7.356213987168985e-18,,,,,,,,,,,0.0,0.0,0.0,0.0,inf,,,5e-324,5e-324,1.0,0.7922808992502025,90.90955217253509,0.22817689898405835,,5e-324,5e-324,5e-324,565.685424949238,160000.0,5e-324,5e-324,0.0
875810858.995,875812453.995,875811643.5423076,875810933.285,875812436.745,0.006831205784226969,0.0041250152706718375,9.563688097917756e-18,5.775021378940573e-18,24.23375657929653,0.5129085445023094,1.0053475024355727,0.005548807047304471,0.004222404750226656,7.76832986622626e-18,5.9113666503173185e-18,24.45950094240138,0.6143720099239864,1.5538108942918178,0.016836448971469575,0.0032669753994464218,2.3571028560057405e-17,4.573765559224991e-18,23.25437375399097,0.19254885509489483,0.23421874719870317,26.0,26.558850137277318,56.0,54.801687424822006,1577.4615052308814,15.782885978348741,17.805820620200684,0.9804095760840291,128.87197875976562,493.24688720703125,286.7148162816944,17.497203393385693,-0.018396367239858928,10.192307472229004,65.0
877053101.995,877054787.995,877053947.937619,877053194.965,877054673.515,0.0020302677025961363,0.003802088524404558,2.842374783634591e-18,5.3229239341663814e-18,25.551116735149158,1.1457268397374065,,0.0019977112989797885,0.003804650023788062,2.796795818571704e-18,5.326510033303287e-18,25.56866818506908,1.1576801089547146,,0.013092107870843157,0.002799193674047423,1.832895101918042e-17,3.918871143666392e-18,23.52747606258077,0.21037473426745734,0.26117805629413837,21.0,21.875261529266087,66.0,64.17687564315213,1670.8739146568978,18.482940185227815,18.53733783078541,0.9621099636841492,112.09361267089844,407.52044677734375,288.00459195058943,17.49734719481747,-0.018492184087259327,8.666666984558105,0.0
