t0,t1,t_mean,t0_data,t1_data,cps_bgsub,cps_bgsub_err,flux_bgsub,flux_bgsub_err,mag_bgsub,mag_bgsub_err_1,mag_bgsub_err_2,cps_mcatbgsub,cps_mcatbgsub_err,flux_mcatbgsub,flux_mcatbgsub_err,mag_mcatbgsub,mag_mcatbgsub_err_1,mag_mcatbgsub_err_2,cps,cps_err,flux,flux_err,mag,mag_err_1,mag_err_2,counts,flat_counts,bg_counts,bg_flat_counts,exptime,bg,mcat_bg,responses,detxs,detys,detrad,racent,deccent,q_mean,flags
848003767.995,848003876.995,848003819.025,848003819.025,848003819.025,-0.0019051150216308553,0.015876939950978386,-2.6671610302831974e-18,2.222771593136974e-17,,,,-0.0015161033807924845,0.015750827996776854,-2.1225447331094786e-18,2.2051159195487598e-17,,,,0.011339976172238277,0.010782939584053892,1.5875966641133588e-17,1.5096115417675448e-17,23.68346964497381,0.7255755588584556,3.271821049656001,1.0,1.1059867912048822,5.0,4.485390545159312,97.52990433194034,1.291792477005882,1.2538522088909045,0.9041699303755534,417.185791015625,368.2620849609375,36.09219671701193,37.1215118992586,-7.89073102577813,11.0,0.0
907769176.995,907770857.995,907770093.11875,907769189.55,907770786.435,-0.00035867046685982175,0.003445546560689026,-5.021386536037505e-19,4.823765184964636e-18,,,,-0.0016493127273221504,0.0035563014595579624,-2.309037818251011e-18,4.9788220433811476e-18,,,,0.009699744875052463,0.002414154316405552,1.3579642825073449e-17,3.3798160429677727e-18,23.853099221245223,0.24130910940252548,0.31073887683343315,16.0,16.14323497274855,59.0,58.125584605013294,1664.2948016363407,16.740168366243832,18.888177571103462,0.9914060874516437,377.55133056640625,427.6050109863281,35.58060413896963,37.12319025357867,-7.891464491441078,9.375,0.0
