t0,t1,t_mean,t0_data,t1_data,cps_bgsub,cps_bgsub_err,flux_bgsub,flux_bgsub_err,mag_bgsub,mag_bgsub_err_1,mag_bgsub_err_2,cps_mcatbgsub,cps_mcatbgsub_err,flux_mcatbgsub,flux_mcatbgsub_err,mag_mcatbgsub,mag_mcatbgsub_err_1,mag_mcatbgsub_err_2,cps,cps_err,flux,flux_err,mag,mag_err_1,mag_err_2,counts,flat_counts,bg_counts,bg_flat_counts,exptime,bg,mcat_bg,responses,detxs,detys,detrad,racent,deccent,q_mean,flags
761577668.995,761577820.995,761577735.8377331,761577669.197,761577817.633,0.14465518527785481,0.044000606071473526,2.0251725938899674e-16,6.160084850006294e-17,20.919164985282,0.2883403395307198,0.39375117075903887,0.18946862231354855,0.04035440472601198,2.65256071238968e-16,5.649616661641678e-17,20.626156756910056,0.20964060820847408,0.26004560787398745,0.21336815899089595,0.03826805981613952,2.9871542258725436e-16,5.3575283742595325e-17,20.497175975005064,0.179108851675565,0.21460804483718832,30.0,31.08753818590897,36.0,34.761857748371085,145.6990505656255,10.011415031530873,3.482139802847858,0.966058525647949,457.0373840332031,503.3021240234375,118.00250846954381,128.97237295338883,0.7064015128108643,16.366666793823242,0.0
916654942.995,916656643.995,916655789.0407906,916654961.675,916656622.04,0.11118996739658085,0.011218931822151038,1.556659543552132e-16,1.5706504551011454e-17,21.204835992785704,0.10436847401493665,0.1154785300212744,0.1399399880647445,0.010425135180345352,1.9591598329064232e-16,1.4595189252483495e-17,20.95514541866038,0.07801320513230792,0.08405563991334475,0.160903393846169,0.009805902824681776,2.2526475138463663e-16,1.3728263954554488e-17,20.803586988678482,0.06422992126773863,0.06826987900754133,234.0,269.24970665246065,331.0,288.8492498572118,1673.3625078777125,83.18858395887702,35.079377272062644,0.8700627260490087,356.2388916015625,283.6494140625,124.30805869395343,128.97238900438947,0.70642846473837,6.974359035491943,0.0
