t0,t1,t_mean,t0_data,t1_data,cps_bgsub,cps_bgsub_err,flux_bgsub,flux_bgsub_err,mag_bgsub,mag_bgsub_err_1,mag_bgsub_err_2,cps_mcatbgsub,cps_mcatbgsub_err,flux_mcatbgsub,flux_mcatbgsub_err,mag_mcatbgsub,mag_mcatbgsub_err_1,mag_mcatbgsub_err_2,cps,cps_err,flux,flux_err,mag,mag_err_1,mag_err_2,counts,flat_counts,bg_counts,bg_flat_counts,exptime,bg,mcat_bg,responses,detxs,detys,detrad,racent,deccent,q_mean,flags
802569705.995,802569748.995,802569724.5875,802569707.974,802569747.269,0.16526796700810698,0.09555857387955878,3.4045201203670034e-17,1.9685066219189108e-17,22.03452828802768,0.49540774239695295,0.9372434572207808,,,,,,,,0.2548668199583228,0.0821965018361648,5.250256491141449e-17,1.693247937824995e-17,21.564216749566842,0.3034954907854015,0.4227390275863634,8.0,9.614350050140924,14.0,11.735905187867425,37.7230353159078,3.3799406941058194,,0.8323083855327518,494.6229248046875,97.07379150390625,317.36065555202714,208.20905428522923,20.4970542128024,9.875,32.0
862658866.995,862658963.995,862658911.66875,862658879.495,862658958.94,0.025225934919297237,0.055800911551716,5.1965425933752306e-18,1.1494987779653496e-17,24.07538182261191,1.2669541643296363,,0.006104017371772839,0.058044207421131214,1.2574275785852048e-18,1.195710672875303e-17,25.615960597669655,2.5539222037216334,,0.12918196472516053,0.04153705562349778,2.661148473338307e-17,8.556633458440542e-18,22.301995286422738,0.3027000612700377,0.42118797620114634,8.0,9.672357824480791,33.0,27.026366785591147,74.87390244496665,7.783593634250252,9.21532622326429,0.8273526994823891,502.9311828613281,93.19554901123047,323.61056773806456,208.20820306258162,20.497096322021648,8.125,32.0
