t0,t1,t_mean,t0_data,t1_data,cps_bgsub,cps_bgsub_err,flux_bgsub,flux_bgsub_err,mag_bgsub,mag_bgsub_err_1,mag_bgsub_err_2,cps_mcatbgsub,cps_mcatbgsub_err,flux_mcatbgsub,flux_mcatbgsub_err,mag_mcatbgsub,mag_mcatbgsub_err_1,mag_mcatbgsub_err_2,cps,cps_err,flux,flux_err,mag,mag_err_1,mag_err_2,counts,flat_counts,bg_counts,bg_flat_counts,exptime,bg,mcat_bg,responses,detxs,detys,detrad,racent,deccent,q_mean,flags
753889977.995,753890107.995,753890040.3805001,753890006.983,753890094.3,0.05117450751154225,0.02750114571049883,7.164431051615915e-17,3.8501603994698364e-17,22.0473658204203,0.46696671398624545,0.8369843408437063,,,,,,,,0.07301623408091336,0.024128127007178063,1.022227277132787e-16,3.377937781004929e-17,21.66145142545474,0.30999541619359405,0.435540519805933,8.0,9.157810216589866,11.0,9.511887114838826,125.42156318883258,2.7394234890735825,,0.8757278551466319,512.349853515625,633.5662841796875,259.1827515296667,53.41937492283111,-0.11243422302483488,18.875,0.0
849774426.995,849774533.995,849774480.9775,849774442.57,849774516.71,0.006873195277587019,0.0328473470030287,9.622473388621827e-18,4.5986285804240186e-17,24.22710329242664,1.9046412149879828,,,,,,,,,0.05907139005143744,0.0239331939348933,8.269994607201242e-17,3.350647150885062e-17,21.89155702331408,0.3693122164529328,0.5639943206075664,6.0,6.0919041477428335,19.0,18.691272388717998,103.12782791192491,5.3830864479507845,,0.9853051839079104,161.49330139160156,294.0889587402344,260.9647369699692,53.42054506089323,-0.11154499929889616,7.5,0.0
912537424.995,912539115.995,912538245.5914999,912537436.565,912539002.09,0.004825849850331946,0.00654781345005883,6.7561897904647244e-18,9.166938830082362e-18,24.611065486728428,0.9308164054631618,,0.001759896818144406,0.006690057052710934,2.4638555454021685e-18,9.366079873795307e-18,25.706281984760256,1.703417830007961,,0.037317087723583116,0.004787365202878544,5.2243922813016367e-17,6.7023112840299615e-18,22.390230641341788,0.13105071342052454,0.14906846176934963,60.0,60.76064414970482,186.0,183.69121884733403,1628.2257768819986,52.90307102803221,57.895134785749484,0.9882179430739082,133.6015167236328,388.0240173339844,266.6675384308439,53.41967632585367,-0.11235739332968289,8.5,0.0
