t0,t1,t_mean,t0_data,t1_data,cps_bgsub,cps_bgsub_err,flux_bgsub,flux_bgsub_err,mag_bgsub,mag_bgsub_err_1,mag_bgsub_err_2,cps_mcatbgsub,cps_mcatbgsub_err,flux_mcatbgsub,flux_mcatbgsub_err,mag_mcatbgsub,mag_mcatbgsub_err_1,mag_mcatbgsub_err_2,cps,cps_err,flux,flux_err,mag,mag_err_1,mag_err_2,counts,flat_counts,bg_counts,bg_flat_counts,exptime,bg,mcat_bg,responses,detxs,detys,detrad,racent,deccent,q_mean,flags
764175563.995,764175673.995,764175619.5261875,764175575.583,764175664.365,0.08391568660441016,0.051482255239104345,1.7286631440508493e-17,1.0605344579255495e-17,22.77039211911581,0.519422276059565,1.032125635305345,,,,,,,,0.17393046953381758,0.04179154920718963,3.582967672396642e-17,8.609059136681063e-18,21.97906082660242,0.23379701608193315,0.2983622884538377,16.0,17.321057258616694,34.0,31.12576819372572,99.58610072773324,8.964221239793009,,0.9239267635672623,468.6789855957031,570.438720703125,183.75570896538875,176.49814507052224,46.780755034137805,13.8125,0.0
982802093.995,982803745.995,982802910.3719627,982802099.555,982803744.525,0.14288267954546502,0.015064912651483868,2.943383198636579e-17,3.103372006205677e-18,22.192551034630952,0.10883355905392733,0.12097090108463959,0.1367968807154608,0.015197355071094843,2.818015742738493e-17,3.1306551446455374e-18,22.239809513548302,0.11437730884511055,0.12786078452183247,0.24374410889107614,0.012669881572301782,5.0211286431561683e-17,2.609995603894167e-18,21.61266468017116,0.055018973856778786,0.057956546107419626,321.0,370.1034597434189,614.0,531.7673243996492,1518.4098660977688,153.14898942709897,162.3897264136636,0.86765346819538,478.5372009277344,559.1866455078125,177.5062816848837,176.49839686248535,46.780718123447244,12.342679023742676,0.0
