t0,t1,t_mean,t0_data,t1_data,cps_bgsub,cps_bgsub_err,flux_bgsub,flux_bgsub_err,mag_bgsub,mag_bgsub_err_1,mag_bgsub_err_2,cps_mcatbgsub,cps_mcatbgsub_err,flux_mcatbgsub,flux_mcatbgsub_err,mag_mcatbgsub,mag_mcatbgsub_err_1,mag_mcatbgsub_err_2,cps,cps_err,flux,flux_err,mag,mag_err_1,mag_err_2,counts,flat_counts,bg_counts,bg_flat_counts,exptime,bg,mcat_bg,responses,detxs,detys,detrad,racent,deccent,q_mean,flags
780982663.995,780982772.995,5e-324,0.0010555555555555555,5e-324,-0.0163069825794999,0.012347174591577383,-2.2829775611299862e-17,1.7286044428208338e-17,,,,,,,,,,,0.0,0.0,0.0,0.0,inf,,,5e-324,5e-324,7.0,6.056469693233094,106.96419543882436,1.7442632716511315,,5e-324,5e-324,5e-324,565.685424949238,160000.0,5e-324,5e-324,0.0
793829603.995,793829717.995,793829669.0185001,793829633.766,793829686.668,0.030366694683435228,0.02374234984608345,4.251337255680932e-17,3.323928978451683e-17,22.614006192649672,0.6271808554601819,1.6531364772783697,0.02751977182606237,0.024275594409554287,3.852768055648732e-17,3.3985832173376003e-17,22.72088792818914,0.6866151987724045,2.3213505799547782,0.04652075767053382,0.020455049734969005,6.512906073874735e-17,2.863706962895661e-17,22.15088305163389,0.3956779461602231,0.6289431365902374,4.0,5.172404479001628,8.0,6.236414662303756,111.1848718293301,1.796087422743482,2.1126221757484736,0.7734570787965993,419.0093994140625,134.40945434570312,266.2699667762598,107.63874199100826,75.35759374942457,8.75,0.0
