t0,t1,t_mean,t0_data,t1_data,cps_bgsub,cps_bgsub_err,flux_bgsub,flux_bgsub_err,mag_bgsub,mag_bgsub_err_1,mag_bgsub_err_2,cps_mcatbgsub,cps_mcatbgsub_err,flux_mcatbgsub,flux_mcatbgsub_err,mag_mcatbgsub,mag_mcatbgsub_err_1,mag_mcatbgsub_err_2,cps,cps_err,flux,flux_err,mag,mag_err_1,mag_err_2,counts,flat_counts,bg_counts,bg_flat_counts,exptime,bg,mcat_bg,responses,detxs,detys,detrad,racent,deccent,q_mean,flags
753629849.995,753629969.995,753629924.4437499,753629868.42,753629968.042,-0.025788956614584402,0.042581474976104414,-5.312525062604387e-18,8.77178384507751e-18,,,,-0.061441544570908176,0.046364658933023196,-1.2656958181607084e-17,9.551119740202778e-18,,,,0.08316006924958184,0.028015872922682417,1.713097426541386e-17,5.771269822072578e-18,22.780212894229884,0.3152399407574471,0.44603757656002685,8.0,8.810922210222017,44.0,40.08089294065545,105.95135730080361,11.543297166908772,15.320737252167559,0.9081360331180266,231.33877563476562,279.1023864746094,207.515882670495,34.805439383642224,-0.38456868103780417,15.375,0.0
908887268.995,908888965.995,908888122.4908491,908887274.325,908888959.8,0.020003870641408687,0.01223650740479473,4.120797352130189e-18,2.520720525387714e-18,24.327214906394712,0.5182152204942092,1.0271010556550841,-0.01378230890714943,0.013124569463420865,-2.8391556348727828e-18,2.703661309464698e-18,,,,0.1223105418034894,0.009029587383335331,2.5195971611518815e-17,1.860095000967078e-18,22.361340275034344,0.07733387284950766,0.0832674764659096,159.0,183.48136802432924,614.0,532.8924235837751,1500.1271788912532,153.47301799212727,204.1565842038191,0.8667529027169918,598.6332397460938,345.0929260253906,206.08238814727082,34.8060156879606,-0.38445195971744184,11.874214172363281,0.0
