t0,t1,t_mean,t0_data,t1_data,cps_bgsub,cps_bgsub_err,flux_bgsub,flux_bgsub_err,mag_bgsub,mag_bgsub_err_1,mag_bgsub_err_2,cps_mcatbgsub,cps_mcatbgsub_err,flux_mcatbgsub,flux_mcatbgsub_err,mag_mcatbgsub,mag_mcatbgsub_err_1,mag_mcatbgsub_err_2,cps,cps_err,flux,flux_err,mag,mag_err_1,mag_err_2,counts,flat_counts,bg_counts,bg_flat_counts,exptime,bg,mcat_bg,responses,detxs,detys,detrad,racent,deccent,q_mean,flags
753889498.995,753889622.995,753889563.691143,753889500.766,753889619.686,-0.02931129332864608,0.06574913813871779,-6.038126425701093e-18,1.3544322456575864e-17,,,,,,,,,,,0.20984445766315152,0.04494853532427086,4.3227958278609214e-17,9.259398276799796e-18,21.7752562418293,0.21072494277780507,0.2617189675678766,21.0,21.795353509411168,89.0,86.249136402718,103.86432766500657,24.839751283982785,,0.9637102900115722,685.9868774414062,526.777099609375,312.82731187358195,54.15610483286293,1.0793474902865576,9.714285850524902,32.0
912300802.995,912302507.995,912301678.3650717,912300821.345,912302506.98,0.04807899645280734,0.015778401452708948,9.904273269278312e-18,3.2503506992580432e-18,23.375111514719855,0.308139558985868,0.43186217922951897,,,,,,,,0.2065018375241722,0.01186925184334539,4.2539378529979475e-17,2.4450658797291503e-18,21.79269019872285,0.06067805029659823,0.064270920636325,279.0,302.6921452420909,873.0,806.3109179763122,1465.8084832134195,232.21754437717797,,0.9219486763930625,693.8186645507812,535.0333862304688,323.36268033783904,54.15615606220511,1.0791888243042806,7.086021423339844,32.0
