t0,t1,t_mean,t0_data,t1_data,cps_bgsub,cps_bgsub_err,flux_bgsub,flux_bgsub_err,mag_bgsub,mag_bgsub_err_1,mag_bgsub_err_2,cps_mcatbgsub,cps_mcatbgsub_err,flux_mcatbgsub,flux_mcatbgsub_err,mag_mcatbgsub,mag_mcatbgsub_err_1,mag_mcatbgsub_err_2,cps,cps_err,flux,flux_err,mag,mag_err_1,mag_err_2,counts,flat_counts,bg_counts,bg_flat_counts,exptime,bg,mcat_bg,responses,detxs,detys,detrad,racent,deccent,q_mean,flags
793960222.995,793960332.995,793960286.02775,793960224.519,793960320.566,0.016738062545264974,0.024708587092853163,2.3433287563370964e-17,3.459202192999443e-17,23.260737034106093,0.9844606088076091,,,,,,,,,0.041379586675789976,0.019561383728841017,5.793142134610596e-17,2.7385937220377425e-17,22.278034629108053,0.4203080428803574,0.6949179280800806,4.0,4.474795076670744,10.0,9.252563659796351,108.14015885975051,2.6647383340213495,,0.8948496293660211,448.2300720214844,695.271240234375,299.1842996494695,200.25770734161048,58.55024453609914,15.0,32.0
887372012.995,887372100.995,887372065.9,887372065.9,887372065.9,5.166065275280204e-05,0.017893616613861404,7.232491385392287e-20,2.5051063259405965e-17,29.537100276613252,6.351975708771256,,0.004092311120128784,0.016534366709342576,5.729235568180298e-18,2.3148113393079608e-17,24.79007839058957,1.756151603940733,,0.013848968495499343,0.012664513733452173,1.938855589369908e-17,1.7730319226833043e-17,23.466456431732674,0.7051233589022523,2.6697473724174614,1.0,1.1957979816536541,5.0,4.136587881169094,86.34563520324754,1.191337309776699,0.8424447785368209,0.8362616556829378,315.23846435546875,112.21466064453125,300.0081990092295,200.260507661054,58.5497660571695,9.0,32.0
890472019.995,890472121.995,890472069.5050001,890472039.39,890472099.47,0.0341955328117912,0.024965238002220905,4.787374593650768e-17,3.4951333203109266e-17,22.48507656248434,0.5951611220985065,1.4218845066938606,,,,,,,,0.04552581646222001,0.022339633748679238,6.373614304710802e-17,3.1275487248150935e-17,22.17435564201178,0.4334774782461608,0.7325712232309805,3.0,4.153013940908978,5.0,3.5888387082138076,91.22327206048885,1.0335855479655767,,0.7230154086876985,348.0277099609375,102.63345336914062,301.87411612635407,200.258621916242,58.55005040788243,7.0,40.0
