t0,t1,t_mean,t0_data,t1_data,cps_bgsub,cps_bgsub_err,flux_bgsub,flux_bgsub_err,mag_bgsub,mag_bgsub_err_1,mag_bgsub_err_2,cps_mcatbgsub,cps_mcatbgsub_err,flux_mcatbgsub,flux_mcatbgsub_err,mag_mcatbgsub,mag_mcatbgsub_err_1,mag_mcatbgsub_err_2,cps,cps_err,flux,flux_err,mag,mag_err_1,mag_err_2,counts,flat_counts,bg_counts,bg_flat_counts,exptime,bg,mcat_bg,responses,detxs,detys,detrad,racent,deccent,q_mean,flags
764175563.995,764175673.995,764175618.5401818,764175577.878,764175663.119,0.04963880205833934,0.04492609769441058,1.0225593224017904e-17,9.25477612504858e-18,23.34044676987377,0.6997716861314025,2.556377738695243,,,,,,,,0.1253194160530924,0.03547397186763701,2.5815799706937035e-17,7.307638204733224e-18,22.334954093634593,0.27062455838796495,0.3613057560439721,11.0,12.480071990203971,30.0,26.169226557007555,99.58610072773324,7.536737248418177,,0.8815442179843763,555.9058227539062,229.84559631347656,230.77943292782572,175.893312867973,46.367657878837925,13.181818008422852,0.0
982802093.995,982803745.995,982802928.4211563,982802101.37,982803741.935,0.057109886649081176,0.011640030221766191,1.1764636649710722e-17,2.3978462256838354e-18,23.18822175454024,0.2014021979758418,0.24746928819216407,0.021428628137304603,0.012609099853014049,4.414297396284748e-18,2.5974745697208938e-18,24.25251407909975,0.5024154874344191,0.9638725275174487,0.13141985017033955,0.009303277499919408,2.7072489135089948e-17,1.9164751649833982e-18,22.28334758069346,0.07426127833416274,0.07971590213671575,160.0,199.5491970997341,488.0,391.78118666681934,1518.4098660977688,112.83298176004399,167.01175671911054,0.8021252163425213,510.86834716796875,209.348876953125,220.54396641665787,175.89371891569985,46.36766801459451,11.337499618530273,0.0
