t0,t1,t_mean,t0_data,t1_data,cps_bgsub,cps_bgsub_err,flux_bgsub,flux_bgsub_err,mag_bgsub,mag_bgsub_err_1,mag_bgsub_err_2,cps_mcatbgsub,cps_mcatbgsub_err,flux_mcatbgsub,flux_mcatbgsub_err,mag_mcatbgsub,mag_mcatbgsub_err_1,mag_mcatbgsub_err_2,cps,cps_err,flux,flux_err,mag,mag_err_1,mag_err_2,counts,flat_counts,bg_counts,bg_flat_counts,exptime,bg,mcat_bg,responses,detxs,detys,detrad,racent,deccent,q_mean,flags
749492145.995,749492246.995,749492163.026,749492159.515,749492166.537,0.02189012895026525,0.020805054662281768,3.064618053037135e-17,2.9127076527194476e-17,22.969379200211776,0.7253264142104143,3.2619721184815553,,,,,,,,0.03062017791780317,0.018352663242818194,4.286824908492444e-17,2.5693728539945472e-17,22.60498072543211,0.5098689763183231,0.9931278091254008,2.0,2.783666661950834,4.0,2.7557112572332443,90.90955217253509,0.7936448420831744,,0.7204858940453776,634.1156005859375,216.90423583984375,297.2106547402125,17.3217773147605,0.152905020185264,11.0,73.0
875810858.995,875812453.995,875811654.6078571,875810894.345,875812394.505,0.008195228384432186,0.004237477387685365,1.1473319738205061e-17,5.932468342759511e-18,24.036097347541034,0.4525114873309768,0.7902814850977116,0.007017530678630117,0.004324672518164155,9.824542950082163e-18,6.054541525429817e-18,24.20453920019635,0.5212827588268141,1.039927103193957,0.01826023285658869,0.0034023091311090638,2.5564325999224166e-17,4.7632327835526894e-18,23.166234221483116,0.18550776523210644,0.2238704671977274,28.0,28.804814407820793,57.0,55.129017725012325,1577.4615052308814,15.877157104803553,17.73492990050504,0.9734855130845635,102.35040283203125,349.7950744628906,301.8539667495539,17.322241315482724,0.15321663589722231,8.75,32.0
877053101.995,877054787.995,877054111.1394738,877053349.085,877054693.23,-9.171029035592533e-05,0.0037046079179820215,-1.2839440649829547e-19,5.1864510851748305e-18,,,,0.00022951175886900657,0.003678569273136927,3.213164624166092e-19,5.149996982391698e-18,27.91798764698239,3.077896547002112,,0.011419781764245705,0.0026143098713862956,1.5987694469943987e-17,3.660033819940814e-18,23.675855488800178,0.22381625862223586,0.2822629233395624,19.0,19.081015460952678,67.0,66.7855965028264,1670.8739146568978,19.234251792814003,18.69753024995143,0.9964977201044043,130.24436950683594,263.47540283203125,302.3360147495508,17.322108129096527,0.15342444682462922,8.315789222717285,32.0
