t0,t1,t_mean,t0_data,t1_data,cps_bgsub,cps_bgsub_err,flux_bgsub,flux_bgsub_err,mag_bgsub,mag_bgsub_err_1,mag_bgsub_err_2,cps_mcatbgsub,cps_mcatbgsub_err,flux_mcatbgsub,flux_mcatbgsub_err,mag_mcatbgsub,mag_mcatbgsub_err_1,mag_mcatbgsub_err_2,cps,cps_err,flux,flux_err,mag,mag_err_1,mag_err_2,counts,flat_counts,bg_counts,bg_flat_counts,exptime,bg,mcat_bg,responses,detxs,detys,detrad,racent,deccent,q_mean,flags
840880585.995,840880699.995,840880652.4041667,840880600.215,840880694.06,0.08965033176211165,0.034489308063202016,1.2551046446695632e-16,4.828503128848283e-17,21.438620247346304,0.353396449854845,0.5272989592086077,0.09197455872927801,0.0341880719343341,1.287643822209892e-16,4.786330070806774e-17,21.410830717817905,0.34315755794269265,0.5046035527625108,0.11164366657514116,0.03152377114166017,1.5630113320519763e-16,4.413327959832424e-17,21.200414772378913,0.2700254034120597,0.3602342930883289,12.0,12.542723550300678,9.0,8.57938894924067,112.34603748757092,2.4708640173813134,2.2097463273984173,0.9572504536586132,181.6016082763672,221.33436584472656,282.16886138547494,308.73300467812334,-23.104841249127023,7.5,0.0
869049010.995,869049081.995,869049024.845,869049024.845,869049024.845,0.020888264518842358,0.02394107378778857,2.9243570326379305e-17,3.3517503302904e-17,23.02024410363946,0.8291499251570649,,0.006778801487148926,0.029108255828282623,9.490322082008497e-18,4.0751558159595673e-17,24.24211770984881,1.8094623306007342,,0.025195560756238477,0.022124507012662824,3.527378505873387e-17,3.097430981772796e-17,22.81668992869125,0.6843033235069527,2.2850915296034593,1.0,1.2968831640662686,1.0,0.7698198012065985,51.47268507390364,0.2217081027475004,0.9479600499397423,0.7710794832624581,589.3603515625,588.5631713867188,267.2328803633465,308.733157137076,-23.1050565927257,20.0,0.0
