t0,t1,t_mean,t0_data,t1_data,cps_bgsub,cps_bgsub_err,flux_bgsub,flux_bgsub_err,mag_bgsub,mag_bgsub_err_1,mag_bgsub_err_2,cps_mcatbgsub,cps_mcatbgsub_err,flux_mcatbgsub,flux_mcatbgsub_err,mag_mcatbgsub,mag_mcatbgsub_err_1,mag_mcatbgsub_err_2,cps,cps_err,flux,flux_err,mag,mag_err_1,mag_err_2,counts,flat_counts,bg_counts,bg_flat_counts,exptime,bg,mcat_bg,responses,detxs,detys,detrad,racent,deccent,q_mean,flags
745260582.995,745260713.995,745260654.10025,745260586.614,745260705.835,0.04685290528460166,0.04930247537166393,9.651698488627942e-18,1.0156309926562769e-17,23.40315868483536,0.7805926635244163,,,,,,,,,0.15996696150426015,0.03773445799336461,3.295319406987759e-17,7.77329834663311e-18,22.06992426082898,0.22994872973496783,0.29210897198213104,16.0,17.97150130457681,50.0,44.12433280757455,112.34508135667879,12.707807848581472,,0.8906566132312416,283.85467529296875,196.43780517578125,234.36574752500613,327.39880514272613,0.0010145484846550215,11.625,0.0
777224737.995,777226407.995,777225613.7270342,777224745.075,777226407.075,0.08515369548660191,0.016362742502549363,1.7541661270239993e-17,3.3707249555251687e-18,22.75449124962299,0.19083217667384034,0.2316804355824651,0.06442570699627405,0.01679377985536259,1.3271695641232453e-17,3.4595186502046936e-18,23.057352017200856,0.2515026203775008,0.3279026003128145,0.23673493072136087,0.012775989093222476,4.876739572860034e-17,2.63185375320383e-18,21.644344140767885,0.05706803381710657,0.06023484307027971,322.0,343.3488701683253,813.0,763.3544347408299,1450.3515350358243,219.84607720535905,249.90894713051097,0.938062981673521,160.58697509765625,331.47662353515625,249.02620266757668,327.39900568395853,0.0012292979118382623,10.397515296936035,0.0
905686822.995,905688432.995,905687625.4065334,905686826.185,905688431.575,0.07200221537647872,0.01632307889436595,1.4832456367554617e-17,3.3625542522393856e-18,22.93663535229063,0.22184808487997643,0.2791334195634434,0.059565227133697655,0.01659102953676782,1.2270436789541717e-17,3.4177520845741713e-18,23.14251799457167,0.266781966832486,0.3544625644261217,0.2238689681411532,0.012599629828573485,4.611700743707756e-17,2.595523744686138e-18,21.705015256216335,0.059448947294733046,0.06289356348015573,300.0,315.69828538636114,782.0,743.6156902699854,1410.1922566923522,214.16131879775583,231.6998633142995,0.9505067319585423,221.30697631835938,563.7421875,242.36893505516034,327.39911049371557,0.0012755876124145324,10.206666946411133,0.0
