t0,t1,t_mean,t0_data,t1_data,cps_bgsub,cps_bgsub_err,flux_bgsub,flux_bgsub_err,mag_bgsub,mag_bgsub_err_1,mag_bgsub_err_2,cps_mcatbgsub,cps_mcatbgsub_err,flux_mcatbgsub,flux_mcatbgsub_err,mag_mcatbgsub,mag_mcatbgsub_err_1,mag_mcatbgsub_err_2,cps,cps_err,flux,flux_err,mag,mag_err_1,mag_err_2,counts,flat_counts,bg_counts,bg_flat_counts,exptime,bg,mcat_bg,responses,detxs,detys,detrad,racent,deccent,q_mean,flags
836922249.995,836922357.995,836922308.4699999,836922258.65,836922357.645,0.4597439186402736,0.09039227747849572,9.470724723989636e-17,1.862080916057012e-17,20.92371001693455,0.194885567490644,0.23768990034695392,0.48354531447977217,0.08900161010389585,9.961033478283307e-17,1.8334331681402542e-17,20.868907051592785,0.1834347671253056,0.220855153764262,0.619638165190411,0.08059040157786651,1.2764546202922467e-16,1.66016227250405e-17,20.5996546017933,0.13275416284140817,0.15127727673185376,54.0,59.1166313823587,58.0,52.96779191108754,95.405084294949,15.254724070393214,12.98394989398841,0.913818944764028,452.8476867675781,602.6319580078125,209.41009622929823,243.5195289325204,8.922098620539565,12.870369911193848,0.0
868172967.995,868173047.995,868173010.8212498,868172972.435,868173047.145,0.556293750657554,0.11386303401546603,1.1459651263545613e-16,2.3455785007186003e-17,20.716739547119815,0.20218059399401156,0.24864727510269446,0.5846931421071401,0.11205661800881377,1.2044678727407085e-16,2.3083663309815637e-17,20.66267999998218,0.1903720696373732,0.23100180071764953,0.7292468043988279,0.10236904270300125,1.5022484170615854e-16,2.1088022796818255e-17,20.422813663263245,0.14262055467644785,0.16422917762864486,44.0,50.747165000932654,48.0,41.79006026168856,69.58846400810394,12.035537355366307,10.059267325624727,0.8673628973483343,215.40171813964844,310.8830871582031,204.98377940765513,243.51959052261148,8.92215531303419,10.090909004211426,0.0
896209651.995,896211311.995,896210453.7933015,896209656.825,896211308.53,0.44227591358939017,0.022296262095689977,9.110883819941437e-17,4.593029991712135e-18,20.965766779317647,0.05339976764299337,0.056162598604771574,,,,,,,,0.5875008418358366,0.019964828069478736,1.2102517341818235e-16,4.11275458231262e-18,20.657478766877173,0.03628311538445672,0.03753766941259329,733.0,865.9360842261692,879.0,743.2347842874194,1473.9316483705309,214.05161787477684,,0.8468152119368711,567.175537109375,272.1340026855469,210.46941221238717,243.51971792731916,8.922109409449286,11.956343650817871,0.0
