t0,t1,t_mean,t0_data,t1_data,cps_bgsub,cps_bgsub_err,flux_bgsub,flux_bgsub_err,mag_bgsub,mag_bgsub_err_1,mag_bgsub_err_2,cps_mcatbgsub,cps_mcatbgsub_err,flux_mcatbgsub,flux_mcatbgsub_err,mag_mcatbgsub,mag_mcatbgsub_err_1,mag_mcatbgsub_err_2,cps,cps_err,flux,flux_err,mag,mag_err_1,mag_err_2,counts,flat_counts,bg_counts,bg_flat_counts,exptime,bg,mcat_bg,responses,detxs,detys,detrad,racent,deccent,q_mean,flags
745857891.995,745859400.995,745858872.3468001,745857912.76,745859355.97,0.016419016992017737,0.004648259756563853,2.2986623788824834e-17,6.507563659189395e-18,23.281632119217118,0.27065312013809617,0.36135687392903293,,,,,,,,0.02423279481345809,0.0040420468937507874,3.392591273884133e-17,5.658865651251103e-18,22.858991237451654,0.16749169311840717,0.19812774584976722,25.0,35.94217171378327,57.0,40.24105704478421,1483.2037323991278,11.589424428897855,,0.6971932994065212,652.7291259765625,403.0256652832031,252.7472369132513,350.0906638565903,-0.35007444130648396,15.15999984741211,8.0
750959631.995,750959740.995,750959666.2065,750959642.331,750959690.082,-0.0022495580146617007,0.019758485673433232,-3.149381220526381e-18,2.7661879942806527e-17,,,,0.001576889848635542,0.018807688350721573,2.2076457880897587e-18,2.6330763691010204e-17,25.825496606564474,2.7787509300566313,,0.019244638535570745,0.013580139537740277,2.6942493949799046e-17,1.901219535283639e-17,23.109225604185397,0.5797301005056212,1.327870635073129,2.0,2.0082189083358752,8.0,7.788073143773226,104.35212407985696,2.2429650654066897,1.8436671031907923,0.9961165233030403,168.83517456054688,275.8983154296875,262.37073890516484,350.090473365937,-0.34982331586330595,6.0,0.0
907662692.995,907664383.995,907663499.4470452,907662935.09,907664330.245,0.010809823935136837,0.00389490399290379,1.5133753509191572e-17,5.452865590065306e-18,23.735453448886666,0.334095932513641,0.48507866008232625,,,,,,,,0.017954902547731987,0.003294212307518501,2.5136863566824782e-17,4.611897230525902e-18,23.184542369285055,0.1828944791936138,0.2200715861835647,22.0,29.707283017890678,55.0,41.048227165014836,1654.5499447248862,11.821889423524274,,0.7410468484058075,615.5880126953125,527.6929931640625,250.5667410513844,350.0904404831318,-0.3503058327713562,19.5,8.0
