t0,t1,t_mean,t0_data,t1_data,cps_bgsub,cps_bgsub_err,flux_bgsub,flux_bgsub_err,mag_bgsub,mag_bgsub_err_1,mag_bgsub_err_2,cps_mcatbgsub,cps_mcatbgsub_err,flux_mcatbgsub,flux_mcatbgsub_err,mag_mcatbgsub,mag_mcatbgsub_err_1,mag_mcatbgsub_err_2,cps,cps_err,flux,flux_err,mag,mag_err_1,mag_err_2,counts,flat_counts,bg_counts,bg_flat_counts,exptime,bg,mcat_bg,responses,detxs,detys,detrad,racent,deccent,q_mean,flags
752517223.995,752517341.995,752517281.1781888,752517225.135,752517341.907,2.6096048153590505,0.2606457039495251,5.375785919639644e-16,5.3693015013602165e-17,19.038563137308838,0.10336264778939253,0.1142482201125894,4.71150387539056,0.21864469993291819,9.705697983304553e-16,4.5040808186181146e-17,18.397101118304974,0.04925113681795423,0.05159186608278432,4.851503564402409,0.21555666333812526,9.994097342668962e-16,4.44046726476538e-17,18.365309113016853,0.04719927902275245,0.04934475442446029,445.0,506.5587304755363,936.0,812.7873894993198,104.41272973442253,234.08276817580415,14.617749691697501,0.8788555678789535,339.2100830078125,175.51625061035156,232.5690601691281,26.353059711541793,-3.8263515061112776,12.265168190002441,0.0
1007028763.995,1007029954.995,1007029351.2571216,1007028764.4,1007029953.28,2.721522801343301,0.08078269877173652,5.606336970767199e-16,1.6641235946977723e-17,18.992970056861576,0.03175875484791035,0.03271579128846369,4.5596395701451975,0.06892639045254588,9.392857514499107e-16,1.419883643322445e-17,18.432673715095316,0.01628985793844251,0.016537990631686483,4.739714505777642,0.06765320401113002,9.763811881901942e-16,1.3936560026292785e-17,18.390619542597225,0.01538789775483096,0.015609126185008648,3938.0,4908.260759467887,9039.0,7256.803665105052,1035.560423203716,2089.9594555502554,186.47847655191597,0.8026824061849865,512.4591674804688,202.79263305664062,227.0194042964894,26.353004492469847,-3.82634056064955,10.786439895629883,0.0
