t0,t1,t_mean,t0_data,t1_data,cps_bgsub,cps_bgsub_err,flux_bgsub,flux_bgsub_err,mag_bgsub,mag_bgsub_err_1,mag_bgsub_err_2,cps_mcatbgsub,cps_mcatbgsub_err,flux_mcatbgsub,flux_mcatbgsub_err,mag_mcatbgsub,mag_mcatbgsub_err_1,mag_mcatbgsub_err_2,cps,cps_err,flux,flux_err,mag,mag_err_1,mag_err_2,counts,flat_counts,bg_counts,bg_flat_counts,exptime,bg,mcat_bg,responses,detxs,detys,detrad,racent,deccent,q_mean,flags
780982663.995,780982772.995,780982738.7135456,780982684.684,780982764.448,-0.011676924225047037,0.052265038756711624,-2.4054463903596894e-18,1.0766597983882594e-17,,,,,,,,,,,0.12307764007040028,0.03611039808122286,2.5353993854502457e-17,7.438742004731908e-18,22.354552099111267,0.27932817533020327,0.3770586573415535,11.0,11.616994091599617,46.0,44.163715603195115,94.38752713291146,12.719150093720195,,0.947001327299187,503.3360290527344,639.43408203125,260.78154562494433,107.63622011739436,75.35810285273541,11.363636016845703,0.0
789308712.995,789308821.995,789308771.5891111,789308718.129,789308813.884,-0.015458494468303167,0.04837979558141315,-3.1844498604704524e-18,9.966237889771108e-18,,,,,,,,,,,0.10236271618583682,0.03298694704407048,2.1086719534282384e-17,6.7953110910785186e-18,22.55464549666343,0.3032884454599447,0.4223349758143051,9.0,9.629402853607722,41.0,38.48473921554975,94.07138861112081,11.08360489407833,,0.9348084456653373,139.38853454589844,361.9499816894531,263.374523862061,107.63694340265432,75.35840294255341,8.333333015441895,0.0
793829603.995,793829717.995,793829659.28725,793829605.875,793829703.873,0.14560070735572894,0.05854735204920973,2.999374571528016e-17,1.2060754522137204e-17,22.172091287833148,0.3669544277149228,0.5584449250836272,0.10150712978691744,0.0622585173748956,2.091046873610499e-17,1.2825254579228494e-17,22.56375863037772,0.5193156448064649,1.0316806011518658,0.24136306954246253,0.04953896287558952,4.972079232574728e-17,1.0205026352371442e-17,21.62332294911038,0.2026898378662345,0.24941909001618967,20.0,23.738201958782263,39.0,32.70238014404954,98.35059689861149,9.41828548148627,13.754915154774107,0.8428016282891605,418.88909912109375,135.60264587402344,265.07123369845993,107.63645835183797,75.35778869537558,11.600000381469727,0.0
