t0,t1,t_mean,t0_data,t1_data,cps_bgsub,cps_bgsub_err,flux_bgsub,flux_bgsub_err,mag_bgsub,mag_bgsub_err_1,mag_bgsub_err_2,cps_mcatbgsub,cps_mcatbgsub_err,flux_mcatbgsub,flux_mcatbgsub_err,mag_mcatbgsub,mag_mcatbgsub_err_1,mag_mcatbgsub_err_2,cps,cps_err,flux,flux_err,mag,mag_err_1,mag_err_2,counts,flat_counts,bg_counts,bg_flat_counts,exptime,bg,mcat_bg,responses,detxs,detys,detrad,racent,deccent,q_mean,flags
753712552.995,753712666.995,753712599.5495714,753712563.477,753712637.653,0.039356498629750894,0.030255303835259182,5.5099098081651255e-17,4.235742536936286e-17,22.3324588643605,0.619166062197074,1.5897951112671365,,,,,,,,0.07013850239962688,0.025222611634939728,9.819390335947764e-17,3.531165628891562e-17,21.70510877857576,0.3335370685069883,0.4838911790231357,7.0,7.732730444474884,13.0,11.783675708976714,110.2494376115453,3.3936986041852943,,0.905458644862606,454.6165466308594,694.5835571289062,299.60380387538544,51.83616264897513,1.0894481683918844,15.142857551574707,32.0
882815355.995,882817031.995,882816246.811,882815487.22,882816951.44,0.005361934444736978,0.005386076272064801,7.50670822263177e-18,7.540506780890722e-18,24.49669625006367,0.7550164770505958,,,,,,,,,0.026213653435749357,0.004019624883546255,3.66991148100491e-17,5.627474836964757e-18,22.77368111642282,0.15489422161391886,0.18072853254934174,35.0,42.528890676587125,144.0,117.46429515481071,1622.394634186609,33.8297170045855,,0.8240375448509542,530.040771484375,672.086181640625,301.5650717308399,51.83601200775048,1.0897598184334063,16.285715103149414,32.0
912295094.995,912296592.995,912295878.394,912295102.705,912296580.495,-0.001660861555317198,0.005935901970918124,-2.3252061774440774e-18,8.310262759285374e-18,,,,-0.006586713527911744,0.006213042987373934,-9.221398939076442e-18,8.698260182323508e-18,,,,0.024943783295269955,0.0041291453339624305,3.492129661337794e-17,5.780803467547403e-18,22.827594187924696,0.16631614329262234,0.19648365856956929,35.0,36.4925583871949,142.0,135.14717275666007,1462.9921193275807,38.92238575391811,46.128868370798145,0.9601237691870799,320.8846130371094,693.7935180664062,304.259553197798,51.83634528837797,1.089984565824332,13.942856788635254,32.0
