t0,t1,t_mean,t0_data,t1_data,cps_bgsub,cps_bgsub_err,flux_bgsub,flux_bgsub_err,mag_bgsub,mag_bgsub_err_1,mag_bgsub_err_2,cps_mcatbgsub,cps_mcatbgsub_err,flux_mcatbgsub,flux_mcatbgsub_err,mag_mcatbgsub,mag_mcatbgsub_err_1,mag_mcatbgsub_err_2,cps,cps_err,flux,flux_err,mag,mag_err_1,mag_err_2,counts,flat_counts,bg_counts,bg_flat_counts,exptime,bg,mcat_bg,responses,detxs,detys,detrad,racent,deccent,q_mean,flags
864280823.995,864280875.995,864280852.3241307,864280825.62,864280873.13,0.07839934179377725,0.12528286947935133,1.0975907851128815e-16,1.7539601727109187e-16,21.58421895861194,1.0366017117300679,,,,,,,,,0.4343221838648074,0.09287884640403725,6.080510574107304e-16,1.3003038496565215e-16,19.725469969053428,0.2104105947920054,0.2612334239325165,23.0,21.86706014574282,59.0,62.22168386702353,50.347555243803605,17.91984495370278,,1.0524432358200226,332.5409851074219,456.0389709472656,87.69883097912741,251.8110432574751,40.243895567701514,10.434782981872559,0.0
864286734.995,864286796.995,864286768.5828264,864286740.225,864286796.56,-0.022464528536772506,0.11693611690113402,-3.145033995148151e-17,1.6371056366158765e-16,,,,,,,,,,,0.3802215945202021,0.08149139840485833,5.3231023232828295e-16,1.1408795776680168e-16,19.86990805300944,0.21083829318987668,0.26189413701979447,23.0,21.769578318184735,76.0,80.05480681707886,57.25497612952665,23.055784363318715,,1.0573267891213298,343.8687744140625,457.6969299316406,80.49627450581829,251.81090696995633,40.2439767182661,11.1304349899292,0.0
897374904.995,897375870.995,897375390.8773035,897374906.675,897375864.885,0.10774225411581173,0.023917599109386734,1.5083915576213642e-16,3.348463875314143e-17,21.23903485664617,0.21766827315499881,0.27253570661090976,0.312120969039298,0.01885324756156318,4.369693566550172e-16,2.6394546586188455e-17,20.08419263351013,0.06367804072802485,0.06764670405674877,0.32375015698451154,0.018523498224493222,4.532502197783162e-16,2.5932897514290513e-17,20.044475030809622,0.06040871279347115,0.06396881270386245,280.0,305.4737942402071,774.0,707.6868477001296,943.547941676585,203.81381213763737,10.972696349076376,0.9176665418213511,480.6927490234375,360.8302307128906,89.69721607143028,251.81082147853107,40.24384224461654,11.58214282989502,0.0
