t0,t1,t_mean,t0_data,t1_data,cps_bgsub,cps_bgsub_err,flux_bgsub,flux_bgsub_err,mag_bgsub,mag_bgsub_err_1,mag_bgsub_err_2,cps_mcatbgsub,cps_mcatbgsub_err,flux_mcatbgsub,flux_mcatbgsub_err,mag_mcatbgsub,mag_mcatbgsub_err_1,mag_mcatbgsub_err_2,cps,cps_err,flux,flux_err,mag,mag_err_1,mag_err_2,counts,flat_counts,bg_counts,bg_flat_counts,exptime,bg,mcat_bg,responses,detxs,detys,detrad,racent,deccent,q_mean,flags
772461491.995,772461644.995,772461556.65984,772461494.936,772461641.047,-0.1933850441718007,0.07111317888729773,-3.9837319099390944e-17,1.4649314850783334e-17,,,,-0.039323968315153286,0.061704231967808804,-8.100737472921577e-18,1.2711071785368614e-17,,,,0.21502921522446228,0.041763826792025,4.429601833623923e-17,8.60334831915715e-18,21.748756325224985,0.19271445534880627,0.23446413345564565,25.0,26.509062431825292,186.0,174.82571252458763,123.28121276056982,50.349805207081246,31.35696893627561,0.9432925772356501,169.55001831054688,346.6895751953125,236.53582277009443,308.7981113207997,64.80700634602904,11.399999618530273,0.0
868392014.995,868392070.995,868392050.499375,868392016.345,868392070.81,0.026347098560207276,0.12845960128596373,5.4275023034026984e-18,2.6462677864908527e-17,24.028168009826054,1.9226423910559092,,0.1216040053806989,0.11988207743491479,2.5050425108423972e-17,2.4695707951592447e-17,22.367630300197533,0.7448605672067785,4.6223322637782225,0.3821410138614445,0.09244200611375393,7.872104885545756e-17,1.9043053259433308e-17,21.124440871247323,0.23522136027534657,0.30069160950786156,16.0,17.08868245265164,59.0,55.244742929258344,44.71826323998711,15.910485963626405,11.650762529000737,0.9363479940328927,200.42855834960938,487.27587890625,217.8206587109535,308.79748327774627,64.80715265035681,11.5,0.0
872521407.995,872521509.995,872521460.5366664,872521417.5,872521508.11,0.06830257175990975,0.08962281593113351,1.407032978254141e-17,1.8462300081813502e-17,22.99390735938657,0.9100372386797275,,0.11623917247209441,0.08633565397826287,2.3945269529251446e-17,1.778514471952215e-17,22.416618726301976,0.60308241507974,1.474075545984352,0.3669971236501369,0.06654468175200999,7.56014074719282e-17,1.3708204440914057e-17,21.168343348823242,0.1809208033542511,0.21721730605188583,27.0,30.415756040689793,96.0,85.95492568375964,82.87736900544628,24.755018596922778,20.78215925083231,0.8878946766503972,187.34384155273438,331.35064697265625,223.46224602071243,308.79846128239456,64.8069259370685,11.851851463317871,0.0
