t0,t1,t_mean,t0_data,t1_data,cps_bgsub,cps_bgsub_err,flux_bgsub,flux_bgsub_err,mag_bgsub,mag_bgsub_err_1,mag_bgsub_err_2,cps_mcatbgsub,cps_mcatbgsub_err,flux_mcatbgsub,flux_mcatbgsub_err,mag_mcatbgsub,mag_mcatbgsub_err_1,mag_mcatbgsub_err_2,cps,cps_err,flux,flux_err,mag,mag_err_1,mag_err_2,counts,flat_counts,bg_counts,bg_flat_counts,exptime,bg,mcat_bg,responses,detxs,detys,detrad,racent,deccent,q_mean,flags
754203156.995,754203266.995,754203208.6205,754203162.572,754203255.694,0.10791391693268029,0.042161525032413494,1.5107948370575242e-16,5.902613504537889e-17,21.237306359161092,0.3580804366774615,0.5379147509689197,0.09369995993479603,0.04384553646658116,1.3117994390871445e-16,6.138375105321363e-17,21.39065148703084,0.41676742458935934,0.6850892672021693,0.14118145644971214,0.037928957256569945,1.97654039029597e-16,5.310054015919793e-17,20.945555855420668,0.2583579479563767,0.3396927135486685,12.0,13.855222650336245,13.0,11.336109832720734,98.13769455814744,3.2647996318235717,4.659724602144578,0.8666297830328431,440.7869873046875,208.09564208984375,196.19087878467258,56.52843934172622,0.39020433585155795,11.0,0.0
912632060.995,912633761.995,912632930.8515543,912632064.29,912633749.675,0.15808744355655283,0.013308970648210447,2.2132242097917397e-16,1.8632558907494627e-17,20.822756558734653,0.08776088818430239,0.0954834625818286,0.17866557714259407,0.012830724709331135,2.501318079996317e-16,1.796301459306359e-17,20.689897783496363,0.07529876188446494,0.08091269486433461,0.2248288114780276,0.011686888417483032,3.147603360692387e-16,1.6361643784476247e-17,20.44037008836077,0.05502002453033228,0.0579577119997694,341.0,370.0889635746646,415.0,381.46683444077075,1646.0922474379277,109.862448318942,75.98894215621746,0.9225089163655222,272.5995178222656,246.97592163085938,199.1161756860655,56.528360840008965,0.3901033959831391,7.243401527404785,0.0
