t0,t1,t_mean,t0_data,t1_data,cps_bgsub,cps_bgsub_err,flux_bgsub,flux_bgsub_err,mag_bgsub,mag_bgsub_err_1,mag_bgsub_err_2,cps_mcatbgsub,cps_mcatbgsub_err,flux_mcatbgsub,flux_mcatbgsub_err,mag_mcatbgsub,mag_mcatbgsub_err_1,mag_mcatbgsub_err_2,cps,cps_err,flux,flux_err,mag,mag_err_1,mag_err_2,counts,flat_counts,bg_counts,bg_flat_counts,exptime,bg,mcat_bg,responses,detxs,detys,detrad,racent,deccent,q_mean,flags
753889498.995,753889622.995,753889566.1956999,753889501.29,753889619.518,0.06366737546810929,0.032066561458041834,8.9134325655353e-17,4.489318604125857e-17,21.810207631238406,0.44287242884376354,0.7605466942150088,,,,,,,,0.09267230058627521,0.027984832713848416,1.297412208207853e-16,3.917876579938778e-17,21.402625138753393,0.2865076454409028,0.3903244826439334,10.0,10.966156985103089,13.0,11.91746197858297,118.33262922931235,3.4322290498318964,,0.9124833775810195,274.2879638671875,317.2164001464844,150.52122917836058,54.92634501163195,1.0925124427653012,6.400000095367432,0.0
912300802.995,912302507.995,912301709.520635,912300811.59,912302488.84,0.051852497866439556,0.00831987766704106,7.259349701301538e-17,1.1647828733857484e-17,22.033075794258625,0.1615686874018074,0.18988718614252065,0.046194499541612095,0.008522286441004452,6.467229935825694e-17,1.1931201017406234e-17,22.158524333887854,0.18382578232148816,0.22142283081836212,0.08336956080927395,0.0070873840039892945,1.1671738513298354e-16,9.922337605585013e-18,21.51748121589911,0.08858600426169261,0.09646108991234925,126.0,138.3703690214993,199.0,181.63052439264538,1659.722897401987,52.30959102508188,61.700300398260104,0.9115956310058135,284.91265869140625,317.72149658203125,141.47384300350876,54.926699805834936,1.0923627377552088,6.484127044677734,0.0
