t0,t1,t_mean,t0_data,t1_data,cps_bgsub,cps_bgsub_err,flux_bgsub,flux_bgsub_err,mag_bgsub,mag_bgsub_err_1,mag_bgsub_err_2,cps_mcatbgsub,cps_mcatbgsub_err,flux_mcatbgsub,flux_mcatbgsub_err,mag_mcatbgsub,mag_mcatbgsub_err_1,mag_mcatbgsub_err_2,cps,cps_err,flux,flux_err,mag,mag_err_1,mag_err_2,counts,flat_counts,bg_counts,bg_flat_counts,exptime,bg,mcat_bg,responses,detxs,detys,detrad,racent,deccent,q_mean,flags
874698990.995,874699092.995,874699004.56,874699004.56,874699004.56,0.0008772185782082145,0.014349547842464254,1.2281060094915005e-18,2.0089366979449957e-17,26.46223044793581,3.098749662158948,,,,,,,,,0.010847901023682447,0.010358228460268463,1.5187061433155425e-17,1.450151984437585e-17,23.731635714911338,0.7277892370803052,3.3635998576534902,1.0,1.0967823601636277,4.0,3.500315086914057,101.10549107787786,1.0080907450312484,,0.9117579169041442,475.8780517578125,681.07666015625,291.13839943084344,25.6588571434022,1.03033341363064,18.0,0.0
908396289.995,908397943.995,908397020.4368182,908396348.26,908397815.445,0.0076296751872141156,0.0028502008678640946,1.0681545262099762e-17,3.990281215009732e-18,24.11373487641137,0.3446252421637723,0.5078147924977188,,,,,,,,0.010339726985292407,0.002537046510097181,1.447561777940937e-17,3.551865114136053e-18,23.7837273209839,0.23824496210550805,0.3056631224157229,11.0,16.6096807592605,22.0,15.116015122213327,1606.3945192060385,4.353412355197438,,0.6628194705118061,673.011962890625,351.3667297363281,277.30980303251334,25.659058299462572,1.030491215032047,14.727272987365723,8.0
908402205.995,908403859.995,908403281.2075,908402226.46,908403851.67,0.008204991776612722,0.0034266836721577646,1.1486988487257811e-17,4.7973571410208705e-18,24.034804624697088,0.37891031430153177,0.5870100014341375,,,,,,,,0.013505565692923069,0.002903892781513154,1.8907791970092297e-17,4.065449894118416e-18,23.4937180506888,0.2114536737291033,0.2628459467935116,18.0,21.63039274968323,35.0,29.47691524805695,1601.5910211756313,8.489351591440403,,0.8327194152370458,534.5933837890625,647.2432250976562,281.5041586131192,25.659920551055873,1.0304334741085628,17.83333396911621,0.0
