t0,t1,t_mean,t0_data,t1_data,cps_bgsub,cps_bgsub_err,flux_bgsub,flux_bgsub_err,mag_bgsub,mag_bgsub_err_1,mag_bgsub_err_2,cps_mcatbgsub,cps_mcatbgsub_err,flux_mcatbgsub,flux_mcatbgsub_err,mag_mcatbgsub,mag_mcatbgsub_err_1,mag_mcatbgsub_err_2,cps,cps_err,flux,flux_err,mag,mag_err_1,mag_err_2,counts,flat_counts,bg_counts,bg_flat_counts,exptime,bg,mcat_bg,responses,detxs,detys,detrad,racent,deccent,q_mean,flags
749492145.995,749492514.995,749492465.378,749492426.958,749492503.798,0.0015838785959930185,0.011212111379758574,2.217430034390226e-18,1.5696955931662005e-17,25.820695275160105,2.26838000313591,,,,,,,,,0.011427617620356259,0.00821802879676055,1.5998664668498764e-17,1.1505240315464772e-17,23.675110749946985,0.5882765582897136,1.3787657524374701,2.0,1.933642052970713,7.0,5.783463326499428,169.20780141665531,1.6656374380318355,,1.0345257837063628,83.06909942626953,496.46429443359375,331.28621438123093,17.2260137524064,0.298173813463745,7.5,44.0
875810908.995,875812387.995,875811527.7611363,875810973.365,875812373.625,0.0024922238711039377,0.004359987669104471,3.489113419545513e-18,6.103982736746259e-18,25.328532371306082,1.0981092762046387,,,,,,,,,0.015146888974359366,0.0032181956645867715,2.1205644564103113e-17,4.5054739304214805e-18,23.36919139480368,0.20917373033796594,0.25932642297688346,22.0,22.15246164450646,65.0,64.26236725869863,1462.509013039319,18.50756177050521,,0.9948438628859041,106.0937728881836,246.7764129638672,331.448846670677,17.225733931573888,0.2987458715523018,8.181818008422852,32.0
877053101.995,877054753.995,877053804.2694443,877053180.47,877054720.04,0.004255783518646388,0.003638095354675879,5.958096926104944e-18,5.093333496546231e-18,24.74755117913712,0.6707773244646873,2.0955256220011798,0.001877722847450085,0.0038324130334117753,2.6288119864301192e-18,5.365378246776486e-18,25.635921273393162,1.2075373809632772,,0.012969123271654732,0.0028136824365559547,1.8156772580316626e-17,3.9391554111783365e-18,23.53772345438349,0.2131839799701396,0.2655295947786236,18.0,21.245701587830332,58.0,49.56243324052788,1638.1756224235187,14.273980773272033,18.169661793469928,0.8485495439931795,166.99508666992188,165.16297912597656,330.8167408232899,17.22581841741411,0.29914134891981603,6.94444465637207,32.0
