t0,t1,t_mean,t0_data,t1_data,cps_bgsub,cps_bgsub_err,flux_bgsub,flux_bgsub_err,mag_bgsub,mag_bgsub_err_1,mag_bgsub_err_2,cps_mcatbgsub,cps_mcatbgsub_err,flux_mcatbgsub,flux_mcatbgsub_err,mag_mcatbgsub,mag_mcatbgsub_err_1,mag_mcatbgsub_err_2,cps,cps_err,flux,flux_err,mag,mag_err_1,mag_err_2,counts,flat_counts,bg_counts,bg_flat_counts,exptime,bg,mcat_bg,responses,detxs,detys,detrad,racent,deccent,q_mean,flags
776361073.995,776361153.995,776361118.0883751,776361081.024,776361150.175,0.2050400955718694,0.09606238256682993,4.2238259687805094e-17,1.9788850808766967e-17,21.80040301098357,0.41718883564668374,0.6862527650042907,,,,,,,,0.4055926503182522,0.07857964369212708,8.355208596555995e-17,1.618740660057818e-17,21.05977480846655,0.19227464348056245,0.23381262491624355,24.0,26.641584006737578,51.0,45.74100231655119,65.68556897131396,13.173408667166745,,0.9012612577982405,237.2518768310547,296.23870849609375,193.01128777761366,349.80830358738154,4.9945959876393635,13.416666984558105,0.0
776366985.995,776367073.995,776367024.4403716,776366988.314,776367062.282,0.3051803184414432,0.09832676076243554,6.28671455989373e-17,2.0255312717061723e-17,21.368608695370007,0.3032365915419426,0.42223381778908475,0.35157490065341546,0.09517420971708676,7.242442953460358e-17,1.9605887201719872e-17,21.214955343216452,0.2601145840925767,0.342746678872615,0.5202409141556016,0.08270680713278401,1.0716962831605392e-16,1.7037602269353507e-17,20.789488739667544,0.1601878851081402,0.18798147742547755,35.0,39.566396384971796,64.0,56.79241675241806,76.05398827424341,16.356216024696405,12.827723013158645,0.8847904502507455,232.4519500732422,269.45745849609375,212.3998685888445,349.80817415681327,4.994243655010759,12.114285469055176,0.0
873077565.995,873079055.995,873078283.3107996,873077570.515,873079051.6,0.3395615492586325,0.021665473198677655,6.994967914727829e-17,4.463087478927597e-18,21.2527037340136,0.06715431226682611,0.07158334786686282,0.3219601265107015,0.02197176157509486,6.63237860612045e-17,4.526182884469541e-18,21.310494776572867,0.07167588621858556,0.07674419614674832,0.47885756825035003,0.019068791049819615,9.86446590595721e-17,3.9281709562628404e-18,20.87948411062566,0.04239690470151203,0.0441199730164179,519.0,630.6180418929421,773.0,636.9513359928701,1316.9219486226239,183.44198476594664,206.6216847096826,0.8232845906180861,518.508544921875,151.20179748535156,275.5808788613972,349.8082243361778,4.994521512871955,10.558767318725586,0.0
