t0,t1,t_mean,t0_data,t1_data,cps_bgsub,cps_bgsub_err,flux_bgsub,flux_bgsub_err,mag_bgsub,mag_bgsub_err_1,mag_bgsub_err_2,cps_mcatbgsub,cps_mcatbgsub_err,flux_mcatbgsub,flux_mcatbgsub_err,mag_mcatbgsub,mag_mcatbgsub_err_1,mag_mcatbgsub_err_2,cps,cps_err,flux,flux_err,mag,mag_err_1,mag_err_2,counts,flat_counts,bg_counts,bg_flat_counts,exptime,bg,mcat_bg,responses,detxs,detys,detrad,racent,deccent,q_mean,flags
780823874.995,780823969.995,780823919.012,780823896.753,780823952.584,0.03201981827559443,0.025397105422062843,4.48277455858322e-17,3.555594759088798e-17,22.556452842982033,0.6340526430191638,1.7109573435477294,,,,,,,,0.046052320965353964,0.02223451126444051,6.447324935149555e-17,3.1128315770216715e-17,22.161871192872766,0.4277136094238827,0.7158742545776846,4.0,4.289906931059526,5.0,4.53877855114867,93.1528930819123,1.307168222730817,,0.9325507572236408,242.79527282714844,319.2122802734375,176.74835757117606,26.928222746028553,0.20724922234008047,5.75,0.0
781989535.995,781989646.995,781989583.8705,781989553.459,781989614.282,0.004092537208275113,0.017087736658586594,5.729552091585158e-18,2.3922831322021233e-17,24.790018408516318,1.7848473369083742,,,,,,,,,0.017967713931625745,0.012835852323621215,2.5154799504276046e-17,1.7970193253069702e-17,23.183767938840976,0.585270437504068,1.3605447207844783,2.0,1.959459200606836,5.0,5.25399235116242,109.05445222822186,1.5131497971347774,,1.0206948916508898,359.74609375,561.001953125,165.95784367859352,26.92784506430755,0.20766994955544,10.0,0.0
908437725.995,908439356.995,908438696.0833334,908437946.97,908439241.82,-0.000886412367214129,0.003526963955601806,-1.2409773140997806e-18,4.937749537842529e-18,,,,-0.0009797586534572053,0.0035351588758661713,-1.3716621148400874e-18,4.94922242621264e-18,,,,0.009588830050683641,0.0024382278533238164,1.3424362070957098e-17,3.413518994653343e-18,23.865585946496743,0.24598445118801848,0.3185575084489827,15.0,15.466165974319484,62.0,58.66629199753968,1612.9356649945855,16.89589209529143,17.04645364956768,0.9705531970637348,473.9717102050781,481.82635498046875,110.30578534262716,26.928239209718857,0.20742220521967367,13.866666793823242,0.0
