t0,t1,t_mean,t0_data,t1_data,cps_bgsub,cps_bgsub_err,flux_bgsub,flux_bgsub_err,mag_bgsub,mag_bgsub_err_1,mag_bgsub_err_2,cps_mcatbgsub,cps_mcatbgsub_err,flux_mcatbgsub,flux_mcatbgsub_err,mag_mcatbgsub,mag_mcatbgsub_err_1,mag_mcatbgsub_err_2,cps,cps_err,flux,flux_err,mag,mag_err_1,mag_err_2,counts,flat_counts,bg_counts,bg_flat_counts,exptime,bg,mcat_bg,responses,detxs,detys,detrad,racent,deccent,q_mean,flags
780823161.995,780823267.995,780823264.596,780823264.596,780823264.596,0.004093031188193332,0.013071069050752095,5.730243663470665e-18,1.8299496671052935e-17,24.789887365232257,1.5564399706397474,,0.0001767118310498874,0.014425696473908435,2.473965634698424e-19,2.019597506347181e-17,28.20183593257612,4.792897152054447,,0.011028428671471203,0.01024161642803727,1.5439800140059684e-17,1.433826299925218e-17,23.713715903378784,0.7131369302567734,2.8666063234393384,1.0,1.1595520935259285,3.0,2.531952153036219,105.14209485939787,0.7292022200744311,1.1409722414229033,0.8624019615705513,544.6162109375,484.17010498046875,167.3273887871995,26.4203998713624,-1.05346055836718,18.0,0.0
781988806.995,781988916.995,1.5e-323,-2.6867851827638753e+154,1.5e-323,-0.016538765260226525,0.012310766960868944,-2.3154271364317136e-17,1.7235073745216523e-17,,,,,,,,,,,0.0,0.0,0.0,0.0,inf,,,1.5e-323,1.5e-323,7.0,6.266765702895822,109.12716239914013,1.804828522433997,,1.5e-323,1.5e-323,1.5e-323,565.685424949238,160000.0,1.5e-323,1.5e-323,0.0
908479111.995,908480771.995,908479878.696875,908479169.65,908480562.59,0.010566168278527155,0.0038305795976992254,1.479263558993802e-17,5.3628114367789154e-18,23.76020619237232,0.3358671901589467,0.4888549115400629,0.006694674528778659,0.004126152071227946,9.372544340290123e-18,5.7766128997191254e-18,24.255676329972488,0.5213274241608268,1.040115251838163,0.017360634328816488,0.0032474529131598946,2.4304888060343083e-17,4.546434078423852e-18,23.221086026171893,0.18618023672075168,0.2248516634813349,24.0,28.57889637297339,47.0,38.83673479223064,1646.1896398299218,11.184979620162427,17.558192521664697,0.8412982821985203,544.1467895507812,488.1521911621094,168.96480623040495,26.4215012665379,-1.0543691481913064,17.04166603088379,0.0
