t0,t1,t_mean,t0_data,t1_data,cps_bgsub,cps_bgsub_err,flux_bgsub,flux_bgsub_err,mag_bgsub,mag_bgsub_err_1,mag_bgsub_err_2,cps_mcatbgsub,cps_mcatbgsub_err,flux_mcatbgsub,flux_mcatbgsub_err,mag_mcatbgsub,mag_mcatbgsub_err_1,mag_mcatbgsub_err_2,cps,cps_err,flux,flux_err,mag,mag_err_1,mag_err_2,counts,flat_counts,bg_counts,bg_flat_counts,exptime,bg,mcat_bg,responses,detxs,detys,detrad,racent,deccent,q_mean,flags
764690975.995,764691089.995,764691029.0403334,764690992.133,764691063.32,0.032436815289932856,0.020114415368726955,4.5411541405906e-17,2.8160181516217736e-17,22.542404480626946,0.5238617078937757,1.0508572702904324,,,,,,,,0.039078995356445254,0.01859603761177029,5.471059349902336e-17,2.6034452656478407e-17,22.340141524151356,0.4226111527631389,0.7013768031649228,3.0,4.416171685045407,4.0,2.6062778657579053,113.00627472034164,0.7506080253382769,,0.6803297663503637,703.1618041992188,464.2955017089844,309.90480968409554,166.27392290306034,8.64948828929211,14.666666984558105,40.0
856524347.995,856524457.995,856524406.365,856524406.365,856524406.365,0.010436625541020473,0.011500981338836978,1.4611275757428662e-17,1.610137387437177e-17,23.773599746104775,0.8065728703411175,,,,,,,,,0.01236695471092084,0.01069644626419847,1.731373659528918e-17,1.4975024769877858e-17,23.589343074101173,0.6766514481305208,2.1735352360567752,1.0,1.3367386745083423,1.0,0.724473707310384,108.0895584850742,0.20864842770539063,,0.748089375335687,638.7421875,166.97335815429688,333.6154191613013,166.273049721851,8.6482443001341,11.0,96.0
891169201.995,891170776.995,891170056.727,891169207.17,891170774.195,0.010578866229158039,0.003938030385813346,1.4810412720821254e-17,5.513242540138684e-18,23.75890218632982,0.3435866461370978,0.5055409513544689,0.006424278383246462,0.004264304406909046,8.993989736545047e-18,5.970026169672665e-18,24.300439120098552,0.5527394338180329,1.1834395830439632,0.017326927265191742,0.0033408486139044433,2.425769817126844e-17,4.677188059466221e-18,23.223196119194917,0.19143047774345945,0.23256396534525692,20.0,26.898589761814936,48.0,36.37428568668651,1552.4154600597772,10.475794277765717,16.9254406799353,0.7456682114256425,288.53985595703125,90.27981567382812,329.1655454161587,166.2742191336364,8.649652662769842,7.300000190734863,40.0
