t0,t1,t_mean,t0_data,t1_data,cps_bgsub,cps_bgsub_err,flux_bgsub,flux_bgsub_err,mag_bgsub,mag_bgsub_err_1,mag_bgsub_err_2,cps_mcatbgsub,cps_mcatbgsub_err,flux_mcatbgsub,flux_mcatbgsub_err,mag_mcatbgsub,mag_mcatbgsub_err_1,mag_mcatbgsub_err_2,cps,cps_err,flux,flux_err,mag,mag_err_1,mag_err_2,counts,flat_counts,bg_counts,bg_flat_counts,exptime,bg,mcat_bg,responses,detxs,detys,detrad,racent,deccent,q_mean,flags
753889498.995,753889622.995,753889564.4781818,753889502.267,753889620.542,-0.06868952070460295,0.05348546162795741,-1.4150041265148208e-17,1.1018005095359227e-17,,,,,,,,,,,0.11421730057817574,0.03316139095972062,2.35287639191042e-17,6.8312465377024475e-18,22.435670270510766,0.2767570116033937,0.3723680198646271,11.0,11.86310313226419,71.0,65.9635208954143,103.86432766500657,18.997494017879323,,0.9274806747845051,164.9899444580078,198.4438018798828,309.60398448095947,55.179896886867546,1.0032213167353528,9.636363983154297,32.0
912300802.995,912302507.995,912301618.6832112,912300808.025,912302498.6,0.05221983807854119,0.014537347359597563,1.0757286644179485e-17,2.9946935560770977e-18,23.28541119789055,0.2666562429515338,0.354239799971932,-0.011636544409882104,0.0159655379242033,-2.3971281484357133e-18,3.2889008123858794e-18,,,,0.18099784722003126,0.011112149849425998,3.728555652732644e-17,2.2891028689817555e-18,21.935816476446114,0.0646913898904593,0.06879148036140492,232.0,265.3081798984883,750.0,655.4302022601785,1465.8084832134195,188.76389825093145,282.36512540978316,0.874760423491917,178.13795471191406,197.03074645996094,300.69799637179716,55.18011133854437,1.0031110835712258,8.116379737854004,32.0
