t0,t1,t_mean,t0_data,t1_data,cps_bgsub,cps_bgsub_err,flux_bgsub,flux_bgsub_err,mag_bgsub,mag_bgsub_err_1,mag_bgsub_err_2,cps_mcatbgsub,cps_mcatbgsub_err,flux_mcatbgsub,flux_mcatbgsub_err,mag_mcatbgsub,mag_mcatbgsub_err_1,mag_mcatbgsub_err_2,cps,cps_err,flux,flux_err,mag,mag_err_1,mag_err_2,counts,flat_counts,bg_counts,bg_flat_counts,exptime,bg,mcat_bg,responses,detxs,detys,detrad,racent,deccent,q_mean,flags
855199150.995,855199256.995,855199213.0635713,855199163.165,855199254.425,0.021529392530004392,0.039985472446612554,4.435054861180905e-18,8.237007324002186e-18,24.247420559973207,1.13987074767358,,,,,,,,,0.08859514054626089,0.03016597938241644,1.8250598952529743e-17,6.214191752777787e-18,22.711475246406007,0.31816095736017047,0.4519506250392986,7.0,8.625513179747635,28.0,22.671660354223178,97.35876173980144,6.529438182016277,,0.8118003324973762,469.965576171875,404.2397155761719,70.09391583603585,165.7773703837543,50.160073068598585,16.85714340209961,0.0
948565523.995,948565784.995,948565650.3640323,948565525.04,948565772.72,0.09556413663987111,0.03082794148493017,1.9686212147813447e-17,6.350555945895615e-18,22.629262648535345,0.3035622848549693,0.42286942565233687,,,,,,,,0.16136734173194267,0.025982224838281914,3.324167239678019e-17,5.3523383166860745e-18,22.060460888110928,0.162092619857642,0.19061180120502286,31.0,38.57257358656664,68.0,54.6157033740959,239.03581215734434,15.729322571739623,,0.8038840310080346,457.3400573730469,407.64715576171875,57.84774127646036,165.77753282094653,50.1598474858804,13.645161628723145,0.0
951770370.995,951772036.995,951771235.564661,951770373.095,951772027.99,0.07724292233381376,0.011907614325820758,1.5912042000765633e-17,2.452968551119076e-18,22.86035325976393,0.15566316437008254,0.18177688318427698,0.037958095657731936,0.01294937632199062,7.819367705492779e-18,2.6675715223300676e-18,23.631738960190667,0.3186927874178451,0.4530324082101096,0.14617564435872465,0.009815978925773626,3.0112182737897275e-17,2.0220916587093668e-18,22.167812457668518,0.07056565132717196,0.07547272485841106,177.0,221.75978875295402,454.0,363.1121014045326,1517.0775523228815,104.57628520450541,164.17441390168426,0.798364937927952,469.39202880859375,384.705078125,71.05764066822834,165.77774538146727,50.16002623233997,14.011299133300781,0.0
