t0,t1,t_mean,t0_data,t1_data,cps_bgsub,cps_bgsub_err,flux_bgsub,flux_bgsub_err,mag_bgsub,mag_bgsub_err_1,mag_bgsub_err_2,cps_mcatbgsub,cps_mcatbgsub_err,flux_mcatbgsub,flux_mcatbgsub_err,mag_mcatbgsub,mag_mcatbgsub_err_1,mag_mcatbgsub_err_2,cps,cps_err,flux,flux_err,mag,mag_err_1,mag_err_2,counts,flat_counts,bg_counts,bg_flat_counts,exptime,bg,mcat_bg,responses,detxs,detys,detrad,racent,deccent,q_mean,flags
749326838.995,749326951.995,749326898.2361666,749326856.456,749326936.301,0.06305722082048718,0.050550831704752906,1.2989787489020357e-17,1.0413471331179098e-17,23.080662935576868,0.6391857235948031,1.7565072221391382,,,,,,,,0.15108278959754537,0.04018263606829278,3.112305465709435e-17,8.277623030068312e-18,22.131962512357575,0.2560536906981241,0.3357071191842884,12.0,14.136866021228855,34.0,28.59924045706321,93.570326963691,8.236581251634206,,0.8490811371293715,466.5329284667969,215.5732421875,196.06085679604288,11.351594231686184,1.0753973750114427,14.916666984558105,0.0
905183965.995,905185669.995,905184726.1932024,905183967.495,905185658.415,0.03756768538397904,0.012283489356058344,7.738943189099681e-18,2.5303988073480187e-18,23.642963904538227,0.3071523967694816,0.42991322359640094,0.004830641401431687,0.013136191331231558,9.951121286949275e-19,2.7060554142337007e-18,25.869988001998774,1.426166813585663,,0.13272630860933204,0.009374377902131002,2.7341619573522402e-17,1.9311218478389863e-18,22.27260746014482,0.07409790034386177,0.0795276611902338,178.0,200.46064252675114,561.0,499.0312749592952,1510.3308803440698,143.72100718827704,193.1647756463003,0.8882229314935581,213.39743041992188,355.4248046875,191.8527221882333,11.351628625488564,1.0756127596633354,11.314606666564941,0.0
905189880.995,905191584.995,905190723.2546793,905189903.91,905191576.09,0.03714572922390992,0.012009830125146184,7.652020220125443e-18,2.474025005780114e-18,23.65522777852098,0.3041593844542092,0.42403616062346927,-0.005046614500285459,0.013134901747858802,-1.0396025870588046e-18,2.7057897600589132e-18,,,,0.12613271862833797,0.009196247327879006,2.598334003743762e-17,1.8944269495430752e-18,22.327930608773087,0.07640751727675266,0.08219443038338525,156.0,188.11967824261546,555.0,460.8297380844381,1491.4423496803233,132.7189645683182,195.646412830852,0.8294614579143348,320.1129150390625,220.02894592285156,196.9048670023063,11.351810765246196,1.0756088974227993,11.85897445678711,0.0
