t0,t1,t_mean,t0_data,t1_data,cps_bgsub,cps_bgsub_err,flux_bgsub,flux_bgsub_err,mag_bgsub,mag_bgsub_err_1,mag_bgsub_err_2,cps_mcatbgsub,cps_mcatbgsub_err,flux_mcatbgsub,flux_mcatbgsub_err,mag_mcatbgsub,mag_mcatbgsub_err_1,mag_mcatbgsub_err_2,cps,cps_err,flux,flux_err,mag,mag_err_1,mag_err_2,counts,flat_counts,bg_counts,bg_flat_counts,exptime,bg,mcat_bg,responses,detxs,detys,detrad,racent,deccent,q_mean,flags
780948152.995,780948257.995,780948198.3708888,780948153.02,780948254.323,0.08484760396658755,0.03321944951957913,1.1878664555322257e-16,4.650722932741078e-17,21.49840104331809,0.3587228558244391,0.5393824552107631,0.08771655223249138,0.03280176384217105,1.2280317312548792e-16,4.5922469379039475e-17,21.46229611735606,0.34492875466787254,0.5084805965891839,0.09982811172184447,0.030976447684083135,1.3975935641058227e-16,4.336702675771639e-17,21.32186785904333,0.2934250647770327,0.4033460385997927,9.0,10.385860577621463,6.0,5.4115749507843915,104.03743393003415,1.558533585825905,1.2600555701632519,0.8694074858972604,284.7276916503906,131.81239318847656,291.91145493032593,31.976104295575244,-0.5352133711848522,8.11111068725586,0.0
782048705.995,782048807.995,782048761.891,782048761.891,782048761.891,-0.01345013789114994,0.01811163791840787,-1.8830193047609915e-17,2.535629308577102e-17,,,,-0.001427469194489868,0.014420609758505717,-1.9984568722858153e-18,2.0188853661908006e-17,,,,0.00969688803106927,0.009841163902304021,1.3575643243496979e-17,1.3777629463225631e-17,23.853419047782264,0.7606221969092566,,1.0,0.9708940328185542,8.0,8.047151195917728,100.12429036075963,2.317579544424306,1.1138183729286975,1.029978521030714,131.5931854248047,288.201416015625,290.75959397982837,31.9752416040057,-0.53594397049824,10.0,0.0
908680240.995,908681918.995,908681041.3214064,908680283.33,908681912.725,0.028796941371744496,0.005463162799190501,4.03157179204423e-17,7.648427918866701e-18,22.67163409448346,0.18860579234100783,0.22840322480593045,0.02845914174809702,0.0054817155574215775,3.984279844733583e-17,7.674401780390209e-18,22.684445503047275,0.19125252274757187,0.23230104766793502,0.03922397195219832,0.0048557454990408346,5.491356073307764e-17,6.7980436986571684e-18,22.33612107577948,0.1267180808969144,0.14348612104363667,64.0,65.25162127177009,61.0,60.22931121954046,1663.5648564936587,17.346041631227656,17.90799321366438,0.9817964300970882,188.66107177734375,597.6368408203125,289.3517987359584,31.976153967008997,-0.5351814836123857,11.78125,0.0
