t0,t1,t_mean,t0_data,t1_data,cps_bgsub,cps_bgsub_err,flux_bgsub,flux_bgsub_err,mag_bgsub,mag_bgsub_err_1,mag_bgsub_err_2,cps_mcatbgsub,cps_mcatbgsub_err,flux_mcatbgsub,flux_mcatbgsub_err,mag_mcatbgsub,mag_mcatbgsub_err_1,mag_mcatbgsub_err_2,cps,cps_err,flux,flux_err,mag,mag_err_1,mag_err_2,counts,flat_counts,bg_counts,bg_flat_counts,exptime,bg,mcat_bg,responses,detxs,detys,detrad,racent,deccent,q_mean,flags
784917550.995,784919246.995,784918397.3727089,784917551.015,784919245.775,0.18084715959664838,0.04530774322994266,3.7254514876909567e-17,9.333395105368187e-18,21.93672076980206,0.2427357880066161,0.313115202112499,1.495394008290827,0.03432196750542386,3.0805116570791035e-16,7.070325306117314e-18,19.643110909516654,0.024637915327005544,0.025210015150971543,1.6327811421249818,0.032963163688410964,3.3635291527774624e-16,6.790411719812659e-18,19.547680060413875,0.021700903785923487,0.022143507098626003,2058.0,2453.5684444184676,9028.0,7575.731674339805,1502.6927866310807,2181.8107222098643,206.45065498850306,0.8389992998824127,417.50872802734375,390.6092224121094,19.86812172402619,37.68035751274808,-2.938734099641032,15.62439250946045,65.0
815203287.995,815203404.995,815203347.1708808,815203289.341,815203403.4,0.030587994708871215,0.19064361686111364,6.3011269100274704e-18,3.927258507338941e-17,23.86612248401902,2.1482404414767977,,1.7509870821843563,0.14018437940490136,3.607033389299774e-16,2.887798215740968e-17,19.471792644723916,0.08361990872747782,0.09060148117012545,1.8881345637046016,0.13535469926574342,3.8895572012314794e-16,2.7883068048743145e-17,19.38991764401455,0.0751699047202159,0.08076391723807319,176.0,194.589413120911,731.0,664.71195310294,103.0590810959565,191.43704249364674,14.134293420101152,0.9046253180206413,620.9566650390625,410.5502014160156,221.20839625815057,37.680411649807205,-2.938779416269735,12.704545021057129,0.0
