t0,t1,t_mean,t0_data,t1_data,cps_bgsub,cps_bgsub_err,flux_bgsub,flux_bgsub_err,mag_bgsub,mag_bgsub_err_1,mag_bgsub_err_2,cps_mcatbgsub,cps_mcatbgsub_err,flux_mcatbgsub,flux_mcatbgsub_err,mag_mcatbgsub,mag_mcatbgsub_err_1,mag_mcatbgsub_err_2,cps,cps_err,flux,flux_err,mag,mag_err_1,mag_err_2,counts,flat_counts,bg_counts,bg_flat_counts,exptime,bg,mcat_bg,responses,detxs,detys,detrad,racent,deccent,q_mean,flags
850792095.995,850792202.995,850792154.8060714,850792100.38,850792202.54,0.02764818596255125,0.05767845038140915,5.6955263082855574e-18,1.1881760778570286e-17,23.975833395283253,1.2235449594688603,,0.005166196625392135,0.0597773775437754,1.0642365048307798e-18,1.2314139774017732e-17,25.79707267151121,2.748413137365219,,0.16551514780283424,0.04260273429011607,3.4096120447383854e-17,8.77616326376391e-18,22.032905634537265,0.2486791286828769,0.32310499901494794,14.0,15.093867921358944,47.0,43.65465060399258,91.19327216708368,12.572539373949866,14.62274554643089,0.9277202454617974,531.4967041015625,655.0070190429688,286.91455688193116,107.94177512357736,49.85394660148268,11.214285850524902,0.0
855472005.995,855472110.995,855472054.8942106,855472010.36,855472103.68,0.04269292158867404,0.06725416285173237,8.794741847266852e-18,1.3854357547456868e-17,23.50411031066969,1.0270696039105438,,,,,,,,,0.22428660043044296,0.049994457490326924,4.620303968867125e-17,1.0298858243007347e-17,21.702991679316632,0.21848121906673512,0.27381379660693383,19.0,20.12625340391835,60.0,56.58063893079092,89.73453325028224,16.295224012067788,,0.9441377420852204,636.8489379882812,569.070068359375,291.00190281374523,107.942185730291,49.853685985400006,9.8421049118042,0.0
917418036.995,917419623.995,917418816.1392368,917418037.745,917419599.9,0.050741870302722335,0.014384378537381705,1.04528252823608e-17,2.9631819787006312e-18,23.31658382272354,0.2709739834220848,0.3619313912073139,0.006214022386798798,0.015467056742844942,1.2800886116805524e-18,3.1862136890260578e-18,25.59656796619405,1.3567702024173585,,0.16790520821655894,0.011039477960843093,3.458847289261114e-17,2.2741324599336772e-18,22.017339580908136,0.06913659690038543,0.07384023008068397,190.0,231.32962918926125,684.0,560.4880302633082,1377.7394498144422,161.4205527158328,222.76832540493845,0.8216216279898884,341.95611572265625,198.1873321533203,209.99391754380872,107.941918838063,49.85372739183864,11.378947257995605,0.0
