t0,t1,t_mean,t0_data,t1_data,cps_bgsub,cps_bgsub_err,flux_bgsub,flux_bgsub_err,mag_bgsub,mag_bgsub_err_1,mag_bgsub_err_2,cps_mcatbgsub,cps_mcatbgsub_err,flux_mcatbgsub,flux_mcatbgsub_err,mag_mcatbgsub,mag_mcatbgsub_err_1,mag_mcatbgsub_err_2,cps,cps_err,flux,flux_err,mag,mag_err_1,mag_err_2,counts,flat_counts,bg_counts,bg_flat_counts,exptime,bg,mcat_bg,responses,detxs,detys,detrad,racent,deccent,q_mean,flags
865251721.995,865251822.995,865251778.00625,865251730.14,865251822.15,0.11778401916448149,0.0925516417958614,2.4263507947883186e-17,1.9065638209947446e-17,22.402284075644225,0.6295663520501691,1.6728204962948823,0.0799390077464932,0.09510558495840209,1.64674355957776e-17,1.9591750501430828e-17,22.82310311695039,0.8509748657898903,,0.39708949760597945,0.07091337265732223,8.180043650683176e-17,1.4608154767408378e-17,21.082778997979215,0.17840028950903175,0.21359057977673856,28.0,31.355990166883263,86.0,76.5806565330789,78.96454163589317,22.055229081526726,25.043643061353315,0.8930667630534906,332.59930419921875,546.7476196289062,161.48596738162607,221.86076885889867,-30.65937801070449,12.892857551574707,0.0
991550709.995,991550765.995,991550745.6264287,991550715.075,991550764.685,0.17353406351397058,0.11540488868869964,3.574801708387794e-17,2.3773407069872123e-17,21.981538158895773,0.553553392758122,1.187476446210031,,,,,,,,0.3746535173850355,0.09309223918670996,7.71786245813173e-17,1.9177001272462252e-17,21.145925464325977,0.24095010491197755,0.310142215439015,14.0,16.196928876946178,35.0,30.190093229119753,43.23175447543021,8.69474684998649,,0.864491844340648,528.6136474609375,524.5665283203125,179.0482903883238,221.86124209290293,-30.659366377498735,10.785714149475098,0.0
991598054.995,991598109.995,991598091.3880001,991598079.895,991598098.75,-0.12312352224144921,0.09836547887115343,-2.5363445581738535e-17,2.0263288647457605e-17,,,,-0.19505066203197724,0.10678361673237413,-4.018043637858731e-17,2.1997425046869072e-17,,,,0.13993245103927282,0.05796363933506985,2.88260849140902e-17,1.1940509703024389e-17,22.215203896883235,0.37629693285878574,0.5806745051235325,5.0,5.828081166979219,44.0,38.041955252149364,41.64924664503687,10.95608311261902,13.951794298226767,0.8579711368382208,433.58819580078125,563.85986328125,167.26691750523042,221.8611797427438,-30.65990042049478,10.600000381469727,0.0
