t0,t1,t_mean,t0_data,t1_data,cps_bgsub,cps_bgsub_err,flux_bgsub,flux_bgsub_err,mag_bgsub,mag_bgsub_err_1,mag_bgsub_err_2,cps_mcatbgsub,cps_mcatbgsub_err,flux_mcatbgsub,flux_mcatbgsub_err,mag_mcatbgsub,mag_mcatbgsub_err_1,mag_mcatbgsub_err_2,cps,cps_err,flux,flux_err,mag,mag_err_1,mag_err_2,counts,flat_counts,bg_counts,bg_flat_counts,exptime,bg,mcat_bg,responses,detxs,detys,detrad,racent,deccent,q_mean,flags
753712846.995,753712963.995,753712896.2955,753712861.033,753712931.558,0.003541755606484389,0.018720645495605686,4.9584578490781445e-18,2.620890369384796e-17,24.946953524873,1.9958835328157676,,,,,,,,,0.021817239741306574,0.013809817515767263,3.05441356378292e-17,1.933374452207417e-17,22.97300049011487,0.5324503694702223,1.088267687028825,2.0,2.4958801570392386,9.0,7.2593933158606285,114.3994467968278,2.090705274967861,,0.8013473443249749,586.3462524414062,464.34503173828125,197.1426105852226,51.29769596325515,-0.10656786144490099,17.5,0.0
913341877.995,913343578.995,913342857.953125,913341942.885,913343552.725,-0.009012532186944195,0.005440412438876946,-1.2617545061721874e-17,7.616577414427724e-18,,,,-0.009395258678863436,0.005461548880973414,-1.3153362150408811e-17,7.64616843336278e-18,,,,0.020073947803301736,0.0034764852688189143,2.810352692462243e-17,4.86707937634648e-18,23.063418023615835,0.1734152682126151,0.20647773392058966,32.0,33.3414738822585,174.0,167.74542432232008,1660.9325783329245,48.31068220482819,48.94636510384793,0.9605647750136219,425.7706298828125,593.865478515625,195.57082892049408,51.29720677757941,-0.10606508297063338,17.0625,0.0
913353706.995,913355013.995,913354369.9851999,913353731.765,913354937.905,0.010025074875031466,0.005629371612399163,1.4035104825044052e-17,7.881120257358829e-18,23.817280937619437,0.4838752285358936,0.8951481444891236,-0.0038185346882634984,0.006520696167125271,-5.345948563568898e-18,9.12897463397538e-18,,,,0.02526718135141402,0.004445913547176017,3.537405389197963e-17,6.224278966046425e-18,22.81360800637973,0.17597773142718154,0.2101240683375103,25.0,32.299185306977165,88.0,67.65303339295428,1278.305833078988,19.484073617170836,37.18044047279885,0.7757793603453912,579.6838989257812,430.3500061035156,182.22904928592973,51.29709206728619,-0.10654984780549283,15.960000038146973,8.0
