t0,t1,t_mean,t0_data,t1_data,cps_bgsub,cps_bgsub_err,flux_bgsub,flux_bgsub_err,mag_bgsub,mag_bgsub_err_1,mag_bgsub_err_2,cps_mcatbgsub,cps_mcatbgsub_err,flux_mcatbgsub,flux_mcatbgsub_err,mag_mcatbgsub,mag_mcatbgsub_err_1,mag_mcatbgsub_err_2,cps,cps_err,flux,flux_err,mag,mag_err_1,mag_err_2,counts,flat_counts,bg_counts,bg_flat_counts,exptime,bg,mcat_bg,responses,detxs,detys,detrad,racent,deccent,q_mean,flags
747071038.995,747072719.995,747071921.6221766,747071054.695,747072711.47,0.08129646591239763,0.013612216626817912,1.674707197795391e-17,2.8041166251244896e-18,22.80482083368102,0.1680856957920298,0.19896012548547404,0.040449096100395335,0.01457777169119319,8.332513796681439e-18,3.003020968385797e-18,23.562727947366394,0.3341649294877058,0.48522539822864275,0.17968186347545229,0.010942235156768232,3.701446387594317e-17,2.254100442294256e-18,21.943739392509116,0.06418390033491406,0.06821788710200138,232.0,269.64750009054995,595.0,512.6610378885349,1500.6940315230456,147.6463789118981,208.94578299218458,0.8606462670340661,502.4873046875,186.29737854003906,237.00729533279733,5.4078781095991095,-1.0105786210458843,13.426724433898926,0.0
750700288.995,750700404.995,750700342.466842,750700292.745,750700403.675,0.08931467913746922,0.05343542019056227,1.839882390231866e-17,1.1007696559255827e-17,22.702692894086237,0.5091339418555769,0.9901984446347321,,,,,,,,0.1915558971387943,0.04314726067746505,3.946051481059163e-17,8.888335699557799e-18,21.874261183785723,0.220558515930378,0.2770908789113271,19.0,19.709907943351638,38.0,36.52772261767725,102.89376749947075,10.519984113891049,,0.9641474130187567,517.045166015625,598.1295776367188,230.1193177943342,5.407731274110374,-1.010681980125169,13.315789222717285,0.0
877822200.995,877823884.995,877823036.1218505,877822203.145,877823874.68,0.09032994239633661,0.014363344003242311,1.860796813364534e-17,2.958848864667916e-18,22.690420666795816,0.16021774890360874,0.18802263283725296,0.0710447368405751,0.01480098403912246,1.4635215789158473e-17,3.0490027120592266e-18,22.951170225226598,0.205466855021605,0.25364404779397276,0.20102558457318548,0.01153448053518809,4.141127042207621e-17,2.3761029902487464e-18,21.821871665753985,0.06057585182685088,0.06415626890657578,281.0,303.74321566605926,628.0,580.7554432962731,1510.9679512235336,167.2575676693267,196.39689519684038,0.9253130756325225,281.118896484375,594.4114990234375,227.87836168805669,5.407861545859935,-1.0105914695194407,11.16726016998291,0.0
