t0,t1,t_mean,t0_data,t1_data,cps_bgsub,cps_bgsub_err,flux_bgsub,flux_bgsub_err,mag_bgsub,mag_bgsub_err_1,mag_bgsub_err_2,cps_mcatbgsub,cps_mcatbgsub_err,flux_mcatbgsub,flux_mcatbgsub_err,mag_mcatbgsub,mag_mcatbgsub_err_1,mag_mcatbgsub_err_2,cps,cps_err,flux,flux_err,mag,mag_err_1,mag_err_2,counts,flat_counts,bg_counts,bg_flat_counts,exptime,bg,mcat_bg,responses,detxs,detys,detrad,racent,deccent,q_mean,flags
780823874.995,780823969.995,780823928.2151538,780823876.79,780823967.824,0.02907556836512746,0.05881137808414281,5.989567083216257e-18,1.2115143885333419e-17,23.921179467472474,1.2009904064073211,,,,,,,,,0.1603056333636341,0.04361038065802297,3.3022960472908624e-17,8.983738415552731e-18,22.06762803915904,0.2612563724634249,0.344738988801506,13.0,13.511943286805765,40.0,38.4069557947644,84.28863667040036,11.06120326889215,,0.9624430340758294,128.83314514160156,421.1540832519531,271.990732217159,27.151399035544408,0.32828796687831907,9.461538314819336,0.0
781989535.995,781989646.995,781989610.0909166,781989547.953,781989642.28,0.03720423334323029,0.04721626857565642,7.664072068705439e-18,9.726551326585222e-18,23.653519101034394,0.8896389258029131,,-0.01021426780263299,0.05206028289300577,-2.104139167342396e-18,1.072441827595919e-17,,,,0.12851511385010236,0.03610183209316981,2.6474113453121086e-17,7.436977411192981e-18,22.307614486751607,0.2688008371931403,0.35804953056555533,12.0,12.67213895783288,33.0,31.262648250083046,98.60426978739191,9.003642696023919,13.679309375924374,0.9471800264143444,485.7187805175781,646.1657104492188,260.6631280683736,27.15181261530995,0.3284391323064039,11.833333015441895,0.0
908437725.995,908439356.995,908438516.0851281,908437727.325,908439346.015,0.03940159869827584,0.013244473959952027,8.116729331844824e-18,2.7283616357501174e-18,23.591215391390776,0.3146303384339788,0.44480959997064673,,,,,,,,0.1483815058061302,0.010056639557415004,3.056659019606282e-17,2.0716677488274906e-18,22.151550564806758,0.07119993986113471,0.07619878781461864,195.0,217.69766890243312,620.0,555.1725059279272,1467.1482656798812,159.88968170724306,,0.8959731620729552,345.76666259765625,562.1688842773438,170.997081593678,27.151451595384927,0.3281890067286317,13.117948532104492,0.0
