t0,t1,t_mean,t0_data,t1_data,cps_bgsub,cps_bgsub_err,flux_bgsub,flux_bgsub_err,mag_bgsub,mag_bgsub_err_1,mag_bgsub_err_2,cps_mcatbgsub,cps_mcatbgsub_err,flux_mcatbgsub,flux_mcatbgsub_err,mag_mcatbgsub,mag_mcatbgsub_err_1,mag_mcatbgsub_err_2,cps,cps_err,flux,flux_err,mag,mag_err_1,mag_err_2,counts,flat_counts,bg_counts,bg_flat_counts,exptime,bg,mcat_bg,responses,detxs,detys,detrad,racent,deccent,q_mean,flags
754203447.995,754203561.995,754203474.4254999,754203467.956,754203480.895,-0.008244182874006195,0.022486854208726762,-1.1541856023608673e-17,3.1481595892217465e-17,,,,,,,,,,,0.023365233424700167,0.01465995140830121,3.2711326794580235e-17,2.0523931971621695e-17,22.898574689760647,0.5287530241378313,1.0719681975158153,2.0,2.5402425514488423,15.0,11.932434275932845,108.71890322154741,3.4365410714686604,,0.7874702668109512,570.1102294921875,639.22412109375,293.5398955695151,58.059121581003495,0.292332237899731,16.0,0.0
913436514.995,913437719.995,913437103.8799999,913436599.1,913437531.16,0.01394143830830025,0.007046653976388774,1.951801363162035e-17,9.865315566944284e-18,23.459231046740094,0.44416345955087877,0.7644672381570459,,,,,,,,0.03578647127382166,0.005552804801793984,5.0101059783350326e-17,7.773926722511578e-18,22.435702807801277,0.15660997552036449,0.18307014777270325,29.0,41.53487806720432,127.0,88.03477926586491,1160.630724091193,25.3540164285691,,0.7002021367375919,411.6089782714844,107.20084381103516,293.02920373484557,58.058313850792814,0.2923339841150438,7.275862216949463,40.0
913709834.995,913710185.995,913709993.3607694,913709858.265,913710175.96,0.015001204402423567,0.01489138977136031,2.1001686163392996e-17,2.0847945679904435e-17,23.37968467830608,0.7485936936118378,5.338664804589055,,,,,,,,0.044867748655154235,0.011538315377147145,6.281484811721593e-17,1.6153641528006005e-17,22.19016430416895,0.24847879436657294,0.3227658730003675,13.0,15.121112548691269,41.0,34.949579491218124,337.01518355443966,10.065478893470821,,0.860624618454146,275.95037841796875,126.12162017822266,300.6620620371764,58.05851010254879,0.2923428237627369,7.461538314819336,32.0
