t0,t1,t_mean,t0_data,t1_data,cps_bgsub,cps_bgsub_err,flux_bgsub,flux_bgsub_err,mag_bgsub,mag_bgsub_err_1,mag_bgsub_err_2,cps_mcatbgsub,cps_mcatbgsub_err,flux_mcatbgsub,flux_mcatbgsub_err,mag_mcatbgsub,mag_mcatbgsub_err_1,mag_mcatbgsub_err_2,cps,cps_err,flux,flux_err,mag,mag_err_1,mag_err_2,counts,flat_counts,bg_counts,bg_flat_counts,exptime,bg,mcat_bg,responses,detxs,detys,detrad,racent,deccent,q_mean,flags
753629995.995,753630115.995,753630041.5487999,753629997.775,753630112.54,-0.03300050104245417,0.055407499228097075,-6.7981032147455585e-18,1.1413944840987998e-17,,,,,,,,,,,0.1459987278368963,0.03713665384664239,3.007573793440064e-17,7.650150692408331e-18,22.16912732108382,0.24605796591051643,0.3186811688187987,15.0,15.455839669510386,68.0,65.79641098767982,105.86283797470487,18.94936636445179,,0.9707141281557069,664.2677612304688,380.4417419433594,264.9905188567587,34.610629490452396,0.2261149871029567,11.399999618530273,0.0
908863633.995,908865004.995,908864324.0985036,908863635.86,908865004.885,0.11916475227253423,0.01723116550285568,2.4547938968142052e-17,3.54962009358827e-18,22.38963046378129,0.14663389482158706,0.16957627086988225,0.10632568759459742,0.017532781148682855,2.1903091644487066e-17,3.611752916628668e-18,22.51340450019523,0.1657187665538551,0.19564981999929643,0.24136390749562983,0.014039800645211615,4.972096494409975e-17,2.8921989329135927e-18,21.62331917970807,0.06138717566609486,0.06506708671015105,274.0,295.54442665225326,560.0,519.5485793073076,1224.476475040513,149.6299908405046,165.35112350016183,0.9273310395479755,274.92340087890625,568.593505859375,209.92361912289408,34.610697251324126,0.2259114846786734,11.52554702758789,0.0
908881353.995,908883049.995,908882184.2372885,908881355.115,908883042.955,0.06298468794626802,0.014234192854717243,1.2974845716931211e-17,2.932243728071752e-18,23.08191254496534,0.22122130179980815,0.2781398785668969,0.04643962929336471,0.014613165012331526,9.56656363443313e-18,3.010311992540294e-18,23.412778139241965,0.29704200379241286,0.4102508759341035,0.18480946664392242,0.011050568590429364,3.807075012864802e-17,2.2764171296284488e-18,21.913189465826612,0.06305403657092512,0.06694289991607505,260.0,279.69144211218423,689.0,640.1741122617234,1513.4043033145783,184.37014433137637,209.40950729527233,0.9298722003049331,123.47907257080078,397.70953369140625,276.53041341272984,34.61068814491064,0.22619219576437938,8.350000381469727,0.0
