t0,t1,t_mean,t0_data,t1_data,cps_bgsub,cps_bgsub_err,flux_bgsub,flux_bgsub_err,mag_bgsub,mag_bgsub_err_1,mag_bgsub_err_2,cps_mcatbgsub,cps_mcatbgsub_err,flux_mcatbgsub,flux_mcatbgsub_err,mag_mcatbgsub,mag_mcatbgsub_err_1,mag_mcatbgsub_err_2,cps,cps_err,flux,flux_err,mag,mag_err_1,mag_err_2,counts,flat_counts,bg_counts,bg_flat_counts,exptime,bg,mcat_bg,responses,detxs,detys,detrad,racent,deccent,q_mean,flags
751315639.995,751316251.995,751315944.1614102,751315643.81,751316244.52,0.08671915072210751,0.036579895312740474,1.7864145048754145e-17,7.535458434424537e-18,22.734712460043173,0.3821117512201724,0.5948428394555911,0.056881401798625116,0.03745066312593844,1.1717568770516774e-17,7.714836603943319e-18,23.192574273227986,0.5492226263005193,1.166202449491042,0.35303559984399446,0.027617408236364344,7.272533356786285e-17,5.6891860966910544e-18,21.210453746188737,0.08177691149064614,0.0884416855207597,156.0,163.40719072413026,448.0,428.0141886015789,462.8632092523799,123.26808631725474,137.07888254084455,0.9548003565758952,82.45330047607422,289.4850769042969,336.2282775219651,40.52078872889172,-0.5408276728179919,7.942307472229004,32.0
1006023897.995,1006023996.995,1006023953.9249998,1006023902.315,1006023995.615,0.065134229750934,0.07338406060734656,1.3417651328692404e-17,1.511711648511339e-17,23.04547679566551,0.8192446024016142,,,,,,,,,0.2436972273766921,0.055748982571090365,5.020162883959857e-17,1.1484290409644615e-17,21.612873529744927,0.2236705813587747,0.2820307844601153,15.0,19.108530264911266,62.0,48.615602981782814,78.41094652822817,14.001293658753452,,0.7850514603184262,447.2400207519531,269.9335632324219,138.37954160228801,40.5209489988782,-0.5408843645616183,12.800000190734863,0.0
