t0,t1,t_mean,t0_data,t1_data,cps_bgsub,cps_bgsub_err,flux_bgsub,flux_bgsub_err,mag_bgsub,mag_bgsub_err_1,mag_bgsub_err_2,cps_mcatbgsub,cps_mcatbgsub_err,flux_mcatbgsub,flux_mcatbgsub_err,mag_mcatbgsub,mag_mcatbgsub_err_1,mag_mcatbgsub_err_2,cps,cps_err,flux,flux_err,mag,mag_err_1,mag_err_2,counts,flat_counts,bg_counts,bg_flat_counts,exptime,bg,mcat_bg,responses,detxs,detys,detrad,racent,deccent,q_mean,flags
823853106.995,823853216.995,823853156.9409571,823853108.87,823853215.827,0.43551701614513555,0.13454095990107529,8.971650532589792e-17,2.771543773962151e-17,20.982487179863725,0.2922847462227942,0.4011829520378356,0.6588853434891921,0.12415916428405836,1.3573038075877357e-16,2.5576787842516022e-17,20.53297538241573,0.1874415018995954,0.22669600039489168,0.9704751676217738,0.10802293515202868,1.9991788453008538e-16,2.2252724641317907e-17,20.11253893199459,0.11458739563366649,0.12812344124875708,70.0,80.71177665902584,178.0,154.48268240010367,83.16727655877733,44.49101253122986,25.914077076535204,0.8675573252971409,258.2088623046875,287.0746154785156,181.26463857646414,149.98239389292777,-29.617526060858115,12.928571701049805,0.0
885549574.995,885549686.995,885549628.3573134,885549577.58,885549685.495,0.25965588292750247,0.12804867420483051,5.3489111883065506e-17,2.6378026886195086e-17,21.544004583269185,0.43525684775389806,0.737796221219579,0.5476296956110864,0.11464390621988797,1.128117172958838e-16,2.361664468129692e-17,20.733782524928206,0.20637613605582317,0.25503336750397665,0.855528357991965,0.09831020619533412,1.762388417463448e-16,2.0251902476238827e-17,20.24941397607484,0.11810116908411317,0.1325334834551839,67.0,75.73063618031199,207.0,183.14625075051774,88.51914196983665,52.746120216149116,27.2549254076158,0.8848667829464254,525.2554321289062,515.5999755859375,170.44728696364862,149.98249889952214,-29.617612843730203,12.641791343688965,0.0
