t0,t1,t_mean,t0_data,t1_data,cps_bgsub,cps_bgsub_err,flux_bgsub,flux_bgsub_err,mag_bgsub,mag_bgsub_err_1,mag_bgsub_err_2,cps_mcatbgsub,cps_mcatbgsub_err,flux_mcatbgsub,flux_mcatbgsub_err,mag_mcatbgsub,mag_mcatbgsub_err_1,mag_mcatbgsub_err_2,cps,cps_err,flux,flux_err,mag,mag_err_1,mag_err_2,counts,flat_counts,bg_counts,bg_flat_counts,exptime,bg,mcat_bg,responses,detxs,detys,detrad,racent,deccent,q_mean,flags
854004739.995,854004823.995,854004794.3313333,854004742.14,854004818.17,0.09099160911196445,0.15129232634573217,1.8744271477064677e-17,3.1166219227220825e-17,22.682496636900286,1.0633081853129092,,,,,,,,,0.46479826043356237,0.11263424362525502,9.574844164931385e-17,2.3202654186802535e-17,20.911838765042152,0.23559183243554926,0.30129878787817077,15.0,17.02895877185242,54.0,47.553023685763726,36.63731175750929,13.695270821499955,,0.8809274448406987,637.474853515625,227.51791381835938,293.5036219637476,181.59469970520473,-44.45977460125424,8.733333587646484,4.0
857483038.995,857483416.995,857483241.5213208,857483048.49,857483415.7,0.0701358846932619,0.06415008587544735,1.4447992246811953e-17,1.3214917690342154e-17,22.96514930113491,0.7052259072136522,2.672045408492256,0.0496554284431655,0.06514870655751409,1.0229018259292092e-17,1.3420633550847902e-17,23.340083166308133,0.9099769930753219,,0.36143708502348143,0.04773578342204597,7.445603951483717e-17,9.83357138494147e-18,21.184918222445692,0.1346852941183201,0.15379097589164203,53.0,57.32938899322253,174.0,160.4332526545353,158.6151265841966,46.20477676450618,49.45328692511732,0.9247895320879504,355.751953125,493.8600158691406,103.7670093585024,181.5957273408763,-44.459295517987975,7.679245471954346,36.0
1012233243.995,1012233348.995,1012233295.8408695,1012233245.275,1012233342.085,-0.03953991164451807,0.09122105501223275,-8.145221798770722e-18,1.8791537332519946e-17,,,,,,,,,,,0.32022469570943385,0.06259958601509194,6.596628731614337e-17,1.289551471910894e-17,21.316362945901577,0.19386163677049595,0.2361665798339132,23.0,26.167770426635325,117.0,102.07933873165771,81.71690309100798,29.398849554717426,,0.8792374900703103,137.44610595703125,263.9371032714844,295.71550372491663,181.5954933301852,-44.45944227559362,8.65217399597168,32.0
