t0,t1,t_mean,t0_data,t1_data,cps_bgsub,cps_bgsub_err,flux_bgsub,flux_bgsub_err,mag_bgsub,mag_bgsub_err_1,mag_bgsub_err_2,cps_mcatbgsub,cps_mcatbgsub_err,flux_mcatbgsub,flux_mcatbgsub_err,mag_mcatbgsub,mag_mcatbgsub_err_1,mag_mcatbgsub_err_2,cps,cps_err,flux,flux_err,mag,mag_err_1,mag_err_2,counts,flat_counts,bg_counts,bg_flat_counts,exptime,bg,mcat_bg,responses,detxs,detys,detrad,racent,deccent,q_mean,flags
846751170.995,846751304.995,846751237.0273973,846751176.435,846751304.625,-0.2654990747786612,0.11468293802509029,-5.4692809404404205e-17,2.36246852331686e-17,,,,0.5113695847070289,0.08062028614051522,1.0534213444964795e-16,1.6607778944946135e-17,20.808162766383926,0.15894845602631236,0.18627578633065056,0.6351905832629102,0.07375172104335641,1.308492601521595e-16,1.519285453493142e-17,20.572739872435044,0.11926710376016203,0.13400395067637305,73.0,74.17606379103988,372.0,365.2097982437807,116.77765027624449,105.18042189420886,14.45952526621409,0.9842280290548829,152.21939086914062,599.4700927734375,318.093615422101,27.46996114145388,-27.467578076351593,8.410959243774414,32.0
848768412.995,848768504.995,848768450.3489474,848768413.455,848768499.735,-0.054297654690162706,0.13681938395061083,-1.1185316866173517e-17,2.818479309382583e-17,,,,0.6069308986270587,0.10346593292334262,1.2502776511717409e-16,2.131398218220858e-17,20.622151880439084,0.17090441987091864,0.20292498214281096,0.7450850594281081,0.09503008826838881,1.5348752224219026e-16,1.9576198183288094e-17,20.39948536265415,0.13033240096939736,0.14813942780841316,57.0,61.47371290767416,249.0,229.005469321769,82.50563090723959,65.95357516466947,11.398496199350811,0.9274900695238892,703.2166137695312,333.8450622558594,310.3494653673375,27.469839224965682,-27.467382802890075,9.298245429992676,32.0
906467818.995,906469418.995,906468618.7272555,906467819.455,906469417.305,-0.0007078997897521967,0.028872820671255593,-1.458273566889525e-19,5.947801058278652e-18,,,,0.4993497379867396,0.022163829363192455,1.0286604602526835e-16,4.565748848817646e-18,20.833987934164444,0.04715196222884899,0.04929303983075428,0.6083822191015098,0.02041023093116064,1.25326737134911e-16,4.204507571819091e-18,20.619558718380855,0.035827014505535715,0.03704969122824053,736.0,888.499500881692,3731.0,3088.657426405654,1460.429764357469,889.5333388048285,159.2342807017541,0.8287295220993671,362.1927795410156,161.3845672607422,241.5920335196869,27.469972907037423,-27.467424975582716,10.167119979858398,0.0
