t0,t1,t_mean,t0_data,t1_data,cps_bgsub,cps_bgsub_err,flux_bgsub,flux_bgsub_err,mag_bgsub,mag_bgsub_err_1,mag_bgsub_err_2,cps_mcatbgsub,cps_mcatbgsub_err,flux_mcatbgsub,flux_mcatbgsub_err,mag_mcatbgsub,mag_mcatbgsub_err_1,mag_mcatbgsub_err_2,cps,cps_err,flux,flux_err,mag,mag_err_1,mag_err_2,counts,flat_counts,bg_counts,bg_flat_counts,exptime,bg,mcat_bg,responses,detxs,detys,detrad,racent,deccent,q_mean,flags
749492145.995,749492246.995,5e-324,2.0,5e-324,-0.013010349203761184,0.011962989388110351,-1.821448888526566e-17,1.6748185143354492e-17,,,,-0.010438259983997954,0.01071542240126891,-1.4613563977597136e-17,1.5001591361776472e-17,,,,0.0,0.0,0.0,0.0,inf,,,5e-324,5e-324,5.0,4.106822985146623,90.90955217253509,1.1827650197222277,0.9489375406057473,5e-324,5e-324,5e-324,565.685424949238,160000.0,5e-324,5e-324,0.0
875810858.995,875812453.995,875811639.3091428,875810870.39,875812453.755,0.017358374598878103,0.004452430828479976,2.4301724438429343e-17,6.2334031598719666e-18,23.221227359158423,0.2479066178092708,0.32179821932195907,0.013509820244064141,0.004718458850608797,1.8913748341689797e-17,6.605842390852316e-18,23.493376073694073,0.3252402473932463,0.46648359303444664,0.0243150963843296,0.003926075190254116,3.4041134938061446e-17,5.496505266355762e-18,22.855310011404477,0.16251678465407338,0.19119904531437726,35.0,38.35612854225853,42.0,38.104030622051326,1577.4615052308814,10.973960819150784,17.04490716465848,0.9135763787050845,275.5061950683594,250.656005859375,194.4282285375054,17.462464378499078,0.45567736470235154,7.514285564422607,0.0
877053101.995,877054787.995,877053889.4436765,877053103.61,877054712.85,0.013510943983037007,0.004350737267799833,1.891532157625181e-17,6.091032174919767e-18,23.493285766545245,0.30309160387793455,0.4219510475728292,0.012018775137167469,0.004452186172990072,1.6826285192034457e-17,6.233060642186101e-18,23.620349475233066,0.34214684284678754,0.502400168121472,0.022569386955356,0.003675259779243607,3.15971417374984e-17,5.14536369094105e-18,22.93620059339132,0.1638024217254852,0.19298232095802703,34.0,37.710599933502,58.0,52.55387524255173,1670.8739146568978,15.135516069854901,17.628742070682,0.9022450776491974,326.160400390625,221.29315185546875,193.36086482074228,17.462588433101633,0.4558219417826563,8.823529243469238,0.0
