t0,t1,t_mean,t0_data,t1_data,cps_bgsub,cps_bgsub_err,flux_bgsub,flux_bgsub_err,mag_bgsub,mag_bgsub_err_1,mag_bgsub_err_2,cps_mcatbgsub,cps_mcatbgsub_err,flux_mcatbgsub,flux_mcatbgsub_err,mag_mcatbgsub,mag_mcatbgsub_err_1,mag_mcatbgsub_err_2,cps,cps_err,flux,flux_err,mag,mag_err_1,mag_err_2,counts,flat_counts,bg_counts,bg_flat_counts,exptime,bg,mcat_bg,responses,detxs,detys,detrad,racent,deccent,q_mean,flags
753889498.995,753889622.995,753889560.2213333,753889499.401,753889621.542,0.11415041296262043,0.06670537646736481,2.351498507029981e-17,1.3741307552277151e-17,22.436306282553005,0.4996373216870964,0.9532167548576638,,,,,,,,0.28815293916057727,0.052671819361849455,5.935950546707892e-17,1.0850394788540987e-17,21.43094236563854,0.18227020484170353,0.2191674034266633,27.0,29.928811290608902,70.0,62.752275679039855,103.86432766500657,18.07265539556348,,0.9024328980020232,274.0647888183594,317.0695495605469,150.78838491559955,54.92639772779457,1.092314237296474,14.44444465637207,0.0
912300802.995,912302507.995,912301655.052123,912300805.95,912302504.455,0.2505359187609749,0.01954938205421712,5.1610399264760834e-17,4.027172703168727e-18,21.58282500381903,0.08157737553753464,0.08820832788308053,0.20705314868637953,0.02029391631733269,4.265294862939418e-17,4.180546761370534e-18,21.789795401835153,0.10151878168346684,0.11199939767818634,0.4053680848652031,0.016629766878457065,8.350582548223183e-17,3.4257319769621554e-18,21.060376117107936,0.04365171738979612,0.04548050487958122,504.0,594.1919776193921,928.0,788.0357727426629,1465.8084832134195,226.95430254988693,290.6917157988475,0.8484298804582242,285.2081604003906,317.9116516113281,141.12286625434737,54.926538239289485,1.092409387030552,12.424603462219238,0.0
