t0,t1,t_mean,t0_data,t1_data,cps_bgsub,cps_bgsub_err,flux_bgsub,flux_bgsub_err,mag_bgsub,mag_bgsub_err_1,mag_bgsub_err_2,cps_mcatbgsub,cps_mcatbgsub_err,flux_mcatbgsub,flux_mcatbgsub_err,mag_mcatbgsub,mag_mcatbgsub_err_1,mag_mcatbgsub_err_2,cps,cps_err,flux,flux_err,mag,mag_err_1,mag_err_2,counts,flat_counts,bg_counts,bg_flat_counts,exptime,bg,mcat_bg,responses,detxs,detys,detrad,racent,deccent,q_mean,flags
766063376.995,766063486.995,5e-324,0.0010555555555555555,5e-324,-0.007771771758379974,0.008565914460116937,-1.0880480461731964e-17,1.1992280244163712e-17,,,,,,,,,,,0.0,0.0,0.0,0.0,inf,,,5e-324,5e-324,3.0,2.8582494023656886,105.91868282721025,0.8231758278813185,,5e-324,5e-324,5e-324,565.685424949238,160000.0,5e-324,5e-324,0.0
893085822.995,893087498.995,893086254.500625,893085897.805,893086536.205,-0.0009178805802126824,0.0026635444136033693,-1.2850328122977554e-18,3.7289621790447175e-18,,,,,,,,,,,0.00543710486431676,0.0018086244568410548,7.611946810043465e-18,2.532074239577477e-18,24.481580726924207,0.31178599206091206,0.4391073171115778,8.0,9.037298351067253,41.0,36.67693057454698,1662.1526670155372,10.562956005469532,,0.8897267603434298,503.431640625,445.1209716796875,112.8450546887116,208.19894518265386,5.314106824142968,16.25,0.0
