t0,t1,t_mean,t0_data,t1_data,cps_bgsub,cps_bgsub_err,flux_bgsub,flux_bgsub_err,mag_bgsub,mag_bgsub_err_1,mag_bgsub_err_2,cps_mcatbgsub,cps_mcatbgsub_err,flux_mcatbgsub,flux_mcatbgsub_err,mag_mcatbgsub,mag_mcatbgsub_err_1,mag_mcatbgsub_err_2,cps,cps_err,flux,flux_err,mag,mag_err_1,mag_err_2,counts,flat_counts,bg_counts,bg_flat_counts,exptime,bg,mcat_bg,responses,detxs,detys,detrad,racent,deccent,q_mean,flags
770485333.995,770485450.995,770485396.889819,770485334.089,770485450.944,13.271294811312275,0.4502017285187147,2.7338867311303286e-15,9.274155607485522e-17,17.27271675802818,0.03622045911287586,0.03747060889227072,16.850578669023395,0.40931358930416045,3.4712192058188193e-15,8.431859939665706e-17,17.013462950861655,0.026058151824138065,0.026698970507350595,16.956830797525317,0.40803719758061185,3.493107144290215e-15,8.405566270160603e-17,17.00663828346464,0.025816999023433596,0.02644586808135685,1664.0,1726.9901515303486,1348.0,1303.3268510107307,101.84628083818504,375.3581330910905,10.821384119061861,0.9636702919918092,711.8125,420.53009033203125,312.48763137969377,209.26985720281175,41.84514920188138,9.158052444458008,32.0
983594761.995,983595961.995,983595356.4126358,983594762.09,983595961.75,9.188946392239668,0.11687535042580978,1.8929229568013716e-15,2.4076322187716814e-17,17.67183570528562,0.013722528197018136,0.013898188597220695,,,,,,,,12.08409037189229,0.10497481080333952,2.4893226166098114e-15,2.162481102548794e-17,17.374465088696457,0.009391087450239866,0.009473025001266677,10718.0,13251.276861872713,13638.0,11023.54913702756,1096.5886925750995,3174.7821514639377,,0.8090714222358095,533.476806640625,246.5644073486328,203.3679891311685,209.26979201665907,41.84529573569955,11.700970649719238,0.0
983600650.995,983601942.995,983601307.4745722,983600651.345,983601941.99,9.675101485689034,0.11442882732728012,1.993070906051941e-15,2.3572338429419702e-17,17.615861177027515,0.012765815790075408,0.012917700666715604,,,,,,,,12.568137880605068,0.10316910851668415,2.589036403404644e-15,2.1252836354436933e-17,17.33182265862615,0.008876190485274549,0.008949354315817004,12129.0,14840.29443217706,14534.0,11861.31911710055,1180.7870484201437,3416.0599057249588,,0.817960362267669,548.9921264648438,247.57408142089844,213.14857354249148,209.26980264371355,41.84527234662627,11.347679138183594,0.0
