t0,t1,t_mean,t0_data,t1_data,cps_bgsub,cps_bgsub_err,flux_bgsub,flux_bgsub_err,mag_bgsub,mag_bgsub_err_1,mag_bgsub_err_2,cps_mcatbgsub,cps_mcatbgsub_err,flux_mcatbgsub,flux_mcatbgsub_err,mag_mcatbgsub,mag_mcatbgsub_err_1,mag_mcatbgsub_err_2,cps,cps_err,flux,flux_err,mag,mag_err_1,mag_err_2,counts,flat_counts,bg_counts,bg_flat_counts,exptime,bg,mcat_bg,responses,detxs,detys,detrad,racent,deccent,q_mean,flags
780823874.995,780823969.995,780823907.7453,780823878.072,780823963.469,0.009152870855479042,0.05500087046790436,1.8854913962286825e-18,1.1330179316388298e-17,25.176106663429607,2.1141616351103636,,,,,,,,,0.13206703380406426,0.03958336374160173,2.7205808963637235e-17,8.154172930769955e-18,22.27801394051562,0.28462597450916505,0.3868234202812957,10.0,11.131750228448254,40.0,35.97315007784612,84.28863667040036,10.360267222419685,,0.8986568559763383,241.5012969970703,319.312744140625,177.85463758847322,26.928183701831223,0.2073158546226693,12.600000381469727,0.0
781989535.995,781989646.995,781989589.74975,781989549.455,781989640.195,0.00855125922570301,0.05098248309699005,1.76155940049482e-18,1.050239151797995e-17,25.249924820048875,2.106832778528517,,,,,,,,,0.1324224082863731,0.03664653185681503,2.727901610699286e-17,7.549185562503896e-18,22.27509629532849,0.2652558707480708,0.35176336759181837,12.0,13.057414872565698,46.0,42.41050069740469,98.60426978739191,12.214224200852554,,0.9192141283860683,359.8209533691406,561.9585571289062,166.86800177218507,26.928629849021632,0.2070116914622624,15.0,0.0
908437725.995,908439356.995,908438566.8369812,908437728.48,908439346.345,0.08030254136792712,0.013364778124896589,1.6542323521792987e-17,2.7531442937286974e-18,22.818176775514306,0.16714700567917617,0.19764523421315516,0.034895745984887094,0.014476405302674545,7.18852367288674e-18,2.9821394923509563e-18,23.72306878273784,0.37677391048698183,0.5818269295327774,0.1711802974806331,0.01080164465576572,3.526314128101042e-17,2.2251387990877382e-18,21.996365558081905,0.06643629700610632,0.07076803917587782,212.0,251.146876567277,549.0,462.955355102902,1467.1482656798812,133.3311422696358,199.9496433659442,0.844362816082622,476.22357177734375,484.05499267578125,113.4692675935714,26.928289627043004,0.20715845546633332,13.933961868286133,0.0
