t0,t1,t_mean,t0_data,t1_data,cps_bgsub,cps_bgsub_err,flux_bgsub,flux_bgsub_err,mag_bgsub,mag_bgsub_err_1,mag_bgsub_err_2,cps_mcatbgsub,cps_mcatbgsub_err,flux_mcatbgsub,flux_mcatbgsub_err,mag_mcatbgsub,mag_mcatbgsub_err_1,mag_mcatbgsub_err_2,cps,cps_err,flux,flux_err,mag,mag_err_1,mag_err_2,counts,flat_counts,bg_counts,bg_flat_counts,exptime,bg,mcat_bg,responses,detxs,detys,detrad,racent,deccent,q_mean,flags
800280237.995,800280331.995,800280282.2576224,800280240.501,800280328.698,0.014513927529762397,0.12697167540938203,2.9898690711310535e-18,2.6156165134332698e-17,24.67553762436791,2.4723182490682696,,0.4850046153954302,0.10162340777095295,9.991095077145862e-17,2.0934422000816308e-17,20.865635321374597,0.20654233474281014,0.2552876260040833,0.6617719093427503,0.0902788945603885,1.3632501332460656e-16,1.859745227944003e-17,20.528229178904283,0.1388471284868693,0.15924350487120265,53.0,53.7333839219698,185.0,182.48231850433388,81.19622964253045,52.55490772924817,14.352837792635292,0.9864853573939616,182.07867431640625,623.07763671875,311.8546715887346,222.15270855200947,-4.7420386471529,8.622641563415527,32.0
863186161.995,863186260.995,863186219.2421875,863186166.08,863186259.36,-0.02768857662961077,0.1202248656253796,-5.703846785699818e-18,2.4766322318828195e-17,,,,0.43726720876120134,0.0948954569293879,9.007704500480747e-17,1.9548464127453908e-17,20.97813272436041,0.21324373185437295,0.26562246309214643,0.6028412571277716,0.08405216441606511,1.2418529896832094e-16,1.7314745869709414e-17,20.629492582956424,0.14171597572859085,0.1630303253490233,48.0,51.440849371356705,200.0,186.81782712604215,85.33067165383784,53.80353421230015,14.128544755564471,0.9332051053219192,649.2807006835938,525.1942749023438,278.952458676433,222.15252243795476,-4.741979787213311,9.020833015441895,0.0
