t0,t1,t_mean,t0_data,t1_data,cps_bgsub,cps_bgsub_err,flux_bgsub,flux_bgsub_err,mag_bgsub,mag_bgsub_err_1,mag_bgsub_err_2,cps_mcatbgsub,cps_mcatbgsub_err,flux_mcatbgsub,flux_mcatbgsub_err,mag_mcatbgsub,mag_mcatbgsub_err_1,mag_mcatbgsub_err_2,cps,cps_err,flux,flux_err,mag,mag_err_1,mag_err_2,counts,flat_counts,bg_counts,bg_flat_counts,exptime,bg,mcat_bg,responses,detxs,detys,detrad,racent,deccent,q_mean,flags
745780946.995,745782425.995,745781795.8090245,745780968.32,745782402.84,0.02601623196761442,0.00557260677940417,3.642272475466019e-17,7.801649491165838e-18,22.781889009460357,0.21072316166928218,0.26171621544994395,0.01993593898130339,0.005934617308003782,2.791031457382475e-17,8.308464231205294e-18,23.070908260701863,0.2829226791088928,0.38366915575816307,0.03567122756208989,0.004943592448603925,4.9939718586925847e-17,6.921029428045495e-18,22.439204862323553,0.14091619469365213,0.16197229517778666,41.0,52.065589480907676,62.0,48.931927873932615,1459.596235937816,14.092395227692595,22.96716798391127,0.7884139785385302,579.4717407226562,309.85980224609375,200.8366524545101,350.9526441264015,-1.1360423749470194,13.463414192199707,65.0
750468466.995,750468576.995,750468495.557,750468495.557,750468495.557,0.0008745871520102474,0.013969626244150393,1.2244220128143463e-18,1.955747674181055e-17,26.4654922672036,3.0743852397403977,,,,,,,,,0.010704392743982952,0.010086184961112373,1.4986149841576135e-17,1.4120658945557325e-17,23.746094912567425,0.7207613055268389,3.0960689167512534,1.0,1.126341831825481,4.0,3.5913738814189218,105.2223940922393,1.0343156778486495,,0.8878299391395978,524.5704956054688,551.1282958984375,195.8508876583351,350.952056891842,-1.13461226807109,6.0,0.0
908047234.995,908048892.995,908048092.9018182,908047240.96,908048880.935,0.08214047554948632,0.008154868884485822,1.1499666576928086e-16,1.1416816438280151e-17,21.533606967854933,0.10277036526774808,0.11352493396505636,0.0795326755719821,0.008254786603883284,1.1134574580077495e-16,1.1556701245436598e-17,21.568636017821266,0.1072172535815703,0.11897691029840374,0.09395569591438628,0.007685911975066629,1.315379742801408e-16,1.0760276765093282e-17,21.387692215885657,0.08537103245116384,0.09266100821747258,143.0,149.43606213430397,68.0,65.25016877622828,1590.4949740404472,18.79204860755375,22.939741365076998,0.9579077035046344,426.1034240722656,597.1576538085938,198.87817679073245,350.9526250867921,-1.1362258358683923,16.74125862121582,0.0
