t0,t1,t_mean,t0_data,t1_data,cps_bgsub,cps_bgsub_err,flux_bgsub,flux_bgsub_err,mag_bgsub,mag_bgsub_err_1,mag_bgsub_err_2,cps_mcatbgsub,cps_mcatbgsub_err,flux_mcatbgsub,flux_mcatbgsub_err,mag_mcatbgsub,mag_mcatbgsub_err_1,mag_mcatbgsub_err_2,cps,cps_err,flux,flux_err,mag,mag_err_1,mag_err_2,counts,flat_counts,bg_counts,bg_flat_counts,exptime,bg,mcat_bg,responses,detxs,detys,detrad,racent,deccent,q_mean,flags
748106946.995,748108579.995,748107779.8501549,748106951.955,748108579.66,-0.08508544107101433,0.023641430311118972,-1.7527600860628952e-17,4.870134644090508e-18,,,,0.22807268310133674,0.01855112160351383,4.698297271887537e-17,3.821531050323849e-18,21.684816820661847,0.0849043041599522,0.09211137411707782,0.3649325607788704,0.01582028938143207,7.517610752044729e-17,3.2589796125750065e-18,21.17446846343194,0.04607637086027694,0.04811874991984766,484.0,532.1038273267488,2501.0,2278.353809620401,1458.0881086387228,656.1658971706756,199.55376019136196,0.9098596572155644,289.7684326171875,419.6923522949219,111.97672609332194,11.24708832750796,-8.88671889750628,15.384297370910645,0.0
750771598.995,750771712.995,750771656.9535002,750771601.54,750771707.632,-0.0698981783589879,0.08565255439832083,-1.4399024741951506e-17,1.764442620605409e-17,,,,0.19670161109552853,0.06839419103702941,4.052053188567888e-17,1.408920335362806e-17,21.84548020738223,0.3239873339094146,0.46389036139827766,0.33289036486377177,0.05761648760563655,6.857541516193698e-17,1.1868996446761129e-17,21.274246937063673,0.173318584860354,0.20634056297579306,30.0,33.38173394344086,156.0,140.24658262269986,100.27846242140896,40.391015795337566,13.6567988269673,0.8988206095638341,405.4085388183594,511.5026550292969,111.63375103763236,11.246932148174148,-8.886657403520505,16.433332443237305,0.0
