t0,t1,t_mean,t0_data,t1_data,cps_bgsub,cps_bgsub_err,flux_bgsub,flux_bgsub_err,mag_bgsub,mag_bgsub_err_1,mag_bgsub_err_2,cps_mcatbgsub,cps_mcatbgsub_err,flux_mcatbgsub,flux_mcatbgsub_err,mag_mcatbgsub,mag_mcatbgsub_err_1,mag_mcatbgsub_err_2,cps,cps_err,flux,flux_err,mag,mag_err_1,mag_err_2,counts,flat_counts,bg_counts,bg_flat_counts,exptime,bg,mcat_bg,responses,detxs,detys,detrad,racent,deccent,q_mean,flags
792576150.995,792576242.995,792576197.0936667,792576171.376,792576226.282,-0.015211395041471312,0.030101859988627064,-2.1295953058059837e-17,4.2142603984077894e-17,,,,,,,,,,,0.033102521569477246,0.019194102981304077,4.6343530197268145e-17,2.687174417382571e-17,22.520347306950498,0.4965314532927927,0.9414583111811083,3.0,2.974311931511265,15.0,15.073190699676672,89.85152159084404,4.341078921506883,,1.008899234623348,315.41058349609375,640.8023071289062,255.22758570161537,126.77693254405666,21.645572331259064,16.33333396911621,0.0
793345246.995,793345360.995,793345313.7507999,793345266.198,793345347.733,-0.01882501794843286,0.031240865615577502,-2.6355025127806006e-17,4.373721186180851e-17,,,,,,,,,,,0.04504460717393117,0.020091027279638345,6.306245004350364e-17,2.812743819149368e-17,22.18589299033587,0.40043960970218606,0.6412748615382036,5.0,5.026680952102341,25.0,24.748016478916107,111.59340190697569,7.12742874592784,,0.9950947926867528,283.8498229980469,622.231201171875,250.75400374047751,126.7761548675996,21.6458559663457,14.800000190734863,0.0
887737662.995,887739279.995,887738411.2399166,887737677.035,887739239.875,0.014975502985877314,0.006653599172263778,2.096570418022824e-17,9.31503884116929e-18,23.381546454847047,0.3991426845753878,0.6378968156149014,,,,,,,,0.04280830428414585,0.005179548488863272,5.99316259978042e-17,7.251367884408581e-18,22.241179937575172,0.12400823198862199,0.1400204161851235,60.0,68.30810600385652,176.0,154.208619784676,1595.6741839259112,44.412082497986695,,0.8793411527837313,276.3034362792969,185.6309356689453,247.4973446695577,126.77607479914423,21.645939007024502,7.683333396911621,0.0
