t0,t1,t_mean,t0_data,t1_data,cps_bgsub,cps_bgsub_err,flux_bgsub,flux_bgsub_err,mag_bgsub,mag_bgsub_err_1,mag_bgsub_err_2,cps_mcatbgsub,cps_mcatbgsub_err,flux_mcatbgsub,flux_mcatbgsub_err,mag_mcatbgsub,mag_mcatbgsub_err_1,mag_mcatbgsub_err_2,cps,cps_err,flux,flux_err,mag,mag_err_1,mag_err_2,counts,flat_counts,bg_counts,bg_flat_counts,exptime,bg,mcat_bg,responses,detxs,detys,detrad,racent,deccent,q_mean,flags
859967493.995,859967585.995,859967546.0658334,859967501.72,859967585.585,0.009758320577986167,0.06670420526083942,2.0102140390651505e-18,1.374106628373292e-17,25.106562296630425,2.2351838972957587,,,,,,,,,0.1823860050926321,0.04781084501563,3.757151704908221e-17,9.84903407321978e-18,21.927521222916823,0.2527696646139006,0.3300665143810946,12.0,14.55225118969316,58.0,47.825181765140805,79.78820075752091,13.773652348360553,,0.824691707769321,412.0033874511719,435.5025329589844,37.47680825266104,182.0303466555346,-31.99045896715528,14.75,0.0
988806819.995,988806917.995,988806865.4027272,988806828.8,988806909.76,0.24632487458333482,0.0720806750283435,5.074292416416697e-17,1.4848619055838762e-17,21.6012293241496,0.2786808956887157,0.3758748515822212,,,,,,,,0.3424832521238221,0.06369181006257123,7.055154993750735e-17,1.3120512872889673e-17,21.24340165304237,0.1851847921267762,0.22339975124975808,22.0,28.91422092052075,37.0,28.18816437578917,84.42521128030823,8.118191340227282,,0.76118026005953,408.47412109375,357.3830261230469,43.451319781342015,182.029843710817,-31.990395504184587,14.454545021057129,0.0
1012145432.995,1012145525.995,1012145473.1460869,1012145437.3,1012145514.88,0.24214861931405107,0.08186264808253063,4.988261557869452e-17,1.686370550500131e-17,21.61979500718988,0.31619528952027665,0.44796621005878734,0.1765927169433093,0.08676578448883208,3.6378099690321715e-17,1.787375160469941e-17,21.96256802902743,0.4339363847973914,0.7339155484938082,0.38674803368150934,0.06984101569220848,7.967009493839092e-17,1.4387249232594947e-17,21.111429714197154,0.1802434425864341,0.2162406436469162,23.0,30.664446877988386,53.0,39.808981579710625,79.2879192845253,11.464986694956663,16.662777790752255,0.7501688457494282,404.3069763183594,356.42413330078125,43.78819708089144,182.03022454824836,-31.990955207904623,14.1304349899292,0.0
