t0,t1,t_mean,t0_data,t1_data,cps_bgsub,cps_bgsub_err,flux_bgsub,flux_bgsub_err,mag_bgsub,mag_bgsub_err_1,mag_bgsub_err_2,cps_mcatbgsub,cps_mcatbgsub_err,flux_mcatbgsub,flux_mcatbgsub_err,mag_mcatbgsub,mag_mcatbgsub_err_1,mag_mcatbgsub_err_2,cps,cps_err,flux,flux_err,mag,mag_err_1,mag_err_2,counts,flat_counts,bg_counts,bg_flat_counts,exptime,bg,mcat_bg,responses,detxs,detys,detrad,racent,deccent,q_mean,flags
780113115.995,780113223.995,5e-324,1.2882297539194267e-231,5e-324,-0.008007085414955064,0.008686891423207874,-1.120991958093709e-17,1.2161647992491024e-17,,,,,,,,,,,0.0,0.0,0.0,0.0,inf,,,5e-324,5e-324,3.0,2.9500382581125857,106.10740042182914,0.8496110183364248,,5e-324,5e-324,5e-324,565.685424949238,160000.0,5e-324,5e-324,0.0
781403216.995,781403330.995,1.5e-323,1.2882297539194267e-231,1.5e-323,-0.004454433771454383,0.006304045534772589,-6.236207280036136e-18,8.825663748681625e-18,,,,,,,,,,,0.0,0.0,0.0,0.0,inf,,,1.5e-323,1.5e-323,2.0,1.7336197333402188,112.08663296366986,0.4992824832019831,,1.5e-323,1.5e-323,1.5e-323,565.685424949238,160000.0,1.5e-323,1.5e-323,0.0
875550533.995,875552080.995,875551411.0487499,875550643.735,875552060.385,0.003316529176326733,0.0035951660683377004,4.643140846857427e-18,5.033232495672781e-18,25.018290444382302,0.7972518960692199,,0.0008242687552712357,0.0038145787847477367,1.15397625737973e-18,5.3404102986468315e-18,26.529827905523792,1.8758531536904215,,0.011565130600994202,0.0027466990948906006,1.6191182841391883e-17,3.845378732846841e-18,23.662123646323145,0.23136154554257615,0.2943979885855228,16.0,17.72878258582535,49.0,43.905224661350466,1532.9513515654796,12.644704702468937,16.465218683379113,0.9035338462148637,215.96322631835938,322.510498046875,199.685144615444,21.11781539273575,0.07472694382142496,6.9375,0.0
