t0,t1,t_mean,t0_data,t1_data,cps_bgsub,cps_bgsub_err,flux_bgsub,flux_bgsub_err,mag_bgsub,mag_bgsub_err_1,mag_bgsub_err_2,cps_mcatbgsub,cps_mcatbgsub_err,flux_mcatbgsub,flux_mcatbgsub_err,mag_mcatbgsub,mag_mcatbgsub_err_1,mag_mcatbgsub_err_2,cps,cps_err,flux,flux_err,mag,mag_err_1,mag_err_2,counts,flat_counts,bg_counts,bg_flat_counts,exptime,bg,mcat_bg,responses,detxs,detys,detrad,racent,deccent,q_mean,flags
825798873.995,825800572.995,825799780.1824999,825798903.86,825800454.49,0.016828542292961938,0.004194559276906391,2.3559959210146713e-17,5.872382987668947e-18,23.254883753664252,0.24162572501090196,0.3112655245010423,0.011279255508739755,0.004686720426574027,1.579095771223566e-17,6.561408597203638e-18,23.68929891291995,0.37728758878497715,0.583069963157385,0.01958282570576821,0.0039274488041793326,2.7415955988075495e-17,5.498428325851066e-18,23.09031160361518,0.19845585374137542,0.2430295772003639,18.0,24.861633043748657,17.0,12.141446550986304,1269.5631068413968,3.496736606684056,10.541906377215074,0.7246025019365336,636.317138671875,271.27508544921875,269.1020134747567,196.26004281495597,28.739645691680234,12.0,8.0
859718894.995,859719032.995,859718980.62,859718980.62,859718980.62,0.0006618881857902315,0.010608803362096937,9.266434601063242e-19,1.4852324706935712e-17,26.768038426686886,3.077914837524684,,-0.0015424163594865562,0.011386239219208581,-2.1593829032811788e-18,1.5940734906892014e-17,,,,0.007585068934055642,0.007670764597340587,1.06190965076779e-17,1.0739070436276822e-17,24.120101169841796,0.7586910226650261,,1.0,0.9777813598465309,3.0,3.0988132487997047,128.90869790997712,0.8924582156543152,1.17661224438299,1.0227235260006966,251.96371459960938,456.4602355957031,158.43768490693182,196.260089014126,28.7384778889904,10.0,0.0
