t0,t1,t_mean,t0_data,t1_data,cps_bgsub,cps_bgsub_err,flux_bgsub,flux_bgsub_err,mag_bgsub,mag_bgsub_err_1,mag_bgsub_err_2,cps_mcatbgsub,cps_mcatbgsub_err,flux_mcatbgsub,flux_mcatbgsub_err,mag_mcatbgsub,mag_mcatbgsub_err_1,mag_mcatbgsub_err_2,cps,cps_err,flux,flux_err,mag,mag_err_1,mag_err_2,counts,flat_counts,bg_counts,bg_flat_counts,exptime,bg,mcat_bg,responses,detxs,detys,detrad,racent,deccent,q_mean,flags
845893101.995,845893212.995,845893163.2432144,845893110.91,845893212.155,-0.1560220277087008,0.06913931798200625,-3.2140537707992365e-17,1.4242699504293288e-17,,,,0.01224417072531863,0.055151878898179275,2.5222991694156376e-18,1.136128705302493e-17,24.860176558731578,1.8517626621991248,,0.1533224663111762,0.0398009781965319,3.158442806010229e-17,8.199001508485571e-18,22.115985508492038,0.2505730055024742,0.32631930274385823,14.0,14.839665146882174,110.0,103.96046357783256,96.78728436812565,29.94061351041578,13.65458511303888,0.9435672797857088,86.92285919189453,453.1661071777344,317.55933469040497,358.554069922137,27.408813340097826,8.071428298950195,32.0
846147432.995,846147541.995,846147490.3438234,846147434.555,846147541.975,-0.07032352225816638,0.06829683644702475,-1.4486645585182273e-17,1.40691483080871e-17,,,,0.04509800643102333,0.05881961376613872,9.290189324790806e-18,1.2116840435824576e-17,23.444606639492566,0.9063296206472273,,0.1882855636360937,0.04433089722494785,3.87868261090353e-17,9.132164828339257e-18,21.892957443101352,0.22955855279019843,0.2914781882440174,17.0,18.039354913658986,91.0,86.0310595780277,95.80848666934602,24.776945158471978,13.718583165698206,0.942473048328084,83.9980239868164,474.33074951171875,324.62641477121133,358.5531334162887,27.408975400640657,7.0,32.0
904491968.995,904493581.995,904492771.0992713,904491970.245,904493571.63,0.016183383826704003,0.01663094995095151,3.3337770683010247e-18,3.4259756898960112e-18,24.557326663605462,0.7674856418434892,,0.07530626053327857,0.015348419116917724,1.5513089669855385e-17,3.161774338085051e-18,22.887922293826403,0.2013978627210271,0.24746273336799973,0.20744432141390398,0.011996148962957913,4.273353021126422e-17,2.47120668636933e-18,21.787746122651036,0.061037936451015185,0.06467484261786183,247.0,299.0331955692932,1160.0,957.3079016198244,1441.5106353894653,275.7046756665095,190.47842009916218,0.8262547400859201,494.1527099609375,170.0559539794922,248.4733327608213,358.5538982250674,27.409192212473307,11.048583030700684,0.0
