t0,t1,t_mean,t0_data,t1_data,cps_bgsub,cps_bgsub_err,flux_bgsub,flux_bgsub_err,mag_bgsub,mag_bgsub_err_1,mag_bgsub_err_2,cps_mcatbgsub,cps_mcatbgsub_err,flux_mcatbgsub,flux_mcatbgsub_err,mag_mcatbgsub,mag_mcatbgsub_err_1,mag_mcatbgsub_err_2,cps,cps_err,flux,flux_err,mag,mag_err_1,mag_err_2,counts,flat_counts,bg_counts,bg_flat_counts,exptime,bg,mcat_bg,responses,detxs,detys,detrad,racent,deccent,q_mean,flags
764341246.995,764341356.995,764341298.3630002,764341257.918,764341350.05,0.0846890478935804,0.028299407178726907,1.1856466705101256e-16,3.961917005021767e-17,21.50043187402343,0.313017050109476,0.4415698072239742,0.0690436371594241,0.030802698758229868,9.666109202319375e-17,4.312377826152182e-17,21.722190846076085,0.40052117633020146,0.6414878015128664,0.0846890478935804,0.028299407178726907,1.1856466705101256e-16,3.961917005021767e-17,21.50043187402343,0.313017050109476,0.4415698072239742,5.0,8.955705935773032,-1.4916681462400413e-154,5e-324,105.74810035681006,0.0,1.6544724644390718,0.5637170835905266,433.38934326171875,96.30232238769531,305.5276217145616,186.866768710923,42.34102937735,7.199999809265137,40.0
856795921.995,856796041.995,856795984.7545834,856795929.915,856796025.91,0.09362350205033601,0.03578273169952709,1.3107290287047043e-16,5.0095824379337924e-17,21.391537794565707,0.3514257886809986,0.522877034272156,0.10430775947747412,0.034384039104904916,1.4603086326846377e-16,4.813765474686689e-17,21.2742084577711,0.3093354082962847,0.43423022377326603,0.11650770491131372,0.032713878370313886,1.631107868758392e-16,4.579942971843944e-17,21.154113382092355,0.26869249124416683,0.35785655933731775,12.0,12.683678495106937,9.0,8.650353971295763,108.86557678534497,2.4913019437331805,1.3281540964046845,0.9468462709367441,311.7410888671875,703.304443359375,315.88482197771077,186.86725142981507,42.341509356656495,15.5,32.0
