t0,t1,t_mean,t0_data,t1_data,cps_bgsub,cps_bgsub_err,flux_bgsub,flux_bgsub_err,mag_bgsub,mag_bgsub_err_1,mag_bgsub_err_2,cps_mcatbgsub,cps_mcatbgsub_err,flux_mcatbgsub,flux_mcatbgsub_err,mag_mcatbgsub,mag_mcatbgsub_err_1,mag_mcatbgsub_err_2,cps,cps_err,flux,flux_err,mag,mag_err_1,mag_err_2,counts,flat_counts,bg_counts,bg_flat_counts,exptime,bg,mcat_bg,responses,detxs,detys,detrad,racent,deccent,q_mean,flags
753629849.995,753629969.995,753629910.2166001,753629854.285,753629965.67,0.04732381845572755,0.05816634051344996,9.748706601879875e-18,1.1982266145770691e-17,23.39230055088867,0.8703304178703526,,,,,,,,,0.20289575018478387,0.043760594452988716,4.1796524538065474e-17,9.014682457315675e-18,21.81181762379942,0.21204835159134916,0.2637670425189995,20.0,21.497080122642625,62.0,57.23283793264398,105.95135730080361,16.48305732460147,,0.9305921587623871,220.904296875,351.07012939453125,185.6593738955996,34.76044528821708,-0.27244261703195105,12.25,0.0
908887268.995,908888965.995,908888122.5754752,908887283.895,908888962.6,0.10178360178044871,0.01383838671834642,2.0967421966772433e-17,2.8507076639793623e-18,22.56080546241253,0.13840654796105767,0.15866399941292642,0.05618382696800227,0.014896248506940222,1.1573868355408466e-17,3.0686271924296855e-18,23.20597170526758,0.25534140596841226,0.33447976469740226,0.19452968855415886,0.011387513529369968,4.007311584215673e-17,2.3458277870502135e-18,21.857535271304464,0.06176684277784972,0.0654938096210067,242.0,291.81927290134445,582.0,483.09349133697623,1500.1271788912532,139.1309255050492,207.5363870525209,0.8294878357911837,549.3384399414062,291.7503356933594,184.44500390803051,34.76029979732713,-0.2726732860962887,12.89669418334961,0.0
