t0,t1,t_mean,t0_data,t1_data,cps_bgsub,cps_bgsub_err,flux_bgsub,flux_bgsub_err,mag_bgsub,mag_bgsub_err_1,mag_bgsub_err_2,cps_mcatbgsub,cps_mcatbgsub_err,flux_mcatbgsub,flux_mcatbgsub_err,mag_mcatbgsub,mag_mcatbgsub_err_1,mag_mcatbgsub_err_2,cps,cps_err,flux,flux_err,mag,mag_err_1,mag_err_2,counts,flat_counts,bg_counts,bg_flat_counts,exptime,bg,mcat_bg,responses,detxs,detys,detrad,racent,deccent,q_mean,flags
753629849.995,753629969.995,753629918.499,753629918.499,753629918.499,-0.0026007504080614663,0.013077776076723613,-3.641050571286053e-18,1.830888650741306e-17,,,,-0.0036917104316606425,0.013427128793922171,-5.1683946043249e-18,1.879798031149104e-17,,,,0.00877488473778219,0.008630013586906703,1.2284838632895066e-17,1.2082019021669384e-17,23.96189644871487,0.743575175169326,4.455648775719556,1.0,1.0338555943075844,5.0,4.653734772662331,117.8198489441226,1.3402756145267516,1.468812359711283,0.9672530723884519,231.92684936523438,276.6735534667969,208.46581585191282,34.8072977134557,-0.385584547718567,7.0,0.0
908887268.995,908888965.995,908888183.9612502,908887303.54,908888899.53,0.004643566079284647,0.003083664000597791,6.500992510998505e-18,4.317129600836908e-18,24.652870924840585,0.5529305339557169,1.1843857331526166,-0.001023000021078179,0.0035960050225547473,-1.4322000295094506e-18,5.0344070315766464e-18,,,,0.010194234490335572,0.0024812719554720983,1.4271928286469803e-17,3.473780737660938e-18,23.799113452204864,0.23652675332789386,0.3028334932581309,12.0,16.879536004947308,44.0,31.912342279477084,1655.7924011802547,9.190754576489402,18.573411666255797,0.7113353240858754,599.65478515625,348.6778259277344,206.14557668621532,34.80584542368004,-0.3844170267070714,14.5,8.0
