t0,t1,t_mean,t0_data,t1_data,cps_bgsub,cps_bgsub_err,flux_bgsub,flux_bgsub_err,mag_bgsub,mag_bgsub_err_1,mag_bgsub_err_2,cps_mcatbgsub,cps_mcatbgsub_err,flux_mcatbgsub,flux_mcatbgsub_err,mag_mcatbgsub,mag_mcatbgsub_err_1,mag_mcatbgsub_err_2,cps,cps_err,flux,flux_err,mag,mag_err_1,mag_err_2,counts,flat_counts,bg_counts,bg_flat_counts,exptime,bg,mcat_bg,responses,detxs,detys,detrad,racent,deccent,q_mean,flags
753712846.995,753712963.995,753712918.3749444,753712849.515,753712962.856,0.05064596013084017,0.056651348267418355,1.0433067786953074e-17,1.167017774308818e-17,23.318637978072037,0.8151100471424257,,,,,,,,,0.18868672054473123,0.043051480024164236,3.8869464432214634e-17,8.868604884977832e-18,21.890646659193976,0.22314073513200938,0.2811871473235641,18.0,19.2090771223822,52.0,48.79552770591608,101.80407538445918,14.053111979303834,,0.9371548073127683,586.3840942382812,464.0826721191406,197.0929208544888,51.29695832598602,-0.1064132193881985,13.38888931274414,0.0
913341877.995,913343578.995,913342760.5188708,913341882.705,913343574.495,0.01669798014565921,0.014354479562511862,3.4397839100057974e-18,2.9570227898774436e-18,24.523340149174125,0.6735801665245766,2.1319971860149955,-0.0034314649678963724,0.014815252339430056,-7.068817833866527e-19,3.0519419819225916e-18,,,,0.16264598228725818,0.010421143907845803,3.3505072351175185e-17,2.1467556450162353e-18,22.051891650691324,0.06742810622733941,0.07189454524258565,217.0,243.5880019179585,847.0,758.9588332526296,1497.6576641637794,218.58014397675737,248.72716172643803,0.8911212637792802,426.3004150390625,594.9271240234375,196.69340484946497,51.29730238811776,-0.10635707701304058,12.428571701049805,0.0
913353706.995,913355013.995,913354302.9115529,913353718.215,913355008.755,0.030816928350601208,0.015800773524003636,6.348287240223849e-18,3.254959345944749e-18,23.858026628423026,0.449403778873787,0.7805765278197327,-0.006791349045554426,0.016801297065101348,-1.3990179033842118e-18,3.4610671954108776e-18,,,,0.1593339312420379,0.011755704546290994,3.2822789835859807e-17,2.421675136535945e-18,22.07422932098072,0.07728857545490797,0.08321496015629748,161.0,183.70425608183706,588.0,514.4924994684894,1152.951255578946,148.17383984692498,191.5343504909839,0.876599306706522,582.0181274414062,430.6201477050781,184.57570848504633,51.29724454683739,-0.10617275328506563,12.07453441619873,65.0
