t0,t1,t_mean,t0_data,t1_data,cps_bgsub,cps_bgsub_err,flux_bgsub,flux_bgsub_err,mag_bgsub,mag_bgsub_err_1,mag_bgsub_err_2,cps_mcatbgsub,cps_mcatbgsub_err,flux_mcatbgsub,flux_mcatbgsub_err,mag_mcatbgsub,mag_mcatbgsub_err_1,mag_mcatbgsub_err_2,cps,cps_err,flux,flux_err,mag,mag_err_1,mag_err_2,counts,flat_counts,bg_counts,bg_flat_counts,exptime,bg,mcat_bg,responses,detxs,detys,detrad,racent,deccent,q_mean,flags
777390387.995,777392082.995,777391251.5845795,777390398.835,777392066.355,0.10803922989662568,0.017035247712377567,2.2256081358704888e-17,3.5092610287497784e-18,22.496046300308976,0.1589680444784065,0.18630270782220038,0.03160914682869622,0.018529101451027152,6.5114842467114214e-18,3.816994898911593e-18,23.83046806541448,0.5008909568942101,0.9580088079411411,0.2627608738773776,0.013514800986838355,5.412874001873979e-17,2.784049003288701e-18,21.53109825611585,0.05445487722631981,0.05733093309898152,321.0,378.00895243553373,910.0,772.8584709986969,1438.6044119031924,222.58323964762474,332.53589435127554,0.8494062555778894,497.7248840332031,398.14111328125,97.74256196323148,338.13670302357394,0.8591039458174471,15.233644485473633,0.0
1002452261.995,1002452343.995,1002452308.3297498,1002452278.155,1002452341.92,0.1955271517745259,0.0892659825591664,4.027859326555233e-17,1.8388792407188277e-17,21.851982315017125,0.4083061032987949,0.6620812093850823,,,,,,,,0.36756362878747334,0.07367433793776594,7.571810753021951e-17,1.5176913615179784e-17,21.166668673834984,0.19835086044174943,0.2428719238417294,20.0,24.89044019370694,50.0,40.45089168522339,67.71736440794224,11.649856805344339,,0.8036596931485335,337.62359619140625,357.1351318359375,75.68495672731278,338.13667584224623,0.8591184163802221,12.899999618530273,0.0
