t0,t1,t_mean,t0_data,t1_data,cps_bgsub,cps_bgsub_err,flux_bgsub,flux_bgsub_err,mag_bgsub,mag_bgsub_err_1,mag_bgsub_err_2,cps_mcatbgsub,cps_mcatbgsub_err,flux_mcatbgsub,flux_mcatbgsub_err,mag_mcatbgsub,mag_mcatbgsub_err_1,mag_mcatbgsub_err_2,cps,cps_err,flux,flux_err,mag,mag_err_1,mag_err_2,counts,flat_counts,bg_counts,bg_flat_counts,exptime,bg,mcat_bg,responses,detxs,detys,detrad,racent,deccent,q_mean,flags
838574331.995,838574427.995,838574376.1949999,838574346.91,838574420.05,0.035485493597817636,0.028743387669917117,4.9679691036944694e-17,4.024074273788397e-17,22.444872873557262,0.6441987675119911,1.8031381974141745,0.027186126500225376,0.030288709359482573,3.806057710031553e-17,4.24041931032756e-17,22.734131666523663,0.8128260156668681,,0.055325082920707404,0.024659945083227063,7.745511608899037e-17,3.452392311651789e-17,21.962694816209456,0.40021656919560655,0.6406928809184933,4.0,5.033382523093605,8.0,6.267264930311287,90.97830960881724,1.8049722999296507,2.56003468929163,0.7956120471720655,573.0191650390625,596.1744384765625,261.57224964129693,309.47209535343353,1.2209920970882324,21.5,0.0
841828122.995,841828238.995,841828184.1225001,841828132.785,841828220.34,-0.007944376699065671,0.027885381282585945,-1.112212737869194e-17,3.9039533795620325e-17,,,,,,,,,,,0.039360050432164694,0.018792469260084398,5.5104070605030576e-17,2.6309456964118157e-17,22.332360884443407,0.4237822270199807,0.7046810656326521,4.0,4.386757178220207,20.0,18.306159788594158,111.45202127676612,5.272174019115119,,0.9123545870763529,450.08892822265625,656.5682373046875,261.4118611006946,309.47151598882397,1.2212261282765753,15.5,0.0
