t0,t1,t_mean,t0_data,t1_data,cps_bgsub,cps_bgsub_err,flux_bgsub,flux_bgsub_err,mag_bgsub,mag_bgsub_err_1,mag_bgsub_err_2,cps_mcatbgsub,cps_mcatbgsub_err,flux_mcatbgsub,flux_mcatbgsub_err,mag_mcatbgsub,mag_mcatbgsub_err_1,mag_mcatbgsub_err_2,cps,cps_err,flux,flux_err,mag,mag_err_1,mag_err_2,counts,flat_counts,bg_counts,bg_flat_counts,exptime,bg,mcat_bg,responses,detxs,detys,detrad,racent,deccent,q_mean,flags
777384471.995,777386165.995,777385369.3388532,777384472.015,777386163.245,0.07852037936937563,0.017030515655577293,1.617519815009138e-17,3.508286225048922e-18,22.842544026958336,0.21313092557138802,0.2654471468542958,0.05691121280679211,0.017467721971248174,1.1723709838199174e-17,3.5983507260771234e-18,23.192005398143785,0.2906302838824075,0.39805624189289546,0.24702896548287723,0.013130963659931168,5.088796688947271e-17,2.7049785139458205e-18,21.59813030094152,0.05623131501524625,0.05930341987735588,327.0,353.917926102788,908.0,838.2705862721737,1432.698086278954,241.42192884638607,272.38134042668264,0.924178418572791,206.61061096191406,348.2245788574219,200.20027479255737,337.8844466971752,-0.4935048317830601,12.324158668518066,0.0
1002457375.995,1002457473.995,1002457415.528889,1002457380.285,1002457468.56,0.09473823066586862,0.07247028484107572,1.9516075517168934e-17,1.4928878677261596e-17,22.63868682607381,0.6168328040391984,1.5721127838000157,,,,,,,,0.2558067317758699,0.05676921722772661,5.269618674582919e-17,1.1694458748911682e-17,21.56022007717815,0.21760897318339545,0.2724425731824702,18.0,20.30477243037713,50.0,44.39195654931112,79.37544211372654,12.784883486201604,,0.8866350628606614,399.4538269042969,601.5543212890625,201.5550612992517,337.88461892096166,-0.4937573718344362,11.88888931274414,0.0
