t0,t1,t_mean,t0_data,t1_data,cps_bgsub,cps_bgsub_err,flux_bgsub,flux_bgsub_err,mag_bgsub,mag_bgsub_err_1,mag_bgsub_err_2,cps_mcatbgsub,cps_mcatbgsub_err,flux_mcatbgsub,flux_mcatbgsub_err,mag_mcatbgsub,mag_mcatbgsub_err_1,mag_mcatbgsub_err_2,cps,cps_err,flux,flux_err,mag,mag_err_1,mag_err_2,counts,flat_counts,bg_counts,bg_flat_counts,exptime,bg,mcat_bg,responses,detxs,detys,detrad,racent,deccent,q_mean,flags
766065002.995,766065082.995,766065043.4991579,766065008.89,766065077.564,0.055276144193899535,0.08047501745920663,7.738660187145935e-17,1.126650244428893e-16,21.963655647338804,0.9755145339187372,,0.27052358470326393,0.061049192458500795,3.787330185845695e-16,8.546886944190112e-17,20.23948716595006,0.22093433302690713,0.27768548639728863,0.28116257999726474,0.059925941702777805,3.9362761199617065e-16,8.389631838388893e-17,20.197606200436525,0.2097739624099475,0.26025117277954735,19.0,22.013307729511354,70.0,61.408070269619984,78.29387441858553,17.685524237650558,0.8329681614884192,0.8638632823240983,307.35455322265625,157.5871124267578,259.51336549428623,206.13694598859863,4.779253470859557,7.526315689086914,0.0
862570127.995,862570231.995,862570179.567,862570143.365,862570220.25,0.03486833679903328,0.04934420149856503,4.881567151864659e-17,6.908188209799105e-17,22.46392191935967,0.9573638140252534,,0.11896258985436202,0.03897248895934316,1.6654762579610684e-16,5.456148454308043e-17,21.13147397412684,0.30767047779283274,0.43093541441440664,0.12920161136784938,0.03751435079067796,1.8088225591498914e-16,5.252009110694915e-17,21.04183017475711,0.2767731327178389,0.3723973324523868,10.0,11.8615376028287,36.0,30.07083463421401,91.80642158601076,8.660400374653637,0.9400079256954545,0.8434112524667764,538.4231567382812,600.5039672851562,243.64484648454558,206.1365746481606,4.778471981392812,19.299999237060547,0.0
