t0,t1,t_mean,t0_data,t1_data,cps_bgsub,cps_bgsub_err,flux_bgsub,flux_bgsub_err,mag_bgsub,mag_bgsub_err_1,mag_bgsub_err_2,cps_mcatbgsub,cps_mcatbgsub_err,flux_mcatbgsub,flux_mcatbgsub_err,mag_mcatbgsub,mag_mcatbgsub_err_1,mag_mcatbgsub_err_2,cps,cps_err,flux,flux_err,mag,mag_err_1,mag_err_2,counts,flat_counts,bg_counts,bg_flat_counts,exptime,bg,mcat_bg,responses,detxs,detys,detrad,racent,deccent,q_mean,flags
753629995.995,753630115.995,753630046.4653044,753629997.739,753630103.953,0.1280489764733617,0.057855112777672364,2.6378089153512508e-17,1.1918153232200507e-17,22.311559721507965,0.4047820786653453,0.6526924084090702,0.09774609357193235,0.06027819444989111,2.0135695275818064e-17,1.2417308056677568e-17,22.604751475471016,0.5215610811988078,1.0411001688483914,0.24119727885531322,0.04773252797224651,4.968663944419452e-17,9.83290076228278e-18,21.62406899034286,0.19604985839217903,0.23942638848543396,23.0,25.533828451399735,46.0,41.5909736186578,105.86283797470487,11.97820040217345,15.186149584933919,0.9009931764935802,243.78590393066406,316.3404235839844,177.20544161189542,35.26651082112458,0.49644753607700726,13.82608699798584,0.0
908881353.995,908883049.995,908882257.36646,908881361.135,908883048.165,0.08822271983914809,0.013801770153891262,1.8173880286864506e-17,2.8431646517015998e-18,22.71604889345916,0.15780997463400226,0.1847130871659708,0.050028601585548456,0.014687616551938806,1.0305891926622982e-17,3.025649009699394e-18,23.33195409119082,0.2794869167028331,0.37734928352384856,0.18825468967980122,0.011153095467711222,3.878046607403905e-17,2.2975376663485117e-18,21.89313549031894,0.06249076468386505,0.0663083332107064,250.0,284.9054574805617,600.0,525.6556028676339,1513.4043033145783,151.38881362587858,209.19195655218215,0.8776289849063004,538.9767456054688,490.52459716796875,165.8590923389797,35.26639380511873,0.4965091967550969,12.791999816894531,0.0
