t0,t1,t_mean,t0_data,t1_data,cps_bgsub,cps_bgsub_err,flux_bgsub,flux_bgsub_err,mag_bgsub,mag_bgsub_err_1,mag_bgsub_err_2,cps_mcatbgsub,cps_mcatbgsub_err,flux_mcatbgsub,flux_mcatbgsub_err,mag_mcatbgsub,mag_mcatbgsub_err_1,mag_mcatbgsub_err_2,cps,cps_err,flux,flux_err,mag,mag_err_1,mag_err_2,counts,flat_counts,bg_counts,bg_flat_counts,exptime,bg,mcat_bg,responses,detxs,detys,detrad,racent,deccent,q_mean,flags
799351486.995,799351597.995,799351546.1354848,799351489.925,799351597.405,0.3328457949803204,0.0692024734663499,6.856623376594601e-17,1.425570953406808e-17,21.274392313382688,0.20508780344233912,0.2530657504484708,0.27886912612650866,0.07302539692703021,5.744703998206078e-17,1.5043231766968224e-17,21.46649891059779,0.2525301792335384,0.3296569863118961,0.4041282755585752,0.06380382785778894,8.325042476506649e-17,1.3143588538704522e-17,21.063701905757654,0.15915901039388203,0.1865652232646795,33.0,40.11852950492789,30.0,24.570618287996428,99.27177070071907,7.076338066942973,12.434697560587217,0.8228453576958903,445.7554931640625,216.42507934570312,189.19121715322296,203.16092040134427,11.80924593794718,13.030303001403809,0.0
861565114.995,861565217.995,861565169.4113235,861565120.715,861565214.79,0.37055718370575486,0.07607128464634752,7.63347798433855e-17,1.5670684637147588e-17,21.157861907460262,0.20272791194651418,0.24947683206049476,0.3324467430102859,0.07875336460801133,6.848402906011889e-17,1.6223193109250333e-17,21.275694793716273,0.2308278428406112,0.2935323764328146,0.45082696782753084,0.07008722599464456,9.287035537247135e-17,1.443796855489678e-17,20.944975282427837,0.15689076045316597,0.18345418985260054,34.0,41.37538344178301,31.0,25.579482369181594,91.77663803291298,7.366890922324301,10.864539043307156,0.8222896369354161,360.79296875,219.01986694335938,185.1782920880248,203.16104385733013,11.80917047759714,11.441176414489746,0.0
