t0,t1,t_mean,t0_data,t1_data,cps_bgsub,cps_bgsub_err,flux_bgsub,flux_bgsub_err,mag_bgsub,mag_bgsub_err_1,mag_bgsub_err_2,cps_mcatbgsub,cps_mcatbgsub_err,flux_mcatbgsub,flux_mcatbgsub_err,mag_mcatbgsub,mag_mcatbgsub_err_1,mag_mcatbgsub_err_2,cps,cps_err,flux,flux_err,mag,mag_err_1,mag_err_2,counts,flat_counts,bg_counts,bg_flat_counts,exptime,bg,mcat_bg,responses,detxs,detys,detrad,racent,deccent,q_mean,flags
749492145.995,749492246.995,749492189.4305,749492167.932,749492210.929,0.015050832746733403,0.017573393402304616,2.1071165845426764e-17,2.4602750763226463e-17,23.37609867587204,0.8399492232368502,,,,,,,,,0.021562949219475522,0.01540101418511489,3.0188128907265734e-17,2.1561419859160847e-17,22.985729599651446,0.5851759286716991,1.3599776123158485,2.0,1.9602780570616347,2.0,2.055602750806857,90.90955217253509,0.5920135922323749,,1.0203289467447836,334.7427978515625,430.48968505859375,72.02862852515152,17.88025881962765,0.40935016405422,8.0,0.0
875810858.995,875812453.995,875811618.4278948,875810863.645,875812382.67,0.015040351954238586,0.004824038582375272,2.105649273593402e-17,6.753654015325382e-18,23.37685500211439,0.302043114411628,0.419909483218305,0.015093695387400302,0.004820532361417953,2.1131173542360423e-17,6.748745305985134e-18,23.37301104736713,0.3009197214273698,0.41772850254055527,0.025875003992178847,0.004050054130413059,3.6225005589050387e-17,5.6700757825782824e-18,22.78779893632248,0.15788644281529685,0.18481792698132082,38.0,40.816822745357506,64.0,59.34460594590998,1577.4615052308814,17.091246512422078,17.007099300052616,0.931910426450167,465.5281677246094,416.7216796875,67.62806619234271,17.881169694152057,0.40947035816533384,12.368420600891113,0.0
877053101.995,877054787.995,877054009.8946251,877053145.365,877054769.265,0.014299396982959671,0.004654713580019517,2.001915577614354e-17,6.516599012027325e-18,23.431705691738575,0.3059642157875224,0.42757436818019556,0.014674496461305652,0.004630536202602793,2.0544295045827913e-17,6.482750683643911e-18,23.40359198036753,0.2977683323232796,0.41164555549307025,0.025250575123147587,0.0038874408829688537,3.5350805172406624e-17,5.4424172361563956e-18,22.814321814163804,0.1554717579950129,0.18151576211737463,40.0,42.190527303351686,67.0,63.534853781947305,1670.8739146568978,18.298037889200828,17.671293955431118,0.9489117309785907,455.72454833984375,439.97869873046875,68.58222539303581,17.88112476703511,0.4095405437200597,11.925000190734863,0.0
