t0,t1,t_mean,t0_data,t1_data,cps_bgsub,cps_bgsub_err,flux_bgsub,flux_bgsub_err,mag_bgsub,mag_bgsub_err_1,mag_bgsub_err_2,cps_mcatbgsub,cps_mcatbgsub_err,flux_mcatbgsub,flux_mcatbgsub_err,mag_mcatbgsub,mag_mcatbgsub_err_1,mag_mcatbgsub_err_2,cps,cps_err,flux,flux_err,mag,mag_err_1,mag_err_2,counts,flat_counts,bg_counts,bg_flat_counts,exptime,bg,mcat_bg,responses,detxs,detys,detrad,racent,deccent,q_mean,flags
749327417.995,749327531.995,749327479.14965,749327420.637,749327526.053,0.18003837948572726,0.0667344177456259,3.7087906174059815e-17,1.3747290055598935e-17,21.941587261934064,0.3423304718175757,0.5027999993345347,0.1286960591319459,0.0711872722461677,2.6511388181180854e-17,1.4664578082710543e-17,22.30608687911537,0.47802832673760065,0.8745776046189349,0.2761739615385435,0.05747634673070481,5.689183607693997e-17,1.184012742652519e-17,21.477043175845342,0.20527200195611783,0.25334670791221825,20.0,23.08804431109642,32.0,27.905903617870088,83.59964198824079,8.036900241946586,12.329099842368278,0.866382260209814,510.4261169433594,406.11541748046875,110.59532374449158,11.68160319934435,-1.0325327091887913,14.449999809265137,0.0
874662939.995,874664601.995,874663768.7236899,874662940.03,874664576.8,0.043442305412475804,0.01348697296148881,8.949114914970016e-18,2.7783164300666947e-18,23.485217838765017,0.2935570357701103,0.40359680160864286,,,,,,,,0.15278269972111963,0.010296720732581909,3.147323614255064e-17,2.1211244709118733e-18,22.119814550281482,0.07081244878490622,0.07575512302383203,187.0,220.16612148576607,645.0,547.0971594469706,1441.0409155463549,157.56398192072757,,0.8495155873602347,304.1156311035156,413.7599792480469,96.86665694439847,11.68138000067225,-1.032424823487773,14.139037132263184,0.0
875804942.995,875806537.995,875805685.4914602,875804947.875,875806530.67,0.09639851596180866,0.01449144558820889,1.9858094288132583e-17,2.9852377911710314e-18,22.619824129832093,0.15205471204991383,0.17687238891385348,0.05064576520835403,0.015573173053611907,1.043302763292093e-17,3.2080736490440527e-18,23.31864215678258,0.29109768953721726,0.39893818065949205,0.19591850293813443,0.011800920914171658,4.035921160525569e-17,2.4309897083193616e-18,21.849811366056244,0.06350413938065103,0.06745047703199702,226.0,275.6253176989646,591.0,486.14013424061295,1406.836585444915,140.00835866129654,204.37500230599892,0.8202124117307498,323.6945495605469,311.2515869140625,117.04188392212438,11.681460011328396,-1.0325444379077002,13.699114799499512,0.0
