t0,t1,t_mean,t0_data,t1_data,cps_bgsub,cps_bgsub_err,flux_bgsub,flux_bgsub_err,mag_bgsub,mag_bgsub_err_1,mag_bgsub_err_2,cps_mcatbgsub,cps_mcatbgsub_err,flux_mcatbgsub,flux_mcatbgsub_err,mag_mcatbgsub,mag_mcatbgsub_err_1,mag_mcatbgsub_err_2,cps,cps_err,flux,flux_err,mag,mag_err_1,mag_err_2,counts,flat_counts,bg_counts,bg_flat_counts,exptime,bg,mcat_bg,responses,detxs,detys,detrad,racent,deccent,q_mean,flags
823799128.995,823799235.995,823799167.9698572,823799142.59,823799203.772,0.029964161320986636,0.03514979988655305,4.1949825849381294e-17,4.920971984117427e-17,22.62849468360261,0.8426799747362068,,0.03763675451278978,0.03398813610874461,5.269145631790569e-17,4.758339055224246e-17,22.380969584123942,0.6986295135346232,2.533709304794865,0.07399689324137113,0.027831338023416797,1.0359565053791958e-16,3.8963873232783515e-17,21.646966284336507,0.3466367849070515,0.5122385580510027,7.0,7.069013327426601,15.0,14.605904531247274,95.53121783597216,4.206500504999216,3.473528333426273,0.9906936955759643,136.5532989501953,586.1256103515625,322.5630281398766,159.4389097460547,-27.0825591259969,10.571428298950195,32.0
885040219.995,885040321.995,885040268.0025,885040248.4,885040287.605,0.008080872888253298,0.02368595736657338,1.1313222043554618e-17,3.316034031320273e-17,24.05135431152997,1.4862890175059782,,-0.009406936559879064,0.027494610880117943,-1.316971118383069e-17,3.849245523216512e-17,,,,0.02920623608517981,0.018042984408040582,4.088873051925174e-17,2.5260178171256817e-17,22.656311021359667,0.522297641394271,1.0442121884301194,2.0,2.6201999575245423,9.0,6.580676477533963,89.71371558740897,1.8952348255297817,3.464131188606332,0.7636205462976515,289.5456848144531,93.29025268554688,325.99236929842976,159.4389477967085,-27.081555414163248,10.0,40.0
