t0,t1,t_mean,t0_data,t1_data,cps_bgsub,cps_bgsub_err,flux_bgsub,flux_bgsub_err,mag_bgsub,mag_bgsub_err_1,mag_bgsub_err_2,cps_mcatbgsub,cps_mcatbgsub_err,flux_mcatbgsub,flux_mcatbgsub_err,mag_mcatbgsub,mag_mcatbgsub_err_1,mag_mcatbgsub_err_2,cps,cps_err,flux,flux_err,mag,mag_err_1,mag_err_2,counts,flat_counts,bg_counts,bg_flat_counts,exptime,bg,mcat_bg,responses,detxs,detys,detrad,racent,deccent,q_mean,flags
753889498.995,753889622.995,753889567.9434999,753889524.026,753889608.323,0.040211032515192924,0.023003173728046136,5.62954455212701e-17,3.2204443219264594e-17,22.309136937990445,0.4911736605845505,0.9215459784016033,,,,,,,,0.051413135063140866,0.020844178634509682,7.197838908839721e-17,2.918185008831356e-17,22.042314782439508,0.36951931197215515,0.5644836852711848,4.0,6.083851448943206,7.0,4.602688359010619,118.33262922931235,1.3255742473950585,,0.6575600665230521,685.6166381835938,526.2575073242188,312.27843691651697,54.1566050149422,1.0795082196147674,19.5,40.0
912300802.995,912302507.995,912301566.8223912,912300834.685,912302486.09,0.02865546914930676,0.005894452467006368,4.011765680902947e-17,8.252233453808917e-18,22.676981192122437,0.20309885818225482,0.2500396651460477,,,,,,,,0.04316091367457417,0.005099499130704787,6.042527914440384e-17,7.139298782986701e-18,22.23227342574982,0.12125100678741418,0.13651426248216936,46.0,71.63515669848128,131.0,83.59381394298825,1659.722897401987,24.07501841558062,,0.6433873753925764,692.93798828125,535.0808715820312,322.5825581856945,54.15607828407642,1.07936650003113,17.0,40.0
