t0,t1,t_mean,t0_data,t1_data,cps_bgsub,cps_bgsub_err,flux_bgsub,flux_bgsub_err,mag_bgsub,mag_bgsub_err_1,mag_bgsub_err_2,cps_mcatbgsub,cps_mcatbgsub_err,flux_mcatbgsub,flux_mcatbgsub_err,mag_mcatbgsub,mag_mcatbgsub_err_1,mag_mcatbgsub_err_2,cps,cps_err,flux,flux_err,mag,mag_err_1,mag_err_2,counts,flat_counts,bg_counts,bg_flat_counts,exptime,bg,mcat_bg,responses,detxs,detys,detrad,racent,deccent,q_mean,flags
775319655.995,775319757.995,775319697.6790001,775319665.952,775319749.081,-0.062320204850466854,0.04589418567786573,-8.72482867906536e-17,6.425185994901203e-17,,,,0.035443942103833614,0.03334142285719064,4.9621518945367064e-17,4.66779920000669e-17,22.446144953790093,0.7198850685367084,3.067005096066449,0.07235536212692224,0.027131600491330343,1.0129750697769115e-16,3.798424068786248e-17,21.67132319640583,0.3457386260608253,0.5102600951234386,7.0,7.111981460325247,47.0,45.96383100572184,98.29238982799583,13.237583329647892,3.628111686014319,0.9850348063363494,379.91424560546875,375.883544921875,31.385361797064768,262.67133902405396,6.276251996070935,7.857142925262451,0.0
863979467.995,863979569.995,863979528.4294444,863979472.475,863979568.445,-0.025324478339407736,0.0468692898155377,-3.545426967517083e-17,6.561700574175279e-17,,,,0.05530994445930147,0.037058542488313785,7.743392224302207e-17,5.18819594836393e-17,21.962991944092455,0.5568015182713069,1.2037674805183372,0.09489982667966315,0.03112981339650399,1.3285975735152841e-16,4.3581738755105587e-17,21.376836451864715,0.308018191795572,0.4316222795105631,9.0,9.293467911989428,42.0,40.88012094304634,97.92924009608333,11.77347483159735,3.87700708133346,0.9686933487201532,448.2423095703125,428.5546569824219,56.05969022445307,262.6720021463619,6.275779390836187,12.11111068725586,0.0
864080062.995,864080158.995,864080104.4037501,864080076.08,864080134.445,-0.061014283169006006,0.040797166621665805,-8.541999643660842e-17,5.711603327033213e-17,,,,0.005621672904969895,0.03067509770315701,7.870342066957854e-18,4.294513678441982e-17,24.445336068156948,2.025006035054364,,0.04614632686232651,0.0223829676989456,6.460485760725712e-17,3.133615477852384e-17,22.15965715517097,0.4293478082324853,0.7205732646828906,4.0,4.250489424017633,37.0,34.272397912408614,92.10894372370294,9.870450598773683,3.7326830707806957,0.9411729363731487,424.17926025390625,360.0770263671875,46.67419469163204,262.67211276642473,6.275860602829702,9.5,0.0
