t0,t1,t_mean,t0_data,t1_data,cps_bgsub,cps_bgsub_err,flux_bgsub,flux_bgsub_err,mag_bgsub,mag_bgsub_err_1,mag_bgsub_err_2,cps_mcatbgsub,cps_mcatbgsub_err,flux_mcatbgsub,flux_mcatbgsub_err,mag_mcatbgsub,mag_mcatbgsub_err_1,mag_mcatbgsub_err_2,cps,cps_err,flux,flux_err,mag,mag_err_1,mag_err_2,counts,flat_counts,bg_counts,bg_flat_counts,exptime,bg,mcat_bg,responses,detxs,detys,detrad,racent,deccent,q_mean,flags
749492422.995,749492534.995,5e-324,-2.0,5e-324,-0.01472143430362952,0.012248818725328976,-2.0610008025081327e-17,1.7148346215460567e-17,,,,-0.01055360796584725,0.010370975863489751,-1.477505115218615e-17,1.451936620888565e-17,,,,0.0,0.0,0.0,0.0,inf,,,5e-324,5e-324,5.0,5.015559049392842,98.12094232346689,1.444481006225139,1.0355299585213789,5e-324,5e-324,5e-324,565.685424949238,160000.0,5e-324,5e-324,0.0
877573758.995,877575401.995,877574711.8469999,877573831.945,877575396.835,0.0005040214005595664,0.003941696736655864,7.05629960783393e-19,5.518375431318209e-18,27.063877557955564,2.3637323693305987,,0.0014389982894791673,0.00386728703100039,2.0145976052708344e-18,5.414201843400546e-18,25.92484930575995,1.4168258017916529,,0.012752102119949154,0.002815156261370262,1.7852942967928817e-17,3.941218765918367e-18,23.5560455451646,0.21657587961871982,0.27082214589963627,20.0,20.519111491303153,69.0,68.43091095874527,1609.076785795452,19.708102356118644,18.20365274890286,0.9757756417896994,105.12510681152344,283.84747314453125,316.92682456337747,16.992248984338694,0.46371246229764224,7.5,32.0
906828693.995,906830325.995,906829458.4575,906828925.57,906829775.555,0.0009856105635539974,0.0027884652566199635,1.3798547889755963e-18,3.903851359267949e-18,26.335736626208494,1.4577631781498823,,-0.004255596367173291,0.003321302552035359,-5.957834914042608e-18,4.649823572849503e-18,,,,0.0067519135683700585,0.002047893862245665,9.452678995718083e-18,2.867051407143931e-18,24.24643281443801,0.2876157355134197,0.392394354505754,8.0,10.870233163852145,42.0,32.23420454616605,1609.9485062686113,9.283450909295823,17.721524178464914,0.7397655449791436,534.5595703125,159.94680786132812,275.19413696270993,16.992579850352012,0.46401381733583436,9.875,73.0
