t0,t1,t_mean,t0_data,t1_data,cps_bgsub,cps_bgsub_err,flux_bgsub,flux_bgsub_err,mag_bgsub,mag_bgsub_err_1,mag_bgsub_err_2,cps_mcatbgsub,cps_mcatbgsub_err,flux_mcatbgsub,flux_mcatbgsub_err,mag_mcatbgsub,mag_mcatbgsub_err_1,mag_mcatbgsub_err_2,cps,cps_err,flux,flux_err,mag,mag_err_1,mag_err_2,counts,flat_counts,bg_counts,bg_flat_counts,exptime,bg,mcat_bg,responses,detxs,detys,detrad,racent,deccent,q_mean,flags
876722381.995,876722493.995,876722486.235,876722486.235,876722486.235,-0.006264153406811728,0.014832897877002487,-8.76981476953642e-18,2.0766057027803483e-17,,,,,,,,,,,0.009066167958908185,0.009042202298784316,1.269263514247146e-17,1.2659083218298042e-17,23.92644059876819,0.7511390133522902,6.444585911360498,1.0,1.0053078705603415,6.0,5.902474144744505,110.88564376005759,1.699912553686418,,0.9947201541778609,336.9982604980469,373.3065490722656,68.42338418043443,35.3883706080483,-0.374978144951399,8.0,0.0
878556261.995,878556355.995,1.5e-323,1.2907399939303366e-231,1.5e-323,0.0,0.0,0.0,0.0,inf,,,,,,,,,,0.0,0.0,0.0,0.0,inf,,,1.5e-323,1.5e-323,-1.7305993926106944e-77,1.5e-323,92.0694221265963,0.0,,1.5e-323,1.5e-323,1.5e-323,565.685424949238,160000.0,1.5e-323,1.5e-323,0.0
908875443.995,908877132.995,908876357.2386667,908875617.16,908877085.84,0.007345966771186548,0.004142866910414002,1.0284353479661168e-17,5.800013674579603e-18,24.154877601194812,0.48556745721604955,0.9011962023903841,,,,,,,,0.013820575490379457,0.003418751598826167,1.9348805686531242e-17,4.786252238356634e-18,23.468684681280727,0.23998545577561714,0.30854157706178853,15.0,16.342449868446465,29.0,26.58349474144742,1182.4724578091912,7.656046485536859,,0.9194067156120291,446.35906982421875,359.4776611328125,61.57291045771642,35.38760146330646,-0.3746072548586089,9.133333206176758,65.0
908905039.995,908906709.995,908906133.1803845,908905386.07,908906687.805,0.0015446659089043435,0.004097468804483529,2.162532272466081e-18,5.736456326276941e-18,25.84791359579063,1.4065222240285316,,-0.00047648929882995484,0.004290413360674113,-6.670850183619368e-19,6.006578704943758e-18,,,,0.011256070266512186,0.003002174906012314,1.575849837311706e-17,4.20304486841724e-18,23.691533011156256,0.25669820664543863,0.3368195919213015,13.0,14.057290182336894,45.0,42.11185421034915,1248.8630445172848,12.128214012580557,14.652360058753578,0.9283186738984449,360.2361755371094,358.8739929199219,57.205858041517175,35.3880626756623,-0.3749055382645606,7.230769157409668,0.0
