t0,t1,t_mean,t0_data,t1_data,cps_bgsub,cps_bgsub_err,flux_bgsub,flux_bgsub_err,mag_bgsub,mag_bgsub_err_1,mag_bgsub_err_2,cps_mcatbgsub,cps_mcatbgsub_err,flux_mcatbgsub,flux_mcatbgsub_err,mag_mcatbgsub,mag_mcatbgsub_err_1,mag_mcatbgsub_err_2,cps,cps_err,flux,flux_err,mag,mag_err_1,mag_err_2,counts,flat_counts,bg_counts,bg_flat_counts,exptime,bg,mcat_bg,responses,detxs,detys,detrad,racent,deccent,q_mean,flags
838639339.995,838639467.995,838639402.6490849,838639341.07,838639467.505,1.7811632452586628,0.19537575250413108,3.669196285232845e-16,4.0247405015851e-17,19.453240688054315,0.11300415689460053,0.12614684142049626,,,,,,,,2.978286224244222,0.16500775593696745,6.135269621943098e-16,3.399159772301529e-17,18.89508391820864,0.05854642022751122,0.06188427602852542,306.0,325.7797977530017,483.0,454.67805771602536,109.38498627198682,130.94728062221535,,0.9396208685810626,332.9206848144531,665.6370849609375,273.975720516082,347.52093334900013,30.22343465206675,10.183006286621094,0.0
846224083.995,846224221.995,846224153.8084185,846224085.82,846224220.98,2.3044813092262606,0.1871798359982178,4.747231497006097e-16,3.8559046215632865e-17,19.173567024807443,0.08478947454507946,0.09197622594256316,3.040861552735511,0.16954610399926429,6.264174798635153e-16,3.4926497423848444e-17,18.87250838095481,0.05890883722361551,0.06228934999499458,3.202984091664288,0.16541153437792694,6.598147228828433e-16,3.407477608185295e-17,18.816113045878357,0.05467078272500814,0.05757030274750008,313.0,374.9539929412023,439.0,365.2162894369,117.06395730063528,105.18229135782722,18.978705974628895,0.8350481610897467,532.0510864257812,163.56114196777344,270.815108540518,347.5210465539622,30.2234168142018,10.568690299987793,0.0
