t0,t1,t_mean,t0_data,t1_data,cps_bgsub,cps_bgsub_err,flux_bgsub,flux_bgsub_err,mag_bgsub,mag_bgsub_err_1,mag_bgsub_err_2,cps_mcatbgsub,cps_mcatbgsub_err,flux_mcatbgsub,flux_mcatbgsub_err,mag_mcatbgsub,mag_mcatbgsub_err_1,mag_mcatbgsub_err_2,cps,cps_err,flux,flux_err,mag,mag_err_1,mag_err_2,counts,flat_counts,bg_counts,bg_flat_counts,exptime,bg,mcat_bg,responses,detxs,detys,detrad,racent,deccent,q_mean,flags
749492422.995,749492678.995,5e-324,-1.2882297539194267e-231,5e-324,-0.005726716757058628,0.005246651232257219,-8.01740345988208e-18,7.345311725160108e-18,,,,-0.01151084299281409,0.007438457895470985,-1.6115180189939728e-17,1.041384105365938e-17,,,,0.0,0.0,0.0,0.0,inf,,,5e-324,5e-324,5.0,4.136704776331968,208.03734951884059,1.191370975583607,2.394685266952562,5e-324,5e-324,5e-324,565.685424949238,160000.0,5e-324,5e-324,32.0
875775362.995,875776302.995,875775783.8692857,875775400.89,875776269.5,-0.0008093785432692137,0.004229947461801443,-1.1331299605768992e-18,5.92192644652202e-18,,,,,,,,,,,0.007860063175372745,0.002916876683520561,1.1004088445521842e-17,4.083627356928786e-18,24.081434908245782,0.3426735564148977,0.5035476032036819,7.0,7.261326010264486,29.0,27.80920301071631,923.825400413545,8.009050467086299,,0.9656172365904636,415.197998046875,632.9264526367188,233.42174595045424,16.867585427531214,-0.26939787361364376,18.14285659790039,0.0
878715402.995,878716883.995,878716209.8442856,878715585.07,878716627.79,0.002382820156030756,0.0025761925369655212,3.3359482184430586e-18,3.60666955175173e-18,25.37727183726319,0.7957598870246336,,-0.006226386677621279,0.003540743159575598,-8.71694134866979e-18,4.957040423405837e-18,,,,0.006033477594935614,0.002033441822881739,8.44686863290986e-18,2.8468185520344347e-18,24.368580739155696,0.3153500359162109,0.44625957281431283,7.0,8.803835219629065,23.0,18.49621205512978,1459.16431794142,5.326909071877378,17.889156489319863,0.7960644197570097,578.2705078125,540.3300170898438,226.87637085461867,16.86843213709614,-0.26907916579150687,20.571428298950195,0.0
