t0,t1,t_mean,t0_data,t1_data,cps_bgsub,cps_bgsub_err,flux_bgsub,flux_bgsub_err,mag_bgsub,mag_bgsub_err_1,mag_bgsub_err_2,cps_mcatbgsub,cps_mcatbgsub_err,flux_mcatbgsub,flux_mcatbgsub_err,mag_mcatbgsub,mag_mcatbgsub_err_1,mag_mcatbgsub_err_2,cps,cps_err,flux,flux_err,mag,mag_err_1,mag_err_2,counts,flat_counts,bg_counts,bg_flat_counts,exptime,bg,mcat_bg,responses,detxs,detys,detrad,racent,deccent,q_mean,flags
749492145.995,749492246.995,5e-324,-3.105036184601418e+231,5e-324,-0.005739061044190945,0.007945398113009752,-8.034685461867325e-18,1.1123557358213654e-17,,,,,,,,,,,0.0,0.0,0.0,0.0,inf,,,5e-324,5e-324,2.0,1.811581491035557,90.90955217253509,0.5217354694182404,,5e-324,5e-324,5e-324,565.685424949238,160000.0,5e-324,5e-324,0.0
875810858.995,875812453.995,875811781.0372727,875810997.805,875812445.78,0.003126046632815977,0.003862564956528286,4.376465285942368e-18,5.407590939139601e-18,25.082511369196112,0.8734886293834059,,,,,,,,,0.013330419251056012,0.0029069831823101532,1.866258695147842e-17,4.069776455234215e-18,23.50789047876151,0.21418186505690784,0.26708225365044314,22.0,21.028223217129536,54.0,55.89237843856151,1577.4615052308814,16.097004990305717,,1.047250431915402,352.4115295410156,469.5052490234375,84.23563475415668,17.77554501352753,0.22911192625841723,11.545454978942871,65.0
877053101.995,877054787.995,877053923.3420689,877053114.745,877054603.995,0.006791831710735284,0.003990990075565941,9.508564395029398e-18,5.587386105792318e-18,24.240032709149844,0.5018637777551476,0.9617459066138281,,,,,,,,0.01670275720150136,0.0031617115413103596,2.3383860082101905e-17,4.4263961578345036e-18,23.263029579831816,0.1882219666691256,0.22783991385291102,29.0,27.90820131083627,55.0,57.49967664107342,1670.8739146568978,16.55990687262915,,1.040067701637738,331.7612609863281,455.27215576171875,87.81535574558542,17.776077916366106,0.2288716635841394,9.896552085876465,0.0
