t0,t1,t_mean,t0_data,t1_data,cps_bgsub,cps_bgsub_err,flux_bgsub,flux_bgsub_err,mag_bgsub,mag_bgsub_err_1,mag_bgsub_err_2,cps_mcatbgsub,cps_mcatbgsub_err,flux_mcatbgsub,flux_mcatbgsub_err,mag_mcatbgsub,mag_mcatbgsub_err_1,mag_mcatbgsub_err_2,cps,cps_err,flux,flux_err,mag,mag_err_1,mag_err_2,counts,flat_counts,bg_counts,bg_flat_counts,exptime,bg,mcat_bg,responses,detxs,detys,detrad,racent,deccent,q_mean,flags
753464460.995,753464570.995,753464522.181,753464522.181,753464522.181,0.011346224485657698,0.011855456920451065,1.5884714279920777e-17,1.6597639688631492e-17,23.68287157036696,0.7766702178242539,,,,,,,,,0.013271177041242593,0.011079152079752592,1.8579647857739632e-17,1.5510812911653628e-17,23.51272639294306,0.6589884818162126,1.9551598687308989,1.0,1.4348478060233236,1.0,0.722643228194757,108.11759963447653,0.20812124972009008,,0.6969380277142403,413.36859130859375,100.44851684570312,299.8496461453894,32.6398652764468,-4.06770845220571,6.0,40.0
847921987.995,847922106.995,1.5e-323,5e-324,1.5e-323,-0.0021947053104822965,0.004589160753778721,-3.072587434675215e-18,6.424825055290209e-18,,,,,,,,,,,0.0,0.0,0.0,0.0,inf,,,1.5e-323,1.5e-323,1.0,0.7941332854489515,104.2100664344034,0.22871038620929807,,1.5e-323,1.5e-323,1.5e-323,565.685424949238,160000.0,1.5e-323,1.5e-323,32.0
877621197.995,877621303.995,877621211.625,877621207.67,877621215.58,0.015040924179518397,0.018852060767769435,2.1057293851325757e-17,2.639288507487721e-17,23.37681369497696,0.882088241815886,,,,,,,,,0.02487532120660233,0.015959439531109725,3.482544968924327e-17,2.2343215343553615e-17,22.83057825662099,0.5381532948187377,1.1140110027923456,2.0,2.429417320910466,4.0,3.3349449987267903,97.66375681073247,0.9604641596333157,,0.8232426692547271,282.74578857421875,129.66824340820312,294.6655879451965,32.6413032640855,-4.06655779582447,8.0,0.0
877959341.995,877959460.995,877959369.8275,877959352.755,877959386.9,0.024772481494007122,0.01553683237550116,3.4681474091609975e-17,2.1751565325701625e-17,22.835076218378457,0.5285897329112679,1.0712552195988216,,,,,,,,0.026410343081703216,0.015076376266921505,3.69744803143845e-17,2.1106926773690108e-17,22.765564892711318,0.49033762625752786,0.9184802654949635,2.0,3.0686980001141606,1.0,0.6607920620602139,116.19303810710886,0.19030811387334165,,0.651780499291936,682.311767578125,500.58270263671875,299.6945347896619,32.6399209270621,-4.068207974928305,17.0,40.0
