t0,t1,t_mean,t0_data,t1_data,cps_bgsub,cps_bgsub_err,flux_bgsub,flux_bgsub_err,mag_bgsub,mag_bgsub_err_1,mag_bgsub_err_2,cps_mcatbgsub,cps_mcatbgsub_err,flux_mcatbgsub,flux_mcatbgsub_err,mag_mcatbgsub,mag_mcatbgsub_err_1,mag_mcatbgsub_err_2,cps,cps_err,flux,flux_err,mag,mag_err_1,mag_err_2,counts,flat_counts,bg_counts,bg_flat_counts,exptime,bg,mcat_bg,responses,detxs,detys,detrad,racent,deccent,q_mean,flags
780823161.995,780823267.995,780823212.6782141,780823165.347,780823261.841,0.2141464527114864,0.06810623380270617,4.41141692585662e-17,1.4029884163357472e-17,21.7532227879991,0.2998179987054037,0.4155960238278311,0.19123707715834062,0.06986896454507376,3.9394837894618166e-17,1.4393006696285194e-17,21.876069756559325,0.3381120591356179,0.4936687476628201,0.32553224585687934,0.058787350089590545,6.705964264651715e-17,1.2110194118455653e-17,21.29851496394465,0.1802462867660033,0.21624474145896855,28.0,30.663396605037388,40.0,36.43036812589693,94.19465197471894,10.491946020258318,12.649886677445023,0.913254898158776,553.0747680664062,482.2406311035156,173.76825378327484,26.421327998844085,-1.0546252495144888,12.5,0.0
781988806.995,781988916.995,781988856.6037368,781988814.234,781988915.212,0.11720189981628114,0.05979195380639059,2.4143591362153914e-17,1.231714248411646e-17,22.407663371113927,0.44755883385311535,0.7748687827768421,,,,,,,,0.23331384472445077,0.048857981703159234,4.8062652013236856e-17,1.0064744230850803e-17,21.66014872407183,0.20643284721155908,0.25512011580768856,19.0,22.803944516572496,47.0,39.40523095088979,97.73935423122661,11.34870651385626,,0.8333332675586286,443.6756286621094,221.37680053710938,183.8853118805036,26.421258284861345,-1.0546751984979124,13.526315689086914,0.0
908479111.995,908480771.995,908479946.6674999,908479119.95,908480769.965,0.1382747065735314,0.015493092283123849,2.8484589554147466e-17,3.1915770103235127e-18,22.228143136135987,0.11530663014626441,0.12902351627352715,0.11672135829848686,0.015951258101303788,2.404459980948829e-17,3.28595916886858e-18,22.41212416788878,0.13907740244831146,0.15954660614399074,0.2486915888283045,0.012893054879071567,5.123046729863072e-17,2.6559693050887427e-18,21.590847257645695,0.054877870643807114,0.057799990877935414,326.0,372.05790081950363,654.0,573.5779228643598,1496.0614573755072,165.19044178493564,197.43557541662062,0.8764278958059434,545.5762939453125,489.03277587890625,170.64375915794747,26.42124814935106,-1.0544674491969646,12.530674934387207,0.0
