t0,t1,t_mean,t0_data,t1_data,cps_bgsub,cps_bgsub_err,flux_bgsub,flux_bgsub_err,mag_bgsub,mag_bgsub_err_1,mag_bgsub_err_2,cps_mcatbgsub,cps_mcatbgsub_err,flux_mcatbgsub,flux_mcatbgsub_err,mag_mcatbgsub,mag_mcatbgsub_err_1,mag_mcatbgsub_err_2,cps,cps_err,flux,flux_err,mag,mag_err_1,mag_err_2,counts,flat_counts,bg_counts,bg_flat_counts,exptime,bg,mcat_bg,responses,detxs,detys,detrad,racent,deccent,q_mean,flags
753464460.995,753464570.995,753464502.2075,753464488.001,753464516.414,0.009548524598508263,0.015415971931853505,1.3367934437911569e-17,2.1582360704594908e-17,23.87015932188558,1.0434663515795535,,0.007614627432713739,0.01598559254363351,1.0660478405799235e-17,2.2379829561086916e-17,24.115878352249542,1.2281684798091845,,0.017621454497227438,0.012766524375981058,2.4670036296118416e-17,1.7873134126373483e-17,23.204895618066274,0.5916501575551649,1.3996469236025035,2.0,1.905189362308382,3.0,3.0306451481490093,108.11759963447653,0.8728258026669149,1.0819141221725361,1.049776908648695,382.2692565917969,426.9245910644531,32.23837566931014,32.373351184263996,-3.59353275073276,9.5,0.0
847921987.995,847922106.995,1.5e-323,2.3203563743399055e+77,1.5e-323,-0.01397526501356779,0.01158044343823625,-1.9565371018994907e-17,1.621262081353075e-17,,,,-0.009950651558864116,0.009771717950004368,-1.3930912182409762e-17,1.3680405130006116e-17,,,,0.0,0.0,0.0,0.0,inf,,,1.5e-323,1.5e-323,5.0,5.05681699827185,104.2100664344034,1.456363295502293,1.0369580600148294,1.5e-323,1.5e-323,1.5e-323,565.685424949238,160000.0,1.5e-323,1.5e-323,0.0
877959341.995,877959460.995,2.5e-323,1e-323,2.5e-323,-0.006920719099721447,0.00771765849965238,-9.689006739610026e-18,1.0804721899513332e-17,,,,-0.009022623417052709,0.00881203801394318,-1.2631672783873793e-17,1.2336853219520453e-17,,,,0.0,0.0,0.0,0.0,inf,,,2.5e-323,2.5e-323,3.0,2.7921506183421183,116.19303810710886,0.8041393780825302,1.0483660265236983,2.5e-323,2.5e-323,2.5e-323,565.685424949238,160000.0,2.5e-323,2.5e-323,0.0
