t0,t1,t_mean,t0_data,t1_data,cps_bgsub,cps_bgsub_err,flux_bgsub,flux_bgsub_err,mag_bgsub,mag_bgsub_err_1,mag_bgsub_err_2,cps_mcatbgsub,cps_mcatbgsub_err,flux_mcatbgsub,flux_mcatbgsub_err,mag_mcatbgsub,mag_mcatbgsub_err_1,mag_mcatbgsub_err_2,cps,cps_err,flux,flux_err,mag,mag_err_1,mag_err_2,counts,flat_counts,bg_counts,bg_flat_counts,exptime,bg,mcat_bg,responses,detxs,detys,detrad,racent,deccent,q_mean,flags
749492422.995,749492678.995,749492570.0833999,749492426.387,749492676.824,0.017236726772627425,0.013351956476189173,2.4131417481678395e-17,1.8692739066664842e-17,23.228863006306096,0.6227649620825026,1.6177236327232727,,,,,,,,0.02716226576539966,0.011426476770605423,3.802717207155953e-17,1.5997067478847594e-17,22.73508501451638,0.3812365814053571,0.5926936770213374,5.0,5.650765776760087,8.0,7.169732029868883,208.03734951884059,2.064882824602239,,0.8889788812647149,409.7964782714844,458.0234375,58.844628351618226,16.95152886891448,-0.11010137350803559,12.800000190734863,0.0
875775362.995,875776302.995,875775808.630625,875775371.355,875776275.465,0.004990403972827632,0.0057657605585728685,6.986565561958686e-18,8.072064782002016e-18,24.574660742119566,0.8338043340613233,,0.006558889664615678,0.005616598495621376,9.182445530461948e-18,7.863237893869926e-18,24.277924187134154,0.6716401438933701,2.1066130103729215,0.017851025398823148,0.004395786941137279,2.499143555835241e-17,6.154101717592191e-18,23.190842080215575,0.23901155869423008,0.30692942262873757,16.0,16.491230686860156,43.0,41.253363675129584,923.825400413545,11.880968738437323,10.431961816178315,0.9706192030676876,310.4117736816406,662.581787109375,277.44412990081935,16.95149824259096,-0.10994400371923693,15.625,0.0
878715402.995,878716883.995,878716212.8170453,878715489.205,878716882.765,0.010892215750288798,0.004194278265622488,1.524910205040432e-17,5.871989571871483e-18,23.727209412125653,0.35368022421318557,0.5279378635580514,0.0068524436396176875,0.004512263516911475,9.593421095464763e-18,6.317168923676066e-18,24.230386319461562,0.5492819429439955,1.1664904651255021,0.01828089545193697,0.003539538430018341,2.5593253632711757e-17,4.9553538020256776e-18,23.165006337655576,0.19216479250104612,0.2336500010259961,22.0,26.674830343484015,45.0,37.43506172688565,1459.16431794142,10.781297777343068,16.67598909384925,0.8254405524431507,532.7410278320312,637.9552612304688,272.4754792952289,16.95130367903632,-0.10969634953553346,18.272727966308594,0.0
