t0,t1,t_mean,t0_data,t1_data,cps_bgsub,cps_bgsub_err,flux_bgsub,flux_bgsub_err,mag_bgsub,mag_bgsub_err_1,mag_bgsub_err_2,cps_mcatbgsub,cps_mcatbgsub_err,flux_mcatbgsub,flux_mcatbgsub_err,mag_mcatbgsub,mag_mcatbgsub_err_1,mag_mcatbgsub_err_2,cps,cps_err,flux,flux_err,mag,mag_err_1,mag_err_2,counts,flat_counts,bg_counts,bg_flat_counts,exptime,bg,mcat_bg,responses,detxs,detys,detrad,racent,deccent,q_mean,flags
851039556.995,851039667.995,851039614.7907352,851039557.745,851039666.405,0.39497955504621857,0.06976452076409914,5.52971377064706e-16,9.76703290697388e-17,19.82856345941744,0.17659811550959859,0.21101000489771238,0.45135593901923954,0.06598320362011015,6.318983146269354e-16,9.23764850681542e-17,19.68370209661249,0.14814044413896355,0.1715954392428074,0.46476628613973925,0.06505138255656122,6.50672800595635e-16,9.107193557918571e-17,19.651913457323754,0.14222955065145015,0.1637106890183091,34.0,51.04534833116215,39.0,26.613495677203677,109.8301444262129,7.66468675503466,1.472860361050133,0.6668424086612403,650.2949829101562,438.38250732421875,253.22084301749157,116.6563730296988,44.78978783919549,17.0,8.0
855459192.995,855459296.995,855459262.0069736,855459210.125,855459294.575,0.2950137684398909,0.07484366539601381,4.130192758158473e-16,1.0478113155441933e-16,20.14539428702127,0.245480167256801,0.3177098487847907,0.40440216954402636,0.06687904607405622,5.661630373616369e-16,9.36306645036787e-17,19.802966307909866,0.16616663277049426,0.19627486360656832,0.4189300427111144,0.06574872776877447,5.865020597955602e-16,9.204821887628426e-17,19.764646234953876,0.15828122873490358,0.1853594671374026,38.0,40.598342646733016,44.0,41.696793430300936,96.90959947393604,12.008676507926673,1.407890369830647,0.9365249060968642,145.2610626220703,300.4577941894531,273.49694139800914,116.656561586475,44.789715629269345,7.789473533630371,0.0
