t0,t1,t_mean,t0_data,t1_data,cps_bgsub,cps_bgsub_err,flux_bgsub,flux_bgsub_err,mag_bgsub,mag_bgsub_err_1,mag_bgsub_err_2,cps_mcatbgsub,cps_mcatbgsub_err,flux_mcatbgsub,flux_mcatbgsub_err,mag_mcatbgsub,mag_mcatbgsub_err_1,mag_mcatbgsub_err_2,cps,cps_err,flux,flux_err,mag,mag_err_1,mag_err_2,counts,flat_counts,bg_counts,bg_flat_counts,exptime,bg,mcat_bg,responses,detxs,detys,detrad,racent,deccent,q_mean,flags
777396303.995,777397999.995,777397087.5517778,777396340.46,777397983.515,-0.0020537889751706157,0.005732434102383968,-2.875304565238862e-18,8.025407743337556e-18,,,,0.0004932503158273664,0.0055959699218863495,6.90550442158313e-19,7.83435789064089e-18,27.0873315699941,2.7287357752462,,0.02604361251096954,0.003975817956521173,3.646105751535736e-17,5.566145139129642e-18,22.78074693728302,0.15425305851913862,0.17985573238344799,45.0,42.90910622435506,153.0,160.73924082916892,1647.5865706526615,46.292901358800655,42.096433628027704,1.05020238689094,301.76416015625,534.3115234375,166.40272100512362,339.3079366805584,0.736164495524505,12.666666984558105,0.0
905249030.995,905249242.995,905249150.775,905249044.765,905249217.455,0.020131285449912197,0.0191313614922067,2.818379962987708e-17,2.678390608908938e-17,23.060321232676557,0.7252701696142907,3.259761332334932,,,,,,,,0.03734207888453189,0.015828374346038322,5.227891043834465e-17,2.2159724084453653e-17,22.389503769867403,0.38367967562260574,0.5987082304192342,5.0,5.565758500500154,10.0,8.907057801863541,149.04790163692903,2.5652326469367,,0.8986463873491906,436.85577392578125,705.8342895507812,308.0470105952976,339.30854312334117,0.7371262553637844,14.600000381469727,32.0
