t0,t1,t_mean,t0_data,t1_data,cps_bgsub,cps_bgsub_err,flux_bgsub,flux_bgsub_err,mag_bgsub,mag_bgsub_err_1,mag_bgsub_err_2,cps_mcatbgsub,cps_mcatbgsub_err,flux_mcatbgsub,flux_mcatbgsub_err,mag_mcatbgsub,mag_mcatbgsub_err_1,mag_mcatbgsub_err_2,cps,cps_err,flux,flux_err,mag,mag_err_1,mag_err_2,counts,flat_counts,bg_counts,bg_flat_counts,exptime,bg,mcat_bg,responses,detxs,detys,detrad,racent,deccent,q_mean,flags
753629995.995,753630115.995,753630076.065,753630050.876,753630101.254,0.008508304563783398,0.015165926179652163,1.1911626389296757e-17,2.123229665151303e-17,23.995392431148968,1.1110821216351532,,0.005307815524603082,0.016036656140558603,7.430941734444315e-18,2.2451318596782045e-17,24.507710449089068,1.5109239722909784,,0.017801372731408707,0.012292935070294674,2.4921921823972192e-17,1.7210109098412543e-17,23.193866265760224,0.570077162212641,1.2735626370061297,2.0,2.096987356298828,4.0,3.8010970072139463,117.79919380031338,1.0947159380776168,1.4717309666597977,0.953855480482971,244.38677978515625,315.84271240234375,176.91219110459312,35.26609857466795,0.496655170596754,5.5,0.0
908881353.995,908883049.995,908882233.5321668,908881370.95,908882896.23,0.014840337030037948,0.004019074736112432,2.0776471842053128e-17,5.6267046305574054e-18,23.39139058985548,0.2602109467682219,0.34291460033664833,0.009287035203981674,0.004413398222633078,1.3001849285574344e-17,6.178757511686309e-18,23.900307270466623,0.4221430372280004,0.7000597867533358,0.02090873648305979,0.003538278850694657,2.927223107628371e-17,4.95359039097252e-18,23.019180527115882,0.16974513942513525,0.20129132219054569,30.0,34.91977729087137,41.0,35.19049281665224,1670.104614841901,10.134861931195847,19.409456938502384,0.8602491653001342,537.9544677734375,492.3641052246094,166.01976723449266,35.26633571625593,0.49646504222908744,17.53333282470703,0.0
