t0,t1,t_mean,t0_data,t1_data,cps_bgsub,cps_bgsub_err,flux_bgsub,flux_bgsub_err,mag_bgsub,mag_bgsub_err_1,mag_bgsub_err_2,cps_mcatbgsub,cps_mcatbgsub_err,flux_mcatbgsub,flux_mcatbgsub_err,mag_mcatbgsub,mag_mcatbgsub_err_1,mag_mcatbgsub_err_2,cps,cps_err,flux,flux_err,mag,mag_err_1,mag_err_2,counts,flat_counts,bg_counts,bg_flat_counts,exptime,bg,mcat_bg,responses,detxs,detys,detrad,racent,deccent,q_mean,flags
777384471.995,777386165.995,777385322.3462036,777384477.315,777386155.575,0.0005423638551448161,0.01631896702732165,1.1172695415983212e-19,3.3617072076282596e-18,28.244273152361192,3.7315027797585323,,-0.0002989550148103125,0.016336949279123755,-6.158473305092437e-20,3.3654115514994934e-18,,,,0.1910411534915873,0.011547450930893169,3.935447761926698e-17,2.3787748917639927e-18,21.87718267076648,0.06372020255192012,0.06769428874596173,270.0,273.704295007921,960.0,947.664067189542,1432.698086278954,272.92725135058816,274.13260728552325,0.986696275510966,212.8350830078125,560.7235107421875,246.70377592973014,337.6709599837183,-0.7761551847978478,11.23703670501709,0.0
1002457375.995,1002457473.995,1002457427.7867647,1002457377.22,1002457470.775,0.13283260443374764,0.06531229058279275,2.7363516513352013e-17,1.3454331860055307e-17,22.271738280271897,0.4341954995186228,0.7346755889045937,,,,,,,,0.23571202744332714,0.05449388777972119,4.855667765332539e-17,1.1225740882622565e-17,21.6490456414936,0.22581129236942843,0.28545018915125553,17.0,18.709746389836933,31.0,28.35451279788355,79.37544211372654,8.166099685790464,,0.9089064273009542,603.2710571289062,542.4348754882812,248.20720461272927,337.67087021342945,-0.7763135103299421,9.588234901428223,0.0
