t0,t1,t_mean,t0_data,t1_data,cps_bgsub,cps_bgsub_err,flux_bgsub,flux_bgsub_err,mag_bgsub,mag_bgsub_err_1,mag_bgsub_err_2,cps_mcatbgsub,cps_mcatbgsub_err,flux_mcatbgsub,flux_mcatbgsub_err,mag_mcatbgsub,mag_mcatbgsub_err_1,mag_mcatbgsub_err_2,cps,cps_err,flux,flux_err,mag,mag_err_1,mag_err_2,counts,flat_counts,bg_counts,bg_flat_counts,exptime,bg,mcat_bg,responses,detxs,detys,detrad,racent,deccent,q_mean,flags
749492566.995,749492678.995,5e-324,-2.6815615859885194e+154,5e-324,-0.009398432537006613,0.009246906196466644,-1.3157805551809259e-17,1.2945668675053302e-17,,,,,,,,,,,0.0,0.0,0.0,0.0,inf,,,5e-324,5e-324,4.0,3.5869511726939844,109.91640719537368,1.0330419377358677,,5e-324,5e-324,5e-324,565.685424949238,160000.0,5e-324,5e-324,0.0
875775362.995,875776302.995,875775856.1725,875775434.765,875776265.69,0.012767250539549288,0.0048319437442381034,1.7874150755369005e-17,6.764721241933345e-18,23.554756547770662,0.34848851189199337,0.5163341468918894,,,,,,,,0.01716821534264453,0.004310896803060768,2.4035501479702344e-17,6.035255524285075e-18,23.23318711986194,0.24322793368421358,0.3139368709711192,14.0,15.860433413304552,16.0,14.117093998004794,923.825400413545,4.065723071425381,,0.8839731731025523,467.8609313964844,288.7297058105469,130.33105684757493,17.207303298674443,-0.736795519448341,10.428571701049805,0.0
878715402.995,878716883.995,878716161.7243478,878715480.255,878716748.49,0.00965609471028843,0.004311703431760902,1.3518532594403802e-17,6.036384804465263e-18,23.857996207951498,0.40081608327183815,0.6422581755444945,0.005044123006368655,0.0046638482335768245,7.061772208916117e-18,6.5293875270075545e-18,24.56303582807859,0.7108570307183726,2.8067203831144028,0.018391553494709535,0.003550235046483685,2.574817489259335e-17,4.970329065077159e-18,23.15845396324452,0.19163402657281736,0.23286482729641023,23.0,26.83629861099098,51.0,44.258575552344475,1459.16431794142,12.746469759075211,19.476094304790436,0.8580932132884115,361.03253173828125,270.087646484375,135.6306867146841,17.207491045233038,-0.7374984364644549,7.217391490936279,0.0
