t0,t1,t_mean,t0_data,t1_data,cps_bgsub,cps_bgsub_err,flux_bgsub,flux_bgsub_err,mag_bgsub,mag_bgsub_err_1,mag_bgsub_err_2,cps_mcatbgsub,cps_mcatbgsub_err,flux_mcatbgsub,flux_mcatbgsub_err,mag_mcatbgsub,mag_mcatbgsub_err_1,mag_mcatbgsub_err_2,cps,cps_err,flux,flux_err,mag,mag_err_1,mag_err_2,counts,flat_counts,bg_counts,bg_flat_counts,exptime,bg,mcat_bg,responses,detxs,detys,detrad,racent,deccent,q_mean,flags
764945461.995,764945574.995,764945511.307,764945511.307,764945511.307,0.012626681369199578,0.010786844275199076,1.767735391687941e-17,1.5101581985278705e-17,23.566776946736933,0.6704439851026827,2.0912746265935134,0.004451942229930368,0.01384510632067247,6.232719121902515e-18,1.938314884894146e-17,24.698626199671516,1.5345788008332448,,0.012626681369199578,0.010786844275199076,1.767735391687941e-17,1.5101581985278705e-17,23.566776946736933,0.6704439851026827,2.0912746265935134,1.0,1.3702178615233318,1.727233711018889e-77,5e-324,108.51765570530047,0.0,0.8871035273958605,0.7298109505653764,618.6781616210938,448.94976806640625,224.08975470497566,202.142242298747,41.8512449351692,15.0,0.0
770638456.995,770638547.995,770638471.3443333,770638459.645,770638483.082,0.02715897487273023,0.023766828634611135,3.802256482182232e-17,3.327356008845559e-17,22.735216566788733,0.6825612918505115,2.2585970162902917,,,,,,,,0.038496655849913734,0.0208890358618822,5.3895318189879233e-17,2.9244650206635085e-17,22.356442488502054,0.4706470370177911,0.8493058700066349,3.0,3.39632481471327,4.0,3.4731053611798135,88.22389217272442,1.0002543440197864,,0.8839967341072404,531.2770385742188,583.3414916992188,225.49448648539416,202.141440090409,41.851889326773005,17.66666603088379,0.0
