t0,t1,t_mean,t0_data,t1_data,cps_bgsub,cps_bgsub_err,flux_bgsub,flux_bgsub_err,mag_bgsub,mag_bgsub_err_1,mag_bgsub_err_2,cps_mcatbgsub,cps_mcatbgsub_err,flux_mcatbgsub,flux_mcatbgsub_err,mag_mcatbgsub,mag_mcatbgsub_err_1,mag_mcatbgsub_err_2,cps,cps_err,flux,flux_err,mag,mag_err_1,mag_err_2,counts,flat_counts,bg_counts,bg_flat_counts,exptime,bg,mcat_bg,responses,detxs,detys,detrad,racent,deccent,q_mean,flags
746284258.995,746284368.995,746284261.037,746284261.037,746284261.037,0.002230219172534824,0.014572561154046013,3.1223068415487538e-18,2.040158561566442e-17,25.44913113750832,2.1925840115531265,,,,,,,,,0.012617905638651623,0.010792270361136275,1.7665067894112273e-17,1.5109178505590785e-17,23.567531811830186,0.6710435087639048,2.098933140146187,1.0,1.3669383172935485,5.0,3.9074010359881104,108.3332176067551,1.1253314983645761,,0.7315619054266741,611.2575073242188,448.2248229980469,216.691873299474,325.628262277306,0.985275236579356,17.0,8.0
777301650.995,777303329.995,777302531.9834089,777301789.72,777303252.615,0.0070048703624401186,0.004183964910097452,9.806818507416166e-18,5.857550874136433e-18,24.206499744235266,0.5084619442386824,0.9875289301441086,-0.0008087472592257142,0.004714624858045615,-1.132246162916e-18,6.600474801263862e-18,,,,0.017985508511251212,0.003296886768604346,2.5179711915751697e-17,4.615641476046085e-18,23.182693196739287,0.18274445954241259,0.21985418540600676,22.0,29.760305114073333,85.0,63.08843447401597,1654.6824403355708,18.169469128516603,31.098525002583642,0.7405927963502573,616.3306274414062,493.7153625488281,235.75731069651013,325.6278840398782,0.984913776994926,18.590909957885742,8.0
904911894.995,904913592.995,904912856.5197296,904911910.425,904913576.91,0.014950895914632629,0.004969942692158723,2.0931254280485682e-17,6.957919769022213e-18,23.38333195495037,0.3116009973276981,0.43873799456380524,0.009337886454482162,0.0052966285458587795,1.3073041036275027e-17,7.415279964202292e-18,23.8943785281151,0.4878243634602164,0.909330053079831,0.028144130107159642,0.0041008501954436765,3.94017821500235e-17,5.7411902736211476e-18,22.696530425468126,0.1476857154112352,0.17098529324385225,37.0,47.10075298685322,98.0,76.66529377749737,1673.555118154857,22.079604607919247,31.47328531820569,0.78651695996918,527.6359252929688,222.30128479003906,218.78702615251916,325.6280807071742,0.9846813153809197,12.45945930480957,8.0
