t0,t1,t_mean,t0_data,t1_data,cps_bgsub,cps_bgsub_err,flux_bgsub,flux_bgsub_err,mag_bgsub,mag_bgsub_err_1,mag_bgsub_err_2,cps_mcatbgsub,cps_mcatbgsub_err,flux_mcatbgsub,flux_mcatbgsub_err,mag_mcatbgsub,mag_mcatbgsub_err_1,mag_mcatbgsub_err_2,cps,cps_err,flux,flux_err,mag,mag_err_1,mag_err_2,counts,flat_counts,bg_counts,bg_flat_counts,exptime,bg,mcat_bg,responses,detxs,detys,detrad,racent,deccent,q_mean,flags
754203890.995,754204006.995,754203949.9049412,754203892.376,754204000.804,0.0048055288414791016,0.062055994740450086,9.899389413446948e-19,1.2783534916532718e-17,25.875647029719012,2.858587701449437,,,,,,,,,0.19189852423983939,0.04415753409607304,3.953109599340691e-17,9.096452023791045e-18,21.872320912782982,0.22485879028147338,0.2839265739963217,17.0,18.88572423292799,71.0,63.93328936265804,98.41516138667205,18.41278733644552,,0.9003019208673618,273.74359130859375,382.15191650390625,127.51170463975038,55.57255026942592,1.0626138977920605,13.176470756530762,0.0
912490092.995,912491793.995,912490927.2067556,912490098.91,912491791.155,0.07287868477671525,0.01573584030635461,1.501300906400334e-17,3.2415831031090495e-18,22.92349868391891,0.21226096962984897,0.26409667857914343,0.013419055275475015,0.01698448206803392,2.764325386747853e-18,3.498803306014987e-18,24.760695145419483,0.8880054333389467,,0.2166235201056502,0.01220026938227405,4.4624445141763937e-17,2.5132554927484544e-18,21.740735978030845,0.05948891192436889,0.06293829665644779,262.0,315.26254529854793,875.0,726.3844369321212,1455.3477163735045,209.19871783645092,295.73315384749554,0.8312869022624197,319.00311279296875,302.1556091308594,127.01976445333896,55.57241298728031,1.062280656871666,12.763359069824219,0.0
