t0,t1,t_mean,t0_data,t1_data,cps_bgsub,cps_bgsub_err,flux_bgsub,flux_bgsub_err,mag_bgsub,mag_bgsub_err_1,mag_bgsub_err_2,cps_mcatbgsub,cps_mcatbgsub_err,flux_mcatbgsub,flux_mcatbgsub_err,mag_mcatbgsub,mag_mcatbgsub_err_1,mag_mcatbgsub_err_2,cps,cps_err,flux,flux_err,mag,mag_err_1,mag_err_2,counts,flat_counts,bg_counts,bg_flat_counts,exptime,bg,mcat_bg,responses,detxs,detys,detrad,racent,deccent,q_mean,flags
745751351.995,745752817.995,745752232.7386955,745751453.09,745752758.4,0.002379242568483271,0.004486486850784762,3.3309395958765795e-18,6.281081591098667e-18,25.378903196311352,1.1506199056456587,,0.0015579373393681982,0.004549480329702612,2.1811122751154774e-18,6.369272461583657e-18,25.83862503436383,1.4832690873296492,,0.015711310975619026,0.0032998107851207655,2.199583536586664e-17,4.619735099169072e-18,23.329468938144352,0.20698829660543794,0.25597036615104685,23.0,22.669752264486913,66.0,66.79429880166585,1442.8937406729501,19.23675805487977,20.42181422915187,1.0154430073583611,244.54269409179688,573.914794921875,233.26664968004852,351.74219604879903,-9.621859484681732,12.0,0.0
845034967.995,845035072.995,1.5e-323,5e-324,1.5e-323,-0.011886975084972298,0.010696744308013506,-1.6641765118961217e-17,1.497544203121891e-17,,,,,,,,,,,0.0,0.0,0.0,0.0,inf,,,1.5e-323,1.5e-323,5.0,4.2879230967512205,103.88865485430013,1.2349218518643519,,1.5e-323,1.5e-323,1.5e-323,565.685424949238,160000.0,1.5e-323,1.5e-323,0.0
845040885.995,845040989.995,2.5e-323,0.0,2.5e-323,-0.011424110575039842,0.010536565963236762,-1.599375480505578e-17,1.4751192348531468e-17,,,,,,,,,,,0.0,0.0,0.0,0.0,inf,,,2.5e-323,2.5e-323,5.0,4.081822615492991,102.90209513819255,1.1755649132619814,,2.5e-323,2.5e-323,2.5e-323,565.685424949238,160000.0,2.5e-323,2.5e-323,0.0
904781779.995,904783460.995,904782739.2339998,904781859.2,904783339.975,-0.002598878277903207,0.0035552588550234426,-3.63842958906449e-18,4.97736239703282e-18,,,,,,,,,,,0.00918809848234357,0.002353056112869858,1.2863337875280998e-17,3.2942785580178014e-18,23.91193589620092,0.24755904243717097,0.321211076191414,15.0,15.2470812765902,69.0,67.91583012029922,1659.438164043404,19.55975907464618,,0.9853091069624331,226.35220336914062,556.4227905273438,233.71274392106554,351.7425252397435,-9.621840954888587,12.733333587646484,0.0
