t0,t1,t_mean,t0_data,t1_data,cps_bgsub,cps_bgsub_err,flux_bgsub,flux_bgsub_err,mag_bgsub,mag_bgsub_err_1,mag_bgsub_err_2,cps_mcatbgsub,cps_mcatbgsub_err,flux_mcatbgsub,flux_mcatbgsub_err,mag_mcatbgsub,mag_mcatbgsub_err_1,mag_mcatbgsub_err_2,cps,cps_err,flux,flux_err,mag,mag_err_1,mag_err_2,counts,flat_counts,bg_counts,bg_flat_counts,exptime,bg,mcat_bg,responses,detxs,detys,detrad,racent,deccent,q_mean,flags
827574553.995,827574663.995,827574606.2535483,827574566.61,827574662.25,0.24464832971196054,0.0744535744635596,5.039755592066387e-17,1.5337436339493277e-17,21.608644362383803,0.2884678517962378,0.39399020596765766,0.23584489410370552,0.07509012748211624,4.858404818536334e-17,1.5468566261315946e-17,21.64843380380952,0.3001079056759508,0.41615654800445867,0.37864894440845986,0.06398727771680322,7.800168254814273e-17,1.3181379209661463e-17,21.134408123892424,0.1695255002510514,0.2009822793766709,31.0,35.01758835555071,49.0,43.02925090389635,92.48035382815222,12.392424260322151,13.206569100276928,0.8854278308918567,322.1283874511719,476.2004699707031,108.95182267732301,159.8624682611054,5.090177838576136,14.290322303771973,0.0
918577464.995,918579040.995,918578250.6014838,918577471.735,918579036.94,0.25488869467154557,0.01793817726382195,5.2507071102338383e-17,3.695264516347321e-18,21.564123566982456,0.07384142621132028,0.07923227960103318,0.20420444285414502,0.01891311714763735,4.206611522795387e-17,3.896102132413294e-18,21.80483703311972,0.09617141279352381,0.10552524543106756,0.35441467393034193,0.015850195367700427,7.300942282965044e-17,3.265140245746288e-18,21.20622076299064,0.04750203343441228,0.04967575964644766,401.0,499.9817477059362,607.0,487.51325377913815,1410.7253014140283,140.4038170883918,211.9053735104387,0.8023087678955025,495.1011657714844,334.24188232421875,115.62163193519302,159.86236304012496,5.0900073985815695,13.830424308776855,0.0
