t0,t1,t_mean,t0_data,t1_data,cps_bgsub,cps_bgsub_err,flux_bgsub,flux_bgsub_err,mag_bgsub,mag_bgsub_err_1,mag_bgsub_err_2,cps_mcatbgsub,cps_mcatbgsub_err,flux_mcatbgsub,flux_mcatbgsub_err,mag_mcatbgsub,mag_mcatbgsub_err_1,mag_mcatbgsub_err_2,cps,cps_err,flux,flux_err,mag,mag_err_1,mag_err_2,counts,flat_counts,bg_counts,bg_flat_counts,exptime,bg,mcat_bg,responses,detxs,detys,detrad,racent,deccent,q_mean,flags
749492566.995,749492678.995,749492602.184,749492574.816,749492629.552,0.01702745286039584,0.014127872684008757,2.3838434004554177e-17,1.977902175761226e-17,23.242125783412575,0.6559565173903188,1.9220364117341617,,,,,,,,0.01948320726426164,0.013313706023034996,2.7276490169966297e-17,1.8639188432248994e-17,23.095848873453907,0.5654313024453366,1.2485259866973557,2.0,2.141524143130445,1.0,0.9372489618998093,109.91640719537368,0.26992770102714514,,0.9342780899315362,419.96685791015625,716.1187744140625,316.74872525687186,17.200991410085948,0.01521510223380075,14.0,32.0
875775362.995,875776302.995,875776110.7845001,875775873.29,875776296.03,0.004368739888542668,0.004297153147230683,6.116235843959736e-18,6.016014406122957e-18,24.719109530211348,0.7436428406590352,4.463808986234426,,,,,,,,0.010713830536630702,0.003405472965067839,1.4999362751282983e-17,4.767662151094975e-18,23.745138068136434,0.2996712524135745,0.4153124627082754,10.0,9.897708785465724,20.0,20.35331912718808,923.825400413545,5.861755908630168,,1.0114459809639538,152.3522186279297,609.8543090820312,324.6047668454754,17.20148916512428,0.01398533726218953,9.699999809265137,96.0
878715402.995,878716883.995,878716384.0633334,878715550.29,878716866.37,0.009214787671124419,0.004345552629628686,1.2900702739574187e-17,6.0837736814801604e-18,23.90878666856246,0.4194631396033479,0.6925614845362951,,,,,,,,0.01838469758709426,0.003549573265730267,2.5738576621931965e-17,4.969402572022374e-18,23.158858773793806,0.19166677880006944,0.2329132508453391,24.0,26.826294715231665,52.0,46.4597407920847,1459.16431794142,13.380405348120396,,0.8959824886124101,387.861328125,719.5827026367188,319.8131504167368,17.20138565837148,0.01410503201311635,13.833333015441895,97.0
