t0,t1,t_mean,t0_data,t1_data,cps_bgsub,cps_bgsub_err,flux_bgsub,flux_bgsub_err,mag_bgsub,mag_bgsub_err_1,mag_bgsub_err_2,cps_mcatbgsub,cps_mcatbgsub_err,flux_mcatbgsub,flux_mcatbgsub_err,mag_mcatbgsub,mag_mcatbgsub_err_1,mag_mcatbgsub_err_2,cps,cps_err,flux,flux_err,mag,mag_err_1,mag_err_2,counts,flat_counts,bg_counts,bg_flat_counts,exptime,bg,mcat_bg,responses,detxs,detys,detrad,racent,deccent,q_mean,flags
765974611.995,765974721.995,765974673.6807692,765974613.152,765974710.395,-0.05230570355108937,0.05857814416051543,-1.077497493152441e-17,1.206709769706618e-17,,,,-0.004049255171914232,0.05421513637754399,-8.341465654143318e-19,1.1168318093774062e-17,,,,0.14208641258236537,0.038065646042417564,2.926980099196727e-17,7.841523084738018e-18,22.19861862683228,0.25771669992123236,0.3385812486371442,13.0,13.932809162783702,71.0,66.18693941078217,98.05870181082277,19.061838550305268,14.329873868242371,0.9332589505590243,318.78717041015625,539.6095581054688,161.5127004430093,199.0753504557232,7.048063718546701,15.692307472229004,0.0
830544138.995,830545845.995,830544979.0631725,830544152.3,830545843.18,-0.012378650415743618,0.01654595377161562,-2.5500019856431854e-18,3.408466476952818e-18,,,,0.06768415587847182,0.01488832109114675,1.3942936110965194e-17,3.06699414477623e-18,23.00378245752911,0.2158707389020904,0.26971838955655514,0.20413653772502557,0.011526324480650904,4.205212677135527e-17,2.3744228430140862e-18,21.805198138477056,0.05963655028564929,0.06310358136793681,290.0,313.6604827248716,1250.0,1155.1408459657657,1536.5229871164765,332.6805636381406,209.66222135402487,0.9247796856602261,558.3905639648438,681.3317260742188,322.8546280433355,199.07512902133413,7.048011786345192,8.600000381469727,32.0
893068075.995,893069749.995,893068920.4842986,893068077.525,893069745.355,-0.011430372415377981,0.016735592982664527,-2.354656717567864e-18,3.4475321544288924e-18,,,,0.06598225359838335,0.015113973406748077,1.359234424126697e-17,3.1134785217901036e-18,23.03143213844273,0.22393376136369625,0.2824502245709084,0.204184365928235,0.011671632218539587,4.206197938121641e-17,2.404356237019155e-18,21.80494378553257,0.06035408856983793,0.06390756171386514,278.0,306.04252977932794,1234.0,1122.135374519467,1498.8538832933623,323.17498786160655,207.14477274494362,0.908658750734323,474.9179382324219,714.1112060546875,322.921890304958,199.07498038907713,7.0479836922339185,7.593525409698486,32.0
