t0,t1,t_mean,t0_data,t1_data,cps_bgsub,cps_bgsub_err,flux_bgsub,flux_bgsub_err,mag_bgsub,mag_bgsub_err_1,mag_bgsub_err_2,cps_mcatbgsub,cps_mcatbgsub_err,flux_mcatbgsub,flux_mcatbgsub_err,mag_mcatbgsub,mag_mcatbgsub_err_1,mag_mcatbgsub_err_2,cps,cps_err,flux,flux_err,mag,mag_err_1,mag_err_2,counts,flat_counts,bg_counts,bg_flat_counts,exptime,bg,mcat_bg,responses,detxs,detys,detrad,racent,deccent,q_mean,flags
753464602.995,753464866.995,753464685.9640001,753464650.215,753464755.378,0.012768387054689703,0.009067241551288185,1.7875741876565587e-17,1.269413817180346e-17,23.55465990200402,0.5825741493657439,1.3444997007930297,0.006153803043582942,0.010528328476196204,8.615324261016119e-18,1.4739659866674686e-17,24.34714101934958,1.082769871335234,,0.015881248596449554,0.008291021312411995,2.2233748035029375e-17,1.1607429837376794e-17,23.317788389968904,0.4560819773662992,0.8015746581957401,3.0,3.6690465771009855,3.0,2.4970997844608998,231.0301079174118,0.7191647379247393,2.247332795839521,0.868035902188677,374.3423767089844,457.83837890625,63.273941772633485,31.625743256770733,-4.091950993963383,12.333333015441895,40.0
847921837.995,847921955.995,847921927.3800001,847921922.07,847921932.69,0.018330270625966948,0.014904308412109752,2.5662378876353728e-17,2.0866031776953655e-17,23.162077807794063,0.646053263305415,1.8209657705328297,,,,,,,,0.022175339796727787,0.01375909633308905,3.1045475715418906e-17,1.926273486632467e-17,22.955324291681606,0.5241013778171073,1.0518799828503518,2.0,2.597531027927464,2.0,1.5638753339062559,117.13601918788898,0.4503960961650018,,0.7699997224711956,245.84930419921875,109.5643310546875,328.80893359453626,31.6272082127361,-4.09110819420348,10.5,32.0
877959182.995,877959303.995,877959282.15,877959282.15,877959282.15,0.011899210797116297,0.011229026289381301,1.6658895115962816e-17,1.5720636805133824e-17,23.631204604464763,0.7215609310103517,3.12330943482862,0.004852812451925198,0.013627231764505964,6.793937432695278e-18,1.907812447030835e-17,24.605016231668458,1.4517737466775245,,0.013402058528054423,0.010647881989801211,1.8762881939276193e-17,1.4907034785721696e-17,23.502071224477433,0.634856240929917,1.7179493395583911,1.0,1.5842239040176238,1.0,0.6168329203730926,118.20750526505913,0.17764788106745066,1.0105850505563314,0.6312239055754555,700.6473388671875,506.3077087402344,318.8889325541418,31.6259344827665,-4.09311444912691,15.0,40.0
