t0,t1,t_mean,t0_data,t1_data,cps_bgsub,cps_bgsub_err,flux_bgsub,flux_bgsub_err,mag_bgsub,mag_bgsub_err_1,mag_bgsub_err_2,cps_mcatbgsub,cps_mcatbgsub_err,flux_mcatbgsub,flux_mcatbgsub_err,mag_mcatbgsub,mag_mcatbgsub_err_1,mag_mcatbgsub_err_2,cps,cps_err,flux,flux_err,mag,mag_err_1,mag_err_2,counts,flat_counts,bg_counts,bg_flat_counts,exptime,bg,mcat_bg,responses,detxs,detys,detrad,racent,deccent,q_mean,flags
753889498.995,753889622.995,753889549.4031111,753889512.897,753889613.477,0.041066751538997324,0.032033091450718955,5.749345215459626e-17,4.484632803100654e-17,22.286274123343393,0.6260652337006611,1.6440665135843986,0.04357264530546204,0.031700824198190036,6.100170342764685e-17,4.438115387746605e-17,22.221965182861375,0.5935700178376209,1.4117414577944203,0.0812450522724257,0.026202709627258482,1.13743073181396e-16,3.668379347816188e-17,21.54550769390998,0.30350112819849784,0.42275003225565655,9.0,9.613940647269052,18.0,16.508347096363156,118.33262922931235,4.75440396375259,4.457874965797475,0.9367263763820008,291.61865234375,258.4071960449219,178.31163352862347,54.94645298348545,0.9923323635833685,7.333333492279053,0.0
912300802.995,912302507.995,912301625.9752604,912300804.785,912302470.09,0.03837548020738334,0.0074206501234745205,5.372567229033668e-17,1.0388910172864329e-17,22.359865442460386,0.19193739909911756,0.23331349643336097,0.030813782934209853,0.0077215314611783735,4.3139296107893796e-17,1.0810144045649724e-17,22.59813745279571,0.2427847192573438,0.31319685148077525,0.06488493068284339,0.006252506181171952,9.083890295598075e-17,8.753508653640733e-18,21.78964038747521,0.09988592040267008,0.1100149799995691,96.0,107.69100515065591,172.0,152.77202066550353,1659.722897401987,43.998341951665026,56.548664059173234,0.892602926135058,303.8746337890625,260.1661682128906,169.68673059922054,54.94666453103321,0.9922674249458024,7.010416507720947,0.0
