t0,t1,t_mean,t0_data,t1_data,cps_bgsub,cps_bgsub_err,flux_bgsub,flux_bgsub_err,mag_bgsub,mag_bgsub_err_1,mag_bgsub_err_2,cps_mcatbgsub,cps_mcatbgsub_err,flux_mcatbgsub,flux_mcatbgsub_err,mag_mcatbgsub,mag_mcatbgsub_err_1,mag_mcatbgsub_err_2,cps,cps_err,flux,flux_err,mag,mag_err_1,mag_err_2,counts,flat_counts,bg_counts,bg_flat_counts,exptime,bg,mcat_bg,responses,detxs,detys,detrad,racent,deccent,q_mean,flags
777396303.995,777397999.995,777397132.0766894,777396307.85,777397977.62,0.08940824154775326,0.016118463640210495,1.841809775883717e-17,3.320403509883362e-18,22.701556116496207,0.17996206292953332,0.21583536940867631,0.03525769400853803,0.017231835410250532,7.263084965758834e-18,3.54975809451161e-18,23.711865239175467,0.43204693725415666,0.7283948608940243,0.23414783787278484,0.012671079587774317,4.823445460179368e-17,2.610242395081509e-18,21.65627462037477,0.05722072832676872,0.06040498413235085,293.0,341.4704022805281,853.0,732.9220432087438,1458.3538561908601,211.08154844411825,290.0522082627793,0.8584130154031087,321.5641174316406,325.63946533203125,108.08180601000173,338.9840032013192,0.6091007809193968,14.088737487792969,0.0
1002452377.995,1002452501.995,1002452453.1734209,1002452381.24,1002452492.7,0.0754676442783031,0.060995129991149616,1.554633472133044e-17,1.256499677817682e-17,22.885598015736402,0.6431335061883701,1.7930420168356314,,,,,,,,0.23295770017571277,0.04711424442146784,4.798928623619683e-17,9.705534350822374e-18,21.661807324559547,0.19998134155888536,0.24532449403569245,19.0,24.44835702417665,74.0,57.38960799048603,104.94762356314479,16.52820710125998,,0.7774807851475739,438.9975280761719,314.4476013183594,94.02138116531897,338.98423952045204,0.6090177856679077,14.0,0.0
