t0,t1,t_mean,t0_data,t1_data,cps_bgsub,cps_bgsub_err,flux_bgsub,flux_bgsub_err,mag_bgsub,mag_bgsub_err_1,mag_bgsub_err_2,cps_mcatbgsub,cps_mcatbgsub_err,flux_mcatbgsub,flux_mcatbgsub_err,mag_mcatbgsub,mag_mcatbgsub_err_1,mag_mcatbgsub_err_2,cps,cps_err,flux,flux_err,mag,mag_err_1,mag_err_2,counts,flat_counts,bg_counts,bg_flat_counts,exptime,bg,mcat_bg,responses,detxs,detys,detrad,racent,deccent,q_mean,flags
824515008.995,824515114.995,824515045.8725,824515010.985,824515110.41,-0.060601527711181276,0.060081958516390824,-1.2483914708503342e-17,1.2376883454376509e-17,,,,-0.025396363736389958,0.05681196122673882,-5.2316509296963314e-18,1.1703264012708197e-17,,,,0.13593529095745524,0.03841780803032888,2.800266993723578e-17,7.91406845424775e-18,22.24666944723446,0.2702436247842108,0.3606243453621438,12.0,12.519854393315304,66.0,62.851911604347556,92.10157498565802,18.1013505420521,14.85889949234547,0.9585492778430833,597.3014526367188,581.1154174804688,267.82579722962436,139.71811405091668,18.956135248933332,9.333333015441895,0.0
853246264.995,853246323.995,853246294.9783334,853246272.79,853246321.51,0.045339226367484,0.08569757169137997,9.339880631701703e-18,1.7653699768424273e-17,23.43881473650518,1.152297917433927,,0.04416534665946174,0.08583185480561727,9.098061411849119e-18,1.7681362089957158e-17,23.467295890951732,1.1721308986158299,,0.2098113223192353,0.06416270766454484,4.322113239776247e-17,1.3217517778896236e-17,21.77542769779077,0.28970119271333417,0.3963064067942561,9.0,10.69282541467695,35.0,29.104711202180066,50.964005643162764,8.382156826227861,8.441982438291902,0.8419509925308498,535.4242553710938,163.08242797851562,272.8913059724887,139.7188270331111,18.95532871088889,11.777777671813965,0.0
952432979.995,952434595.995,952433750.5511057,952432999.33,952434586.81,0.04970727820644332,0.01448547252838004,1.0239699310527324e-17,2.9840073408462884e-18,23.338950041573373,0.2776650068535105,0.374020916662694,0.022365073120416763,0.015136180150559841,4.607205062805853e-18,3.1180531110153273e-18,24.206074194014292,0.5611886486385558,1.2262463192824278,0.17367788653502228,0.011065042446010009,3.577764462621459e-17,2.2793987438780617e-18,21.9806386859949,0.06705824800187443,0.07147419984088543,208.0,246.36719716794255,723.0,610.6109689780574,1418.529451751835,175.85595906568057,214.64168225604806,0.8445164706171912,585.0733032226562,207.61166381835938,266.95580058220355,139.71833348381443,18.955704821036917,10.230769157409668,0.0
