t0,t1,t_mean,t0_data,t1_data,cps_bgsub,cps_bgsub_err,flux_bgsub,flux_bgsub_err,mag_bgsub,mag_bgsub_err_1,mag_bgsub_err_2,cps_mcatbgsub,cps_mcatbgsub_err,flux_mcatbgsub,flux_mcatbgsub_err,mag_mcatbgsub,mag_mcatbgsub_err_1,mag_mcatbgsub_err_2,cps,cps_err,flux,flux_err,mag,mag_err_1,mag_err_2,counts,flat_counts,bg_counts,bg_flat_counts,exptime,bg,mcat_bg,responses,detxs,detys,detrad,racent,deccent,q_mean,flags
753629849.995,753629969.995,753629915.0944737,753629853.458,753629963.455,0.08384020606554811,0.05270618004093836,1.727108244950291e-17,1.0857473088433303e-17,22.771369157335137,0.5295696833582717,1.0755426324124109,,,,,,,,0.1890834347173824,0.0422448214635384,3.8951187551780773e-17,8.70243322148891e-18,21.888366293249103,0.2189380032988275,0.2745330208322727,19.0,20.033646551404555,41.0,38.717579591599524,105.95135730080361,11.150662922380665,,0.9486042712503475,498.4366760253906,599.9032592773438,222.82525049157385,34.14989443410659,-0.15517705423266107,12.368420600891113,0.0
908863633.995,908865004.995,908864389.4354268,908863667.065,908865002.46,0.07707975679653939,0.014373904690308737,1.5878429900087113e-17,2.9610243662035997e-18,22.862649160770818,0.18565190527733222,0.22408065466261107,,,,,,,,0.1650338917067043,0.01160944203875881,3.399698169158108e-17,2.391545059984315e-18,22.036067147499473,0.0738102786434709,0.07919641712914682,164.0,202.08011797924303,460.0,373.9505870834598,1224.476475040513,107.69776908003645,,0.8117932139913336,419.96722412109375,241.1289520263672,160.12089158926867,34.14965461699251,-0.15527078992000523,12.469511985778809,0.0
908887268.995,908888965.995,908888170.7374573,908887273.88,908888958.98,0.017851978917606478,0.01263816627392219,3.677507657026934e-18,2.603462252427971e-18,24.450784086784203,0.581182817895229,1.3363273609393964,,,,,,,,0.12872858124699704,0.0092634647153984,2.651808773688139e-17,1.9082737313720703e-18,22.305812542999742,0.07544767758623294,0.08108467934331642,175.0,193.10924342873116,637.0,577.5312661716528,1500.1271788912532,166.32900465743603,,0.9064236381409444,180.85877990722656,350.7633972167969,224.60435747638624,34.149681778292965,-0.15517353065246792,10.291428565979004,0.0
