t0,t1,t_mean,t0_data,t1_data,cps_bgsub,cps_bgsub_err,flux_bgsub,flux_bgsub_err,mag_bgsub,mag_bgsub_err_1,mag_bgsub_err_2,cps_mcatbgsub,cps_mcatbgsub_err,flux_mcatbgsub,flux_mcatbgsub_err,mag_mcatbgsub,mag_mcatbgsub_err_1,mag_mcatbgsub_err_2,cps,cps_err,flux,flux_err,mag,mag_err_1,mag_err_2,counts,flat_counts,bg_counts,bg_flat_counts,exptime,bg,mcat_bg,responses,detxs,detys,detrad,racent,deccent,q_mean,flags
864647819.995,864647892.995,864647832.8400002,864647824.58,864647847.615,-0.03856981634990373,0.04825278542407955,-7.945382168080168e-18,9.940073797360386e-18,,,,-0.06163044946939764,0.05176737729823695,-1.2695872590695914e-17,1.0664079723436812e-17,,,,0.05708522538925946,0.029499012335897988,1.1759556430187448e-17,6.076796541194985e-18,23.18869069970929,0.4522877943010961,0.7895790852389339,3.0,3.7448332935327224,27.0,21.78834016233215,65.60074464096466,6.275041966751661,7.7878366712825535,0.8011300949021333,412.4692687988281,226.6833953857422,173.76457665298875,224.86831305933333,16.653518066933334,15.0,0.0
989528458.995,989529042.995,989528753.8570715,989528466.95,989529031.94,0.05410127205016077,0.02144493511058742,1.1144862042333119e-17,4.417656632781009e-18,23.246981308681317,0.36251297174858976,0.5481000204877162,0.027864741182751993,0.02256653552688123,5.74013668364691e-18,4.648706318537533e-18,23.96736246616189,0.6441123732209526,1.802315504033043,0.14926488534604512,0.01675821053541369,3.0748566381285295e-17,3.4521913702952203e-18,22.145105870742753,0.11552714078509396,0.12929973998250333,70.0,79.33412186608234,199.0,175.6227620329327,531.498896623675,50.579355465484625,64.52404267274538,0.8827545367659327,228.8306884765625,432.3182373046875,174.19357528304448,224.8687489112309,16.65335763608482,12.128571510314941,0.0
990823131.995,990824168.995,990823669.8150498,990823149.21,990824162.52,0.008257711302800001,0.015613926054772725,1.7010885283768003e-18,3.2164687672831813e-18,25.287850761328443,1.1525562821351443,,0.0007294904382300224,0.01586744325366354,1.502750302753846e-19,3.2686933102546893e-18,27.92245099058175,3.3925206378358297,,0.11910971525547501,0.011237195538470683,2.453660134262785e-17,2.3148622809249605e-18,22.39013203395543,0.09788389120420149,0.10759090798152471,100.0,112.35140211270937,408.0,363.0633169563922,943.2597657691488,104.56223528344098,111.66330313281368,0.8902524601769275,266.4072570800781,500.1060485839844,166.9378385027414,224.86895132357816,16.653383151020638,11.630000114440918,0.0
