t0,t1,t_mean,t0_data,t1_data,cps_bgsub,cps_bgsub_err,flux_bgsub,flux_bgsub_err,mag_bgsub,mag_bgsub_err_1,mag_bgsub_err_2,cps_mcatbgsub,cps_mcatbgsub_err,flux_mcatbgsub,flux_mcatbgsub_err,mag_mcatbgsub,mag_mcatbgsub_err_1,mag_mcatbgsub_err_2,cps,cps_err,flux,flux_err,mag,mag_err_1,mag_err_2,counts,flat_counts,bg_counts,bg_flat_counts,exptime,bg,mcat_bg,responses,detxs,detys,detrad,racent,deccent,q_mean,flags
753629995.995,753630115.995,753630093.0416666,753630088.154,753630095.928,0.016811775783570154,0.01816491796852389,2.353648609699822e-17,2.5430885155933447e-17,23.25596602689009,0.7954129130254408,,0.015586778570701686,0.018448936924291816,2.1821489998982363e-17,2.5828511694008544e-17,23.338109085590084,0.8479462974062493,,0.0278406489021583,0.015373350102457134,3.897690846302162e-17,2.152269014343999e-17,22.708301616319062,0.4773627603010411,0.8722674631883685,3.0,3.2796059955518273,5.0,4.511084589915386,117.79919380031338,1.2991923618956316,1.443496045979168,0.9147440284195539,344.6665344238281,272.3951721191406,139.08552948158606,35.1582076085051,0.3482655108739894,7.666666507720947,0.0
908881353.995,908883049.995,908882214.2610638,908881413.76,908882990.9,0.017051037259248208,0.004983108055092555,2.387145216294749e-17,6.976351277129577e-18,23.240622991493122,0.27836351464558007,0.3752951241426743,0.018004825226226286,0.004925471667264025,2.5206755316716803e-17,6.895660334169636e-18,23.181527724978324,0.26255191962805213,0.34700657573785065,0.029261008011420547,0.004185745350379592,4.0965411215988765e-17,5.860043490531429e-18,22.654276792394754,0.14516171159410973,0.1676094803289203,47.0,48.86894451479929,73.0,70.80530729266547,1670.104614841901,20.39192850028766,18.799002815056895,0.9624031933671244,434.4819641113281,526.3661499023438,130.98629581035007,35.158086953337204,0.3484663004140898,15.531914710998535,0.0
