t0,t1,t_mean,t0_data,t1_data,cps_bgsub,cps_bgsub_err,flux_bgsub,flux_bgsub_err,mag_bgsub,mag_bgsub_err_1,mag_bgsub_err_2,cps_mcatbgsub,cps_mcatbgsub_err,flux_mcatbgsub,flux_mcatbgsub_err,mag_mcatbgsub,mag_mcatbgsub_err_1,mag_mcatbgsub_err_2,cps,cps_err,flux,flux_err,mag,mag_err_1,mag_err_2,counts,flat_counts,bg_counts,bg_flat_counts,exptime,bg,mcat_bg,responses,detxs,detys,detrad,racent,deccent,q_mean,flags
749492853.995,749492965.995,749492915.7245883,749492866.412,749492962.787,0.052077662981522346,0.05879228325104797,1.0727998574193602e-17,1.2111210349715882e-17,23.288371283113964,0.8204058753976398,,,,,,,,,0.1955377525235523,0.0446516147971918,4.0280777019851774e-17,9.19823264822151e-18,21.8519234520668,0.2233078975344398,0.2814531931179829,17.0,19.17727514724481,55.0,48.85341077025007,98.07454008112796,14.069782301832022,,0.8865910087062234,340.2516784667969,454.5206604003906,80.88488323864816,15.734659279046472,0.18300799729362027,15.411765098571777,0.0
876851959.995,876853658.995,876852845.1473581,876851972.12,876853658.325,0.08256093239005015,0.013842570272609126,1.700755207235033e-17,2.85156947615748e-18,22.788063527616792,0.16829556152920588,0.1992544732295798,0.0377579736215059,0.014876207735839022,7.778142566030216e-18,3.0644987935828386e-18,23.63747830318947,0.36064798456408553,0.5437978522765299,0.1858830241729928,0.011097716239886484,3.829190297963651e-17,2.286129545416616e-18,21.90690067625117,0.06296009011576231,0.06683701375437323,229.0,280.55126218678856,663.0,541.4685038564518,1509.2893147988189,155.94292911065816,223.56355605139404,0.8166096505411321,347.1220703125,334.2718200683594,84.35798175135723,15.734764416677718,0.18296773005690953,14.03056812286377,0.0
876864028.995,876865490.995,876864782.3009853,876864029.595,876865488.74,0.06042693000079832,0.015478510491315687,1.2447947580164454e-17,3.1885731612110312e-18,23.126923673967678,0.2476059362039571,0.32129026218722956,,,,,,,,0.15984780750577476,0.01215367098520327,3.29286483461896e-17,2.5036562229518733e-18,22.070733290483762,0.0795637405682399,0.08585857427135934,137.0,172.98100542263148,471.0,373.5741676194306,1082.160638433419,107.58936027439604,,0.7921973568526437,461.88604736328125,356.7767333984375,75.48598302969921,15.734787053533069,0.1831166160496098,14.394160270690918,0.0
