t0,t1,t_mean,t0_data,t1_data,cps_bgsub,cps_bgsub_err,flux_bgsub,flux_bgsub_err,mag_bgsub,mag_bgsub_err_1,mag_bgsub_err_2,cps_mcatbgsub,cps_mcatbgsub_err,flux_mcatbgsub,flux_mcatbgsub_err,mag_mcatbgsub,mag_mcatbgsub_err_1,mag_mcatbgsub_err_2,cps,cps_err,flux,flux_err,mag,mag_err_1,mag_err_2,counts,flat_counts,bg_counts,bg_flat_counts,exptime,bg,mcat_bg,responses,detxs,detys,detrad,racent,deccent,q_mean,flags
753464460.995,753464570.995,753464508.3655,753464480.598,753464536.133,0.020731916480510704,0.016365537783103498,2.9024683072714986e-17,2.29117528963449e-17,23.02840137351123,0.6317616436944888,1.6912951277273223,,,,,,,,0.02484457129815978,0.015158895393059113,3.47823998174237e-17,2.122245355028276e-17,22.831921231895627,0.5171653039423454,1.0227539358194093,2.0,2.686135412704646,2.0,1.54392488544925,108.11759963447653,0.44465036700938404,,0.7446170447678714,601.544921875,447.1452331542969,206.98557568771034,32.05407714992375,-3.77387030029268,19.0,0.0
847921987.995,847922106.995,847922054.7625,847922011.425,847922098.1,0.01704416007618387,0.01801030186166066,2.386182410665742e-17,2.5214422606324925e-17,23.2410609890602,0.7829192524953719,,,,,,,,,0.02542344036867167,0.015619327231966558,3.559281651614034e-17,2.1867058124753183e-17,22.80691419975497,0.520005795971926,1.0345650146325376,2.0,2.6493784098103683,4.0,3.0319630415022254,104.2100664344034,0.873205355952641,,0.7566834280786762,579.1865234375,366.00018310546875,182.38365532711364,32.053828308781746,-3.772548173235195,15.0,0.0
877959341.995,877959460.995,2.5e-323,8.487983166e-314,2.5e-323,-0.017881305422136822,0.012405365285230138,-2.5033827590991554e-17,1.7367511399322193e-17,,,,,,,,,,,0.0,0.0,0.0,0.0,inf,,,2.5e-323,2.5e-323,7.0,7.2141777858305405,116.19303810710886,2.077683202319196,,2.5e-323,2.5e-323,2.5e-323,565.685424949238,160000.0,2.5e-323,2.5e-323,0.0
