t0,t1,t_mean,t0_data,t1_data,cps_bgsub,cps_bgsub_err,flux_bgsub,flux_bgsub_err,mag_bgsub,mag_bgsub_err_1,mag_bgsub_err_2,cps_mcatbgsub,cps_mcatbgsub_err,flux_mcatbgsub,flux_mcatbgsub_err,mag_mcatbgsub,mag_mcatbgsub_err_1,mag_mcatbgsub_err_2,cps,cps_err,flux,flux_err,mag,mag_err_1,mag_err_2,counts,flat_counts,bg_counts,bg_flat_counts,exptime,bg,mcat_bg,responses,detxs,detys,detrad,racent,deccent,q_mean,flags
753629849.995,753629969.995,753629912.5108191,753629852.434,753629967.432,1.074722832959786,0.1108616538903043,2.2139290358971592e-16,2.2837500701402684e-17,20.001758810618746,0.1065900806458977,0.11820496744961062,1.0415700147614104,0.1122640295447928,2.1456342304085054e-16,2.3126390086227316e-17,20.03577882820676,0.11113720028858864,0.12382433618674327,1.1884487337181837,0.10590999896525699,2.4482043914594583e-16,2.181745978684294e-17,19.89254886938622,0.09268551468750275,0.10134251819232887,105.0,125.91775641986288,50.0,41.83824147780809,105.95135730080361,12.049413545608731,15.561999632073405,0.8341120693886771,438.2735595703125,281.25048828125,124.76502673274993,34.509011761037634,-0.5593345712730042,15.095237731933594,0.0
908887268.995,908888965.995,908888106.9072986,908887269.36,908888964.56,1.175039323911647,0.03061857390764565,2.420581007257993e-16,6.307426224975004e-18,19.904868997582604,0.02792923606900999,0.02866669343757522,1.1513015855823692,0.030875894892085674,2.3716812662996803e-16,6.360434347769648e-18,19.927027243058625,0.02873394839059884,0.02951511099598747,1.2907020779781322,0.029332492266915033,2.6588462806349523e-16,6.042493406984497e-18,19.80293497686981,0.02439823948683184,0.024959135567787172,1651.0,1936.2172670264135,706.0,602.4612533352398,1500.1271788912532,173.5088409605491,209.11846739370756,0.8528584191910952,466.729736328125,504.7842102050781,124.22796955083459,34.50897323294222,-0.5592143626187188,13.880678176879883,0.0
