t0,t1,t_mean,t0_data,t1_data,cps_bgsub,cps_bgsub_err,flux_bgsub,flux_bgsub_err,mag_bgsub,mag_bgsub_err_1,mag_bgsub_err_2,cps_mcatbgsub,cps_mcatbgsub_err,flux_mcatbgsub,flux_mcatbgsub_err,mag_mcatbgsub,mag_mcatbgsub_err_1,mag_mcatbgsub_err_2,cps,cps_err,flux,flux_err,mag,mag_err_1,mag_err_2,counts,flat_counts,bg_counts,bg_flat_counts,exptime,bg,mcat_bg,responses,detxs,detys,detrad,racent,deccent,q_mean,flags
753464460.995,753464570.995,5e-324,-1.4916681462400413e-154,5e-324,-0.011647238619971224,0.010379185860391328,-1.6306134067959715e-17,1.453086020454786e-17,,,,-0.00968924693316935,0.009466660763106859,-1.356494570643709e-17,1.3253325068349604e-17,,,,0.0,0.0,0.0,0.0,inf,,,5e-324,5e-324,4.0,4.372470423476603,108.11759963447653,1.2592714819612618,1.0475781206799832,5e-324,5e-324,5e-324,565.685424949238,160000.0,5e-324,5e-324,0.0
847921987.995,847922106.995,847922082.15,847922082.15,847922082.15,0.0020662350820889303,0.013090712444654344,2.8927291149245028e-18,1.8326997422516084e-17,25.53205067237743,2.1635800401010528,,,,,,,,,0.009962187862409507,0.00977738073748158,1.394706300737331e-17,1.3688333032474212e-17,23.824113181996307,0.7424573247738593,4.329090041252972,1.0,1.038160258973702,3.0,2.857075568750415,104.2100664344034,0.8228377638001196,,0.963242419805757,426.166015625,521.9635009765625,124.7387507719542,32.2630179866116,-3.47300074053072,15.0,0.0
877959341.995,877959460.995,877959434.22,877959434.22,877959434.22,0.004609266312082547,0.011009923251722554,6.452972836915566e-18,1.5413892552411576e-17,24.660920496706147,1.3250667361965895,,,,,,,,,0.009347000822760312,0.008969042599853767,1.3085801151864438e-17,1.2556659639795274e-17,23.893319297704863,0.7303984588475245,3.4830712064312905,1.0,1.0860564227861669,2.0,1.9114297449324522,116.19303810710886,0.5504917665405463,,0.920762475152628,293.4163818359375,331.0714416503906,126.92995634245754,32.2619223224319,-3.47384691578979,6.0,0.0
