t0,t1,t_mean,t0_data,t1_data,cps_bgsub,cps_bgsub_err,flux_bgsub,flux_bgsub_err,mag_bgsub,mag_bgsub_err_1,mag_bgsub_err_2,cps_mcatbgsub,cps_mcatbgsub_err,flux_mcatbgsub,flux_mcatbgsub_err,mag_mcatbgsub,mag_mcatbgsub_err_1,mag_mcatbgsub_err_2,cps,cps_err,flux,flux_err,mag,mag_err_1,mag_err_2,counts,flat_counts,bg_counts,bg_flat_counts,exptime,bg,mcat_bg,responses,detxs,detys,detrad,racent,deccent,q_mean,flags
749492145.995,749492246.995,5e-324,1.2882297539194267e-231,5e-324,-0.009961522987987853,0.010467864963278454,-1.3946132183182996e-17,1.4655010948589836e-17,,,,,,,,,,,0.0,0.0,0.0,0.0,inf,,,5e-324,5e-324,3.0,3.1444360895638512,90.90955217253509,0.9055975937943893,,5e-324,5e-324,5e-324,565.685424949238,160000.0,5e-324,5e-324,0.0
875810858.995,875812453.995,875811769.2665218,875810869.61,875812406.455,0.009203496833314227,0.0041175772344471066,1.2884895566639918e-17,5.76460812822595e-18,23.91011783194255,0.4014659396168838,0.6439584422629565,0.0063974711445162515,0.0043281942933005605,8.956459602322753e-18,6.059472010620785e-18,24.304979160751465,0.5610397758320218,1.2254743408203908,0.017974238437627778,0.0033755602516918415,2.516393381267889e-17,4.725784352368579e-18,23.183373753662075,0.18685821453191664,0.22584240868194527,23.0,28.353669221199077,59.0,48.03995574004015,1577.4615052308814,13.835507253131565,18.26190475989934,0.8127617538672957,517.0448608398438,510.8406066894531,161.1990680503595,18.041521749070338,0.33105103338092695,17.60869598388672,65.0
877053101.995,877054787.995,877053971.97,877053236.31,877054674.67,0.0013365880869042252,0.003395985084286226,1.8712233216659154e-18,4.754379118000716e-18,26.00500603522447,1.372749378712406,,-0.0010751258919559955,0.003602235343974635,-1.5051762487383937e-18,5.043129481564489e-18,,,,0.010303150116053922,0.0024832084320056346,1.4424410162475493e-17,3.476491804807888e-18,23.787574931232673,0.23444212752384175,0.2994162827898528,16.0,17.21526476770869,55.0,52.02081457867795,1670.8739146568978,14.981994598659252,19.011664575550192,0.9301789339657085,476.68707275390625,545.3894653320312,164.37458367125018,18.041804099632895,0.3312388052262521,18.25,65.0
