t0,t1,t_mean,t0_data,t1_data,cps_bgsub,cps_bgsub_err,flux_bgsub,flux_bgsub_err,mag_bgsub,mag_bgsub_err_1,mag_bgsub_err_2,cps_mcatbgsub,cps_mcatbgsub_err,flux_mcatbgsub,flux_mcatbgsub_err,mag_mcatbgsub,mag_mcatbgsub_err_1,mag_mcatbgsub_err_2,cps,cps_err,flux,flux_err,mag,mag_err_1,mag_err_2,counts,flat_counts,bg_counts,bg_flat_counts,exptime,bg,mcat_bg,responses,detxs,detys,detrad,racent,deccent,q_mean,flags
754735761.995,754737465.995,754736623.9558307,754735762.255,754737464.945,0.009798001089391344,0.015764864199576418,1.3717201525147882e-17,2.2070809879406987e-17,23.84215629148157,1.041180119955417,,0.20004714282946578,0.011641537049888242,2.800659999612521e-16,1.6298151869843538e-17,20.56716911761396,0.06141320412000084,0.06509633100347045,0.21410463315750625,0.011277207780206862,2.9974648642050877e-16,1.5788090892289607e-17,20.493434836516737,0.0557321413216485,0.0587484687243105,319.0,360.4532670477329,1344.0,1194.29847483431,1683.5379119636573,343.95796075228134,23.666317914318547,0.88638858714455,403.11090087890625,197.25465393066406,202.7692113143738,50.67833881145981,-37.207827994449026,9.874608039855957,0.0
876219863.995,876219969.995,876219921.44725,876219864.845,876219968.37,-0.03359291827357473,0.06544504425433141,-4.7030085583004626e-17,9.162306195606398e-17,,,,0.19574163829811225,0.045798401697826015,2.7403829361735715e-16,6.411776237695643e-17,20.590791952722327,0.22826478741750478,0.2893908445866451,0.20791760714465932,0.04451355427669417,2.9108465000252306e-16,6.231897598737184e-17,20.52527182907651,0.21062924272942496,0.26157111086755336,20.0,21.817148672106295,98.0,87.9934403011125,104.93170334019354,25.342110806720406,1.2776451508853164,0.9175371415612255,387.1346740722656,277.7883605957031,122.88694567411432,50.67832250475448,-37.207663714506864,8.050000190734863,0.0
882697897.995,882698004.995,882697952.2875,882697903.63,882697998.1,-0.03183023974217686,0.0692317205350662,-4.4562335639047605e-17,9.692440874909267e-17,,,,0.21969713164786808,0.04871665910921022,3.075759843070153e-16,6.820332275289431e-17,20.465439032910773,0.21745109682303365,0.2721946845733356,0.2332003544084396,0.04736465489018856,3.2648049617181544e-16,6.631051684626398e-17,20.40067698472346,0.20076075216629974,0.246500148364742,24.0,24.24095122114417,96.0,95.65858974591181,103.9490325074175,27.549673846822603,1.4036469416935466,0.9904149860420638,277.7729187011719,414.2831115722656,123.05879358670849,50.678736862005586,-37.207805206871484,8.208333015441895,0.0
