t0,t1,t_mean,t0_data,t1_data,cps_bgsub,cps_bgsub_err,flux_bgsub,flux_bgsub_err,mag_bgsub,mag_bgsub_err_1,mag_bgsub_err_2,cps_mcatbgsub,cps_mcatbgsub_err,flux_mcatbgsub,flux_mcatbgsub_err,mag_mcatbgsub,mag_mcatbgsub_err_1,mag_mcatbgsub_err_2,cps,cps_err,flux,flux_err,mag,mag_err_1,mag_err_2,counts,flat_counts,bg_counts,bg_flat_counts,exptime,bg,mcat_bg,responses,detxs,detys,detrad,racent,deccent,q_mean,flags
753889977.995,753890107.995,753890046.1213601,753889998.441,753890097.676,0.03825652212207741,0.062299394130933695,7.880843557147947e-18,1.2833675190972341e-17,23.623236284925248,1.0492553539192357,,,,,,,,,0.23230844395291222,0.045986240679409374,4.7855539454299914e-17,9.47316557995833e-18,21.66483751041646,0.19609978912529158,0.23950096178207403,25.0,25.519618384055423,76.0,74.0175388571856,109.85230648451214,21.317051190869456,,0.9797130948374969,511.3519287109375,633.7471313476562,258.91499269239733,53.41994150934408,-0.11227257874812129,11.399999618530273,0.0
849774426.995,849774533.995,849774482.5417858,849774429.34,849774529.41,0.01686925024770059,0.05993225030533434,3.475065551026322e-18,1.2346043562898874e-17,24.512260547902148,1.6456848113773006,,,,,,,,,0.1723445804664632,0.043455198334986254,3.550298357609142e-17,8.951770857007169e-18,21.98900592207489,0.2441334100440784,0.3154512234795739,14.0,15.729386698587305,55.0,49.27006763303105,91.26708049661075,14.189779478312945,,0.8901574700677015,160.9480743408203,294.9665222167969,261.1088941736696,53.419714377215016,-0.11218243401917442,8.642857551574707,0.0
912537424.995,912539115.995,912538231.680487,912537426.435,912539108.845,0.08249549349175454,0.01745343975372602,1.6994071659301436e-17,3.59540858926756e-18,22.788924437871238,0.20836984601073993,0.2580899474145255,0.06859855940078897,0.01772688044856292,1.4131303236562528e-17,3.651737372403962e-18,22.98921251142034,0.24955951108121965,0.32459731062794006,0.2612809025595046,0.013448560572329788,5.3823865927257947e-17,2.7704034778999363e-18,21.53723083098331,0.054493924651389136,0.05737421668059994,349.0,377.4537361120586,971.0,896.8000950355452,1444.6281087309724,258.278427370237,278.35432898322756,0.9249300073776043,133.7628631591797,387.6099548339844,266.5252825763695,53.41974939294487,-0.11214208777379067,8.349570274353027,0.0
