t0,t1,t_mean,t0_data,t1_data,cps_bgsub,cps_bgsub_err,flux_bgsub,flux_bgsub_err,mag_bgsub,mag_bgsub_err_1,mag_bgsub_err_2,cps_mcatbgsub,cps_mcatbgsub_err,flux_mcatbgsub,flux_mcatbgsub_err,mag_mcatbgsub,mag_mcatbgsub_err_1,mag_mcatbgsub_err_2,cps,cps_err,flux,flux_err,mag,mag_err_1,mag_err_2,counts,flat_counts,bg_counts,bg_flat_counts,exptime,bg,mcat_bg,responses,detxs,detys,detrad,racent,deccent,q_mean,flags
764175850.995,764175972.995,764175918.1693333,764175863.411,764175971.251,0.0040443548540161365,0.044855411342883955,8.331370999273241e-19,9.240214736634095e-18,26.062876865405364,2.706143822026334,,-0.004567732029452621,0.04571828836784616,-9.409527980672398e-19,9.417967403776309e-18,,,,0.11287763547008979,0.032005547230723165,2.3252792906838496e-17,6.593142729528972e-18,22.448480241601843,0.2710251858852537,0.3620231149123043,12.0,12.438422151880538,43.0,41.6415246068332,110.1938581551565,11.992759086767965,12.941758167224805,0.9648209926625824,519.5723876953125,673.9489135742188,298.90728185785787,175.846978193337,46.083182285255695,10.583333015441895,32.0
982802855.995,982803717.995,982803351.3922033,982802861.665,982803712.075,0.011949128907294678,0.014714023768114365,2.4615205549027037e-18,3.031088896231559e-18,24.886659384183805,0.8714381329045793,,-0.02506925075000604,0.01622322806825896,-5.164265654501244e-18,3.3419849820613458e-18,,,,0.09180089589785047,0.010760430342885102,1.8910984554957196e-17,2.216648650634331e-18,22.67288270109291,0.12034177148952452,0.1353624807556848,59.0,72.78377186255565,272.0,219.8263159717859,792.8438077940359,63.30997899987435,92.65977208573393,0.8108605095376842,417.6831359863281,64.87635040283203,335.5898595274243,175.84631475900764,46.082940594325486,7.135593414306641,32.0
984251222.995,984252922.995,984252029.7917407,984251224.84,984252911.85,0.012824397193894903,0.011636528723019793,2.64182582194235e-18,2.3971249169420774e-18,24.809907598974632,0.7010898297641326,2.583171513081467,-0.0009209781095013746,0.01200937138476139,-1.8972149055728315e-19,2.4739305052608465e-18,,,,0.11197041611020328,0.00847449972814499,2.3065905718701874e-17,1.745746943997868e-18,22.457241769602536,0.079212950842102,0.08545019474908244,158.0,174.57355025402813,592.0,536.7325633441907,1559.1042376962298,154.57897824312695,176.0094511273772,0.9053912080520049,468.07080078125,697.8522338867188,305.5316467247038,175.84648156948128,46.08312605844072,8.189873695373535,32.0
