t0,t1,t_mean,t0_data,t1_data,cps_bgsub,cps_bgsub_err,flux_bgsub,flux_bgsub_err,mag_bgsub,mag_bgsub_err_1,mag_bgsub_err_2,cps_mcatbgsub,cps_mcatbgsub_err,flux_mcatbgsub,flux_mcatbgsub_err,mag_mcatbgsub,mag_mcatbgsub_err_1,mag_mcatbgsub_err_2,cps,cps_err,flux,flux_err,mag,mag_err_1,mag_err_2,counts,flat_counts,bg_counts,bg_flat_counts,exptime,bg,mcat_bg,responses,detxs,detys,detrad,racent,deccent,q_mean,flags
749492853.995,749492965.995,749492927.7114999,749492891.957,749492963.466,-0.002672110285552962,0.018321059972376753,-3.740954399774147e-18,2.5649483961327454e-17,,,,,,,,,,,0.017104421323136734,0.01247681461637783,2.394618985239143e-17,1.7467540462928964e-17,23.237229035708367,0.5947698241690134,1.4193798597366936,2.0,1.879357177320494,7.0,7.544988482301687,109.87551942364361,2.1729566829028863,,1.0641938420460249,340.52728271484375,455.96502685546875,81.66448635859692,15.734361610980951,0.1836551818237695,10.5,0.0
876851959.995,876853658.995,876852482.7942858,876852040.87,876853585.24,-0.003587707832343785,0.0036498853572305406,-5.022790965281299e-18,5.109839500122757e-18,,,,-0.005675878914560724,0.0038173133751510276,-7.946230480385014e-18,5.3442387252114385e-18,,,,0.009331368003225362,0.002363646595635608,1.3063915204515508e-17,3.3091052338898515e-18,23.895136707166344,0.24513862785223495,0.3171363482699334,14.0,15.585672585335507,84.0,74.92369569168308,1670.245196625871,21.57802435920473,25.065782079010617,0.8995766193133327,348.291015625,333.74334716796875,84.04619628274862,15.73478387272857,0.18256458292849315,6.5714287757873535,0.0
876864028.995,876865490.995,876864981.3967857,876864247.09,876865450.585,0.004048653586492975,0.004545187944245577,5.668115021090165e-18,6.3632631219438076e-18,24.801723452565646,0.8171918052929499,,,,,,,,,0.013864766360410294,0.003477836917591608,1.9410672904574412e-17,4.868971684628251e-18,23.465218611147414,0.2430043348299442,0.31356343505289175,14.0,15.893029319770008,44.0,39.06979931947427,1146.289011054038,11.252102204008592,,0.8814131279973464,461.7383728027344,357.4975891113281,74.9538631938268,15.734999830107993,0.18333323578588953,9.714285850524902,0.0
