t0,t1,t_mean,t0_data,t1_data,cps_bgsub,cps_bgsub_err,flux_bgsub,flux_bgsub_err,mag_bgsub,mag_bgsub_err_1,mag_bgsub_err_2,cps_mcatbgsub,cps_mcatbgsub_err,flux_mcatbgsub,flux_mcatbgsub_err,mag_mcatbgsub,mag_mcatbgsub_err_1,mag_mcatbgsub_err_2,cps,cps_err,flux,flux_err,mag,mag_err_1,mag_err_2,counts,flat_counts,bg_counts,bg_flat_counts,exptime,bg,mcat_bg,responses,detxs,detys,detrad,racent,deccent,q_mean,flags
766076835.995,766076917.995,5e-324,0.0010555555555555555,5e-324,-0.005957555221172457,0.008616906885072273,-8.34057730964144e-18,1.2063669639101183e-17,,,,,,,,,,,0.0,0.0,0.0,0.0,inf,,,5e-324,5e-324,2.0,1.659743075554457,80.23526228693711,0.4780060057596837,,5e-324,5e-324,5e-324,565.685424949238,160000.0,5e-324,5e-324,0.0
859955285.995,859955416.995,859955375.945,859955369.08,859955380.845,0.016471925700301628,0.020920407685665172,2.306069598042228e-17,2.9288570759931246e-17,23.27813906338002,0.8900954813491531,,,,,,,,,0.031398398514542125,0.017223316460824156,4.395775792035898e-17,2.411264304515382e-17,22.57773125673053,0.4748069395435941,0.8634547894587321,3.0,3.3233909420844725,6.0,5.485783212126714,105.84587429022052,1.5799055650924938,,0.9031110125588601,262.3019104003906,216.64166259765625,229.3055685637263,204.983354188076,0.8717284963072389,9.0,0.0
