t0,t1,t_mean,t0_data,t1_data,cps_bgsub,cps_bgsub_err,flux_bgsub,flux_bgsub_err,mag_bgsub,mag_bgsub_err_1,mag_bgsub_err_2,cps_mcatbgsub,cps_mcatbgsub_err,flux_mcatbgsub,flux_mcatbgsub_err,mag_mcatbgsub,mag_mcatbgsub_err_1,mag_mcatbgsub_err_2,cps,cps_err,flux,flux_err,mag,mag_err_1,mag_err_2,counts,flat_counts,bg_counts,bg_flat_counts,exptime,bg,mcat_bg,responses,detxs,detys,detrad,racent,deccent,q_mean,flags
801049832.995,801049901.995,5e-324,1.4916681462400413e-154,5e-324,-0.13153718278875595,0.046185114968726605,-2.7096659654483724e-17,9.51413368355768e-18,,,,-0.12727250799367493,0.04543024324549262,-2.6218136646697035e-17,9.358630108571479e-18,,,,0.0,0.0,0.0,0.0,inf,,,5e-324,5e-324,32.0,28.16440146622245,61.66581532537916,8.111347622272067,7.8483629739358,5e-324,5e-324,5e-324,565.685424949238,160000.0,5e-324,5e-324,0.0
862901519.995,862901630.995,862901574.804091,862901520.65,862901627.715,0.025537943052568114,0.04833641869838715,5.260816268829031e-18,9.957302251867752e-18,24.062035214519256,1.1532695688961532,,0.015589878669974576,0.04934031084354407,3.2115150060147626e-18,1.016410403377008e-17,24.597893161862014,1.5490098380164632,,0.13128562101632082,0.03597314189857829,2.704483792936209e-17,7.410467231107127e-18,22.2844570929109,0.2629292937025056,0.3476684923986255,11.0,13.319182940832658,45.0,37.251071828271485,101.4519551929977,10.72830868654219,11.737559268542126,0.8261021393325586,486.5718078613281,453.2532958984375,101.6395171201893,213.90468802577246,14.280194197926626,14.909090995788574,0.0
929107403.995,929109064.995,929108235.7496703,929107406.43,929109062.965,0.4451601414033696,0.020462499148398296,9.170298912909414e-17,4.215274824570049e-18,20.95870932076872,0.04879454426571428,0.05109105429459859,0.4283503108004451,0.020730538827915305,8.824016402489169e-17,4.270490998550553e-18,21.000502284124074,0.051313623194481295,0.05385961162787112,0.5413136191470904,0.01885620384831941,1.1151060554430062e-16,3.884377992753799e-18,20.746377615414673,0.03717688832768573,0.03849514071112736,652.0,824.1179594859647,642.0,508.2916012133003,1522.4408371333222,146.38798114943052,171.97995372461625,0.7914905156585113,461.6684265136719,334.7887268066406,89.75246503673924,213.90478665826012,14.280304613762123,14.032208442687988,0.0
