t0,t1,t_mean,t0_data,t1_data,cps_bgsub,cps_bgsub_err,flux_bgsub,flux_bgsub_err,mag_bgsub,mag_bgsub_err_1,mag_bgsub_err_2,cps_mcatbgsub,cps_mcatbgsub_err,flux_mcatbgsub,flux_mcatbgsub_err,mag_mcatbgsub,mag_mcatbgsub_err_1,mag_mcatbgsub_err_2,cps,cps_err,flux,flux_err,mag,mag_err_1,mag_err_2,counts,flat_counts,bg_counts,bg_flat_counts,exptime,bg,mcat_bg,responses,detxs,detys,detrad,racent,deccent,q_mean,flags
797315022.995,797315136.995,797315077.5167878,797315029.854,797315136.277,-0.2592743804668099,0.10085791309762478,-5.3410522376162834e-17,2.0776730098110704e-17,,,,0.24035837500881543,0.07225912572232315,4.951382525181598e-17,1.488537989879857e-17,21.627851851960383,0.2853850687836008,0.3882337132134239,0.38364172994138857,0.06165682908973109,7.903019636792604e-17,1.2701306792484603e-17,21.12018539832078,0.16181362275423794,0.19022583572036567,33.0,38.715895550545724,265.0,225.28137578648156,100.91679952663284,64.88103622650671,14.45969760523386,0.8526723945099783,341.44915771484375,381.5956115722656,61.37526086054677,171.0142068392916,-12.29132596544443,15.969696998596191,0.0
858346284.995,858346393.995,858346334.1001315,858346287.77,858346391.18,-0.09346747995910834,0.10472799747879559,-1.925430087157632e-17,2.1573967480631892e-17,,,,0.3378460089945949,0.08066650344353664,6.959627785288654e-17,1.6617299709368548e-17,21.258203017671566,0.23247413467518285,0.2962060897842633,0.4835022536246913,0.07071514728734153,9.96014642466864e-17,1.4567320341192354e-17,20.869003743277748,0.14820413657858467,0.1716809482920567,38.0,46.74897625905506,238.0,193.70201838724267,96.68822825248503,55.7861812955259,14.083244227194562,0.8129630046159421,459.5439453125,397.2830810546875,59.60589796264619,171.01455353140796,-12.291481902934889,13.684210777282715,0.0
