t0,t1,t_mean,t0_data,t1_data,cps_bgsub,cps_bgsub_err,flux_bgsub,flux_bgsub_err,mag_bgsub,mag_bgsub_err_1,mag_bgsub_err_2,cps_mcatbgsub,cps_mcatbgsub_err,flux_mcatbgsub,flux_mcatbgsub_err,mag_mcatbgsub,mag_mcatbgsub_err_1,mag_mcatbgsub_err_2,cps,cps_err,flux,flux_err,mag,mag_err_1,mag_err_2,counts,flat_counts,bg_counts,bg_flat_counts,exptime,bg,mcat_bg,responses,detxs,detys,detrad,racent,deccent,q_mean,flags
753629995.995,753630115.995,753630059.9178749,753630002.002,753630109.232,0.22120701618923672,0.06664055058043619,4.556864533498276e-17,1.3727953419569854e-17,21.718002755760736,0.28590916234239927,0.3892090536082442,0.2005170161465038,0.06809114890404133,4.130650532617978e-17,1.4026776674232513e-17,21.824621916649924,0.31741994178639743,0.45044601894052505,0.34566998038438035,0.05714247754474781,7.120801595918235e-17,1.1771350374218049e-17,21.2333458375159,0.16610307170228822,0.19618611994886592,32.0,36.59360512615107,53.0,45.750009070979104,105.86283797470487,13.176002612441984,15.366304734662457,0.8748249753907298,345.604736328125,272.92559814453125,138.22716200826076,35.15833180120017,0.3482844319441747,14.53125,0.0
908881353.995,908883049.995,908882268.8673002,908881358.655,908883045.065,0.11101041886350338,0.015588980087826429,2.2868146285881696e-17,3.2113298980922443e-18,22.46659064666892,0.14266975619729294,0.1642944517921947,0.09951625114478277,0.015830704627926552,2.050034773582525e-17,3.26112515335287e-18,22.585264981397003,0.16028032425803218,0.1881088769055168,0.23939616666472896,0.012577117368204644,4.931561033293417e-17,2.590886177850157e-18,21.63220702005464,0.055593260776873876,0.05859416549379759,313.0,362.30318882741483,781.0,674.6511916897047,1513.4043033145783,194.29954320663498,211.69486609516625,0.8641132278461404,434.4737854003906,525.9151611328125,130.54910831918508,35.15814287952071,0.34838212510623523,13.853034973144531,0.0
