t0,t1,t_mean,t0_data,t1_data,cps_bgsub,cps_bgsub_err,flux_bgsub,flux_bgsub_err,mag_bgsub,mag_bgsub_err_1,mag_bgsub_err_2,cps_mcatbgsub,cps_mcatbgsub_err,flux_mcatbgsub,flux_mcatbgsub_err,mag_mcatbgsub,mag_mcatbgsub_err_1,mag_mcatbgsub_err_2,cps,cps_err,flux,flux_err,mag,mag_err_1,mag_err_2,counts,flat_counts,bg_counts,bg_flat_counts,exptime,bg,mcat_bg,responses,detxs,detys,detrad,racent,deccent,q_mean,flags
856720269.995,856720374.995,856720314.575263,856720279.775,856720369.08,0.12263844402454628,0.06195639513375967,2.5263519469056534e-17,1.2763017397554491e-17,22.35843342057664,0.44398230807059846,0.7639159893253051,,,,,,,,0.23769238121005323,0.05085838050505703,4.896463052927097e-17,1.0476826384041748e-17,21.639961846389063,0.2105174091265063,0.26139836982240183,19.0,21.842657173031903,42.0,36.7112527842604,91.89464576792277,10.572840801866997,,0.8701114283663758,455.1186828613281,561.3693237304688,170.52310060984843,178.1530296519346,12.337526000437506,12.684210777282715,0.0
921062164.995,921063798.995,921063021.7321098,921062182.465,921063788.92,0.024636136517109854,0.012828688054507553,5.07504412252463e-18,2.642709739228556e-18,24.101068495008683,0.45512775341519074,0.7985413584031953,-0.0038959675493336517,0.01356655099719526,-8.025693151627322e-19,2.7947095054222237e-18,,,,0.13286800707059554,0.009523442420292754,2.7370809456542682e-17,1.961829138580307e-18,22.271448947668713,0.07515872516207978,0.08075101118786066,173.0,194.64933358092384,620.0,550.547984192817,1464.982713840982,158.55781944753133,200.35685869438305,0.8890146286264987,627.134033203125,351.57080078125,232.23965289348774,178.15293514882995,12.337258085935304,10.872832298278809,0.0
