t0,t1,t_mean,t0_data,t1_data,cps_bgsub,cps_bgsub_err,flux_bgsub,flux_bgsub_err,mag_bgsub,mag_bgsub_err_1,mag_bgsub_err_2,cps_mcatbgsub,cps_mcatbgsub_err,flux_mcatbgsub,flux_mcatbgsub_err,mag_mcatbgsub,mag_mcatbgsub_err_1,mag_mcatbgsub_err_2,cps,cps_err,flux,flux_err,mag,mag_err_1,mag_err_2,counts,flat_counts,bg_counts,bg_flat_counts,exptime,bg,mcat_bg,responses,detxs,detys,detrad,racent,deccent,q_mean,flags
753889815.995,753889945.995,753889862.8935,753889829.499,753889907.633,-0.002519864350256975,0.022558479425579515,-3.527810090359765e-18,3.158187119581132e-17,,,,-0.009188340958851344,0.023705545874891907,-1.2863677342391882e-17,3.318776422484867e-17,,,,0.03071313403488576,0.01563380707953641,4.2998387648840066e-17,2.1887329911350973e-17,22.60168966235943,0.4467423526294816,0.7723554430404214,4.0,3.8593909413860796,14.0,14.500122684691432,125.65930057812919,4.176035333191133,5.013991439748716,1.0375075757317322,186.42532348632812,413.06341552734375,213.97381913019086,53.45395880864105,0.7090317041943235,10.0,0.0
882637898.995,882639594.995,882638623.6376761,882637899.005,882639496.485,0.004392663679645876,0.00704711446520191,6.149729151504226e-18,9.865960251282675e-18,24.713180117073076,1.0392241224020715,,0.0026912540624125236,0.007120026431782155,3.767755687377533e-18,9.968037004495017e-18,25.24511325401542,1.4044274837985036,,0.04309606869655173,0.005115109066992232,6.033449617517242e-17,7.161152693789124e-18,22.233905862954636,0.1217752157214953,0.137179303410079,71.0,70.9848244838774,219.0,221.35255791012906,1647.1299269475398,63.74953667811718,66.5519793766586,1.0018344285595302,222.5818328857422,513.234619140625,210.47395324387554,53.45388378121311,0.7094174432009497,11.85915470123291,0.0
912212374.995,912213781.995,912213087.9383333,912212380.76,912213770.63,-0.006980801612987816,0.006846477962934578,-9.773122258182943e-18,9.58506914810841e-18,,,,-0.010475947909301007,0.007031049000053286,-1.466632707302141e-17,9.843468600074601e-18,,,,0.02849075534744117,0.004569378338231728,3.988705748641764e-17,6.39712967352442e-18,22.683240091461062,0.1615016049634761,0.18979446917270693,36.0,38.87708461104737,181.0,168.06508135746796,1364.550856477697,48.402743430950785,53.1720483030998,0.926960110539169,249.1947479248047,244.59039306640625,216.55107938017144,53.45404624008021,0.7093902916756388,7.138888835906982,0.0
