t0,t1,t_mean,t0_data,t1_data,cps_bgsub,cps_bgsub_err,flux_bgsub,flux_bgsub_err,mag_bgsub,mag_bgsub_err_1,mag_bgsub_err_2,cps_mcatbgsub,cps_mcatbgsub_err,flux_mcatbgsub,flux_mcatbgsub_err,mag_mcatbgsub,mag_mcatbgsub_err_1,mag_mcatbgsub_err_2,cps,cps_err,flux,flux_err,mag,mag_err_1,mag_err_2,counts,flat_counts,bg_counts,bg_flat_counts,exptime,bg,mcat_bg,responses,detxs,detys,detrad,racent,deccent,q_mean,flags
877864883.995,877864986.995,877864934.4852499,877864890.735,877864982.355,0.14615599973284815,0.06777844539704657,3.0108135944966717e-17,1.3962359751791594e-17,22.167958380164464,0.4136601677444318,0.6765623503624738,,,,,,,,0.26566324966578275,0.056289946427459,5.472662943115124e-17,1.1595728964056553e-17,21.519171298122288,0.20865315006482277,0.25852543969817177,20.0,22.27415773685815,39.0,34.79137355924203,83.84357928648437,10.019915585061709,,0.8980373568650867,537.6046142578125,546.001953125,200.62801444802287,21.77418291679588,3.2179296340251633,11.350000381469727,0.0
1003871415.995,1003871514.995,1003871467.922,1003871426.2,1003871513.745,0.13284700817140635,0.06148583935259911,2.7366483683309708e-17,1.2666082906635417e-17,22.27162055456971,0.4129860904583076,0.6747245586790775,0.06106087997429124,0.06820941936987902,1.2578541274703996e-17,1.405114039019508e-17,23.115592352974772,0.8143392391777766,,0.2220329903659588,0.051933886894473744,4.5738796015387515e-17,1.0698380700261591e-17,21.713956229758267,0.228201378665414,0.2892887087031504,15.0,18.278197289224337,31.0,25.492942376653954,82.32198854367489,7.34196740447634,13.251544227514026,0.8207920981899997,490.2540588378906,461.7168273925781,109.337833891653,21.773889233985162,3.218107811005922,12.533333778381348,0.0
