t0,t1,t_mean,t0_data,t1_data,cps_bgsub,cps_bgsub_err,flux_bgsub,flux_bgsub_err,mag_bgsub,mag_bgsub_err_1,mag_bgsub_err_2,cps_mcatbgsub,cps_mcatbgsub_err,flux_mcatbgsub,flux_mcatbgsub_err,mag_mcatbgsub,mag_mcatbgsub_err_1,mag_mcatbgsub_err_2,cps,cps_err,flux,flux_err,mag,mag_err_1,mag_err_2,counts,flat_counts,bg_counts,bg_flat_counts,exptime,bg,mcat_bg,responses,detxs,detys,detrad,racent,deccent,q_mean,flags
792576276.995,792576387.995,792576329.9532727,792576304.004,792576375.781,0.11072950174803277,0.04525246854591549,1.5502130244724588e-16,6.33534559642817e-17,21.20934163571172,0.3720276403419227,0.5704358815870947,,,,,,,,0.1503207629690287,0.04026016305874498,2.1044906815664017e-16,5.636422828224297e-17,20.877452571485197,0.2576511535919188,0.3384677392591833,11.0,13.94077390649712,16.0,12.74896008795132,92.74017528349962,3.671700505329981,,0.7893323277128921,473.0769348144531,175.8597869873047,235.75214419226873,125.68022082909489,22.554232077829436,11.0,0.0
793345406.995,793345506.995,793345455.3495715,793345431.749,793345481.079,0.06832162527412697,0.03423228702989943,9.565027538377776e-17,4.7925201841859206e-17,21.73360452737296,0.4409851094079542,0.7548490460926445,0.0695075865757236,0.034045023027044284,9.731062120601305e-17,4.7663032237862e-17,21.714919476720514,0.43282209649871817,0.7306552056358733,0.08850857242019505,0.030890345195716887,1.2391200138827308e-16,4.3246483274003646e-17,21.45253666013426,0.3250376346643833,0.4660636100060884,7.0,8.209659574954888,8.0,6.501565932601903,92.7555303454616,1.8724509885893483,1.7624465190905574,0.8538390618108858,511.7215270996094,202.3173370361328,227.06856861739948,125.68095728929883,22.55390105038658,11.714285850524902,0.0
887719912.995,887721533.995,887720765.2717618,887719913.435,887721532.925,0.09955795096979925,0.010367943956001937,1.3938113135771896e-16,1.4515121538402712e-17,21.324810125770977,0.1075601507033177,0.11939937903650133,,,,,,,,0.1356399851094454,0.009214536917423336,1.8989597915322356e-16,1.290035168439267e-17,20.98903066642697,0.07136081000651728,0.07638307875132,193.0,216.68479533391508,223.0,200.14245841441596,1597.499403727272,57.64102802335181,,0.8917175545987701,472.7960510253906,611.00341796875,223.20776742619483,125.68051429723367,22.553973269300094,17.823833465576172,0.0
