t0,t1,t_mean,t0_data,t1_data,cps_bgsub,cps_bgsub_err,flux_bgsub,flux_bgsub_err,mag_bgsub,mag_bgsub_err_1,mag_bgsub_err_2,cps_mcatbgsub,cps_mcatbgsub_err,flux_mcatbgsub,flux_mcatbgsub_err,mag_mcatbgsub,mag_mcatbgsub_err_1,mag_mcatbgsub_err_2,cps,cps_err,flux,flux_err,mag,mag_err_1,mag_err_2,counts,flat_counts,bg_counts,bg_flat_counts,exptime,bg,mcat_bg,responses,detxs,detys,detrad,racent,deccent,q_mean,flags
838017166.995,838017237.995,838017207.3410976,838017168.23,838017237.94,0.8124890452122002,0.1825394399876349,1.6737274331371325e-16,3.7603124637452786e-17,20.30545621475261,0.22004499899890462,0.27627926497966726,,,,,,,,1.428428186200196,0.15258310687689924,2.942562063572404e-16,3.143212001664124e-17,19.692853971893957,0.11019140210643741,0.12265117066923992,82.0,87.64031202241482,140.0,131.2172159670863,61.35437039754123,37.79055819852086,,0.9358447636286699,356.00982666015625,614.4677734375,218.93277779653812,258.00020713246096,46.55613181833566,12.92682933807373,0.0
864037489.995,864037556.995,864037521.7445774,864037491.405,864037553.485,0.7466256092585213,0.18492937469942425,1.5380487550725537e-16,3.8095451188081394e-17,20.397242794633588,0.24026402893215248,0.30900342409730897,1.210544688381366,0.1617247189313644,2.4937220580656136e-16,3.331529209986106e-17,19.8725479338555,0.13614638761666598,0.1556996969103963,1.3594845989321855,0.15353300877575846,2.800538273800302e-16,3.162779980780624e-17,19.746564270001155,0.11617422536299671,0.13011104371800641,71.0,78.40523526533045,136.0,122.72663975923341,57.67276461014289,35.34527225065923,8.58977640225315,0.9056647539536758,581.6876220703125,509.4806213378906,212.12354527985642,258.00023210365123,46.55607582220288,11.605633735656738,0.0
