t0,t1,t_mean,t0_data,t1_data,cps_bgsub,cps_bgsub_err,flux_bgsub,flux_bgsub_err,mag_bgsub,mag_bgsub_err_1,mag_bgsub_err_2,cps_mcatbgsub,cps_mcatbgsub_err,flux_mcatbgsub,flux_mcatbgsub_err,mag_mcatbgsub,mag_mcatbgsub_err_1,mag_mcatbgsub_err_2,cps,cps_err,flux,flux_err,mag,mag_err_1,mag_err_2,counts,flat_counts,bg_counts,bg_flat_counts,exptime,bg,mcat_bg,responses,detxs,detys,detrad,racent,deccent,q_mean,flags
753712552.995,753712666.995,753712607.3353333,753712574.253,753712649.659,0.023346727414767985,0.02881660294263521,3.268541838067518e-17,4.03432441196893e-17,22.899434968185233,0.8728482458188402,,,,,,,,,0.057448743063738476,0.022827170053127278,8.042824028923387e-17,3.1958038074378193e-17,21.92179867228929,0.36326180791244767,0.5498343379618582,6.0,6.333691614267331,14.0,13.054611273330254,110.2494376115453,3.759728046719114,,0.9476038082118977,271.60992431640625,256.9208068847656,192.2385680256318,52.38165386156052,0.5171550499856344,7.5,0.0
882815355.995,882817031.995,882816150.0358335,882815366.32,882816949.09,0.00048037550525186824,0.00662316196612172,6.725257073526155e-19,9.272426752570408e-18,27.116047864357068,2.924734553656137,,-0.004730221907461156,0.006861336982870816,-6.622310670445619e-18,9.605871776019143e-18,,,,0.03582439188069981,0.004699061866340541,5.0154148632979736e-17,6.578686612876758e-18,22.43455293254971,0.13381906371755647,0.1526621553309404,54.0,58.121301160245686,216.0,199.10396707684154,1622.394634186609,57.341942518130374,65.79558780142261,0.930727580864084,234.5204315185547,300.3653869628906,193.1593738337849,52.38142435030776,0.5168026987570098,6.722222328186035,0.0
912295094.995,912296592.995,912295805.6494564,912295155.86,912296566.44,0.0013453757558793422,0.006762673622250372,1.8835260582310793e-18,9.467743071150522e-18,25.99789100678595,1.950181969006593,,-0.004528371254322326,0.0070532716392114805,-6.339719756051257e-18,9.874580294896073e-18,,,,0.03412674910374146,0.004829770187495779,4.777744874523804e-17,6.761678262494091e-18,22.48726270104015,0.14371306692756747,0.16568020265220795,46.0,49.92716499704333,180.0,166.52392662728283,1462.9921193275807,47.95889086865746,56.55213645550644,0.9222844922328143,332.4239196777344,220.18016052246094,192.09815538273452,52.3813339681191,0.5169953531782843,8.391304016113281,0.0
