t0,t1,t_mean,t0_data,t1_data,cps_bgsub,cps_bgsub_err,flux_bgsub,flux_bgsub_err,mag_bgsub,mag_bgsub_err_1,mag_bgsub_err_2,cps_mcatbgsub,cps_mcatbgsub_err,flux_mcatbgsub,flux_mcatbgsub_err,mag_mcatbgsub,mag_mcatbgsub_err_1,mag_mcatbgsub_err_2,cps,cps_err,flux,flux_err,mag,mag_err_1,mag_err_2,counts,flat_counts,bg_counts,bg_flat_counts,exptime,bg,mcat_bg,responses,detxs,detys,detrad,racent,deccent,q_mean,flags
749492997.995,749493109.995,749493051.684353,749493010.315,749493098.295,0.11241770604661025,0.05434122125819858,2.315804744560171e-17,1.1194291579188908e-17,22.452913202505925,0.42813593454615884,0.7170859929332352,0.03588182031146663,0.061112373724305884,7.391654984162125e-18,1.2589148987207011e-17,23.692813832466438,1.0796781791193801,,0.2007607690043454,0.045283699074032124,4.135671841489515e-17,9.328442009250617e-18,21.823302873607346,0.22083688624167408,0.2775312577289384,17.0,19.655038992379836,35.0,30.03136165898125,97.90278792942067,8.649032157786602,16.14210874790474,0.8649444978962487,398.73309326171875,75.87498474121094,324.1274912271308,15.051646218715806,0.3410389732694196,9.70588207244873,32.0
875753018.995,875753279.995,875753148.0553845,875753022.36,875753251.465,0.02688315336790687,0.03234433036758333,5.537929593788815e-18,6.662932055722165e-18,24.00629947576816,0.8576076811251667,,,,,,,,,0.13474447899744985,0.024104773787970653,2.775736267347467e-17,4.9655834003219546e-18,22.256222551254055,0.17868549195498673,0.21399992384500877,26.0,31.24754042802413,104.0,86.85166026597375,231.90219488410742,25.013278156600443,,0.8323375109110887,457.15509033203125,492.0588684082031,108.35838501685743,15.051511156498105,0.34092940667799054,14.692307472229004,0.0
878744980.995,878746631.995,878745821.2524898,878744993.605,878746628.32,0.09384009273178007,0.014561881433033781,1.9331059102746693e-17,2.9997475752049588e-18,22.649028929317833,0.15662190791134734,0.1830864634525291,0.05366941957159305,0.015472431633343517,1.1055900431748168e-17,3.187320916468764e-18,23.25568275382719,0.2750352617493661,0.36924445233415426,0.20265729481747746,0.011745928818397292,4.174740273240036e-17,2.4196613365898422e-18,21.81309439712675,0.06117267426752093,0.06482614014288401,247.0,297.68006580068686,670.0,554.9994838284375,1468.8840392781879,159.83985134259004,218.84591199464944,0.8300342479083018,284.2613830566406,108.7043685913086,313.4462830051584,15.051590364764527,0.3408970108078904,8.287449836730957,32.0
