t0,t1,t_mean,t0_data,t1_data,cps_bgsub,cps_bgsub_err,flux_bgsub,flux_bgsub_err,mag_bgsub,mag_bgsub_err_1,mag_bgsub_err_2,cps_mcatbgsub,cps_mcatbgsub_err,flux_mcatbgsub,flux_mcatbgsub_err,mag_mcatbgsub,mag_mcatbgsub_err_1,mag_mcatbgsub_err_2,cps,cps_err,flux,flux_err,mag,mag_err_1,mag_err_2,counts,flat_counts,bg_counts,bg_flat_counts,exptime,bg,mcat_bg,responses,detxs,detys,detrad,racent,deccent,q_mean,flags
827574553.995,827574663.995,827574613.0985714,827574574.42,827574655.37,0.04263916672370505,0.029668115205668002,5.969483341318708e-17,4.15353612879352e-17,22.245478227755825,0.5734333189345513,1.2920838116079238,0.05390617488751939,0.02774471086543448,7.546864484252715e-17,3.884259521160827e-17,21.99090371013258,0.4508059609996522,0.7849411801364958,0.06622296102824343,0.025476499287010578,9.271214543954081e-17,3.566709900181481e-17,21.76747851133541,0.35339546057597815,0.5272967328441887,7.0,6.756747471348567,8.0,8.355073656235406,102.03028324974599,2.406261212995797,1.2566851786646192,1.0364513837635407,321.8898010253906,476.5304870605469,109.35318300615488,159.8623692354176,5.09011059291871,11.285714149475098,0.0
918577464.995,918579040.995,918578261.9531579,918577494.325,918579020.325,0.0207489161317229,0.0048505296526721595,2.904848258441206e-17,6.7907415137410234e-18,23.02751146187444,0.22808786974542627,0.2891059126707489,0.01680230472707032,0.005104567481210069,2.352322661789845e-17,7.146394473694097e-18,23.256577857947494,0.28802879504272383,0.3931674869766759,0.028732603454756565,0.004290888734368196,4.022564483665919e-17,6.007244228115475e-18,22.674062552248778,0.15112004575534144,0.17560827080120944,38.0,44.838951841157474,50.0,43.260497023207336,1560.5600067450403,12.459023142683716,18.617947062948392,0.8488564344748719,495.48541259765625,334.47381591796875,115.8064973103707,159.86251162731983,5.0900399062735815,11.552631378173828,0.0
