t0,t1,t_mean,t0_data,t1_data,cps_bgsub,cps_bgsub_err,flux_bgsub,flux_bgsub_err,mag_bgsub,mag_bgsub_err_1,mag_bgsub_err_2,cps_mcatbgsub,cps_mcatbgsub_err,flux_mcatbgsub,flux_mcatbgsub_err,mag_mcatbgsub,mag_mcatbgsub_err_1,mag_mcatbgsub_err_2,cps,cps_err,flux,flux_err,mag,mag_err_1,mag_err_2,counts,flat_counts,bg_counts,bg_flat_counts,exptime,bg,mcat_bg,responses,detxs,detys,detrad,racent,deccent,q_mean,flags
837360922.995,837361038.995,837360991.6154764,837360938.465,837361036.935,0.2281772280442783,0.10007104183320026,4.700450897712133e-17,2.0614634617639253e-17,21.684319250234807,0.39482536448327465,0.6267554942468472,0.15798332455308958,0.10415046450972959,3.2544564857936454e-17,2.1454995689004294e-17,22.083471878132446,0.5497793909885011,1.1689094875775723,0.535965819029742,0.07975702391443105,1.1040895872012685e-16,1.6429946926372798e-17,20.75715726588054,0.15062043076138565,0.17493359997684976,42.0,45.158167171713465,97.0,90.04492549147945,84.25568491189085,25.932938541546086,31.84717395683536,0.9302560108139453,677.5789184570312,361.44384765625,280.2438810310221,300.71267259723805,49.31758218339048,8.2380952835083,0.0
842035168.995,842035294.995,842035236.8657691,842035173.46,842035292.35,-0.003036681332859183,0.08486691930202686,-6.255563545689917e-19,1.7482585376217533e-17,,,,,,,,,,,0.3217837761378273,0.05986889430929722,6.628745788439242e-17,1.2332992227715226e-17,21.311089640426502,0.18526040420988465,0.22350992095224953,26.0,28.888554582497992,113.0,101.2540853323261,89.7762930413383,29.16117657570992,,0.9001126709504311,140.26187133789062,271.85992431640625,289.6269574419681,300.71287977473077,49.31745170073461,7.307692527770996,0.0
