t0,t1,t_mean,t0_data,t1_data,cps_bgsub,cps_bgsub_err,flux_bgsub,flux_bgsub_err,mag_bgsub,mag_bgsub_err_1,mag_bgsub_err_2,cps_mcatbgsub,cps_mcatbgsub_err,flux_mcatbgsub,flux_mcatbgsub_err,mag_mcatbgsub,mag_mcatbgsub_err_1,mag_mcatbgsub_err_2,cps,cps_err,flux,flux_err,mag,mag_err_1,mag_err_2,counts,flat_counts,bg_counts,bg_flat_counts,exptime,bg,mcat_bg,responses,detxs,detys,detrad,racent,deccent,q_mean,flags
747575720.995,747575799.995,747575764.7315,747575740.098,747575794.97,0.09730355023835104,0.08327298361860397,2.0044531349100314e-17,1.715423462543242e-17,22.609678284200733,0.6713315655538103,2.102633690248947,0.1379139511946872,0.07964282888913453,2.841027394610556e-17,1.6406422751161712e-17,22.23097949735222,0.4949110535546879,0.9353870458720905,0.28673410141986555,0.06461974238995784,5.90672248924923e-17,1.3311666932331315e-17,21.436301632843463,0.22066340554181707,0.2772567789136815,18.0,19.689208093970255,49.0,45.165459953180054,68.66713096374711,13.007652466515857,10.219052745556843,0.9149365116577827,305.57647705078125,480.4742736816406,124.06413829438883,330.41828026953965,-21.50803835509486,14.166666984558105,0.0
843330325.995,843330440.995,843330387.775,843330339.87,843330439.89,0.06759106970795617,0.06372274405843618,1.392376035983897e-17,1.3126885276037854e-17,23.005276700706386,0.7210527376924141,3.1059157307529865,0.10635224343821593,0.06068830343498969,2.190856214827248e-17,1.2501790507607876e-17,22.513133361192942,0.49018811909047955,0.9179331867429283,0.24225339336374757,0.04857415676465716,4.9904199032932e-17,1.0006276293519375e-17,21.619325327139542,0.19841418939871502,0.24296701127667575,22.0,24.873058889561186,71.0,62.26816603742925,102.67372747267926,17.93323181877963,13.953477630677762,0.8846284016050583,283.2764892578125,451.2879638671875,127.49444379118445,330.4183566292602,-21.507938737755975,14.636363983154297,0.0
874355751.995,874355860.995,874355803.3859092,874355756.975,874355853.935,0.08650511199236283,0.06773334285606286,1.7820053070426743e-17,1.395306862834895e-17,22.737395568202846,0.6278772328141464,1.6588414207384048,,,,,,,,0.2626554308306145,0.052403409919646295,5.410701875110658e-17,1.0795102443447136e-17,21.531534037548294,0.19751321429795965,0.24161551529271819,22.0,25.12196895448298,67.0,58.50031915682383,95.64610514634303,16.848091917165267,,0.8758674403203784,275.90032958984375,433.18133544921875,128.45905658264422,330.4181346978139,-21.50812030754525,13.136363983154297,0.0
