t0,t1,t_mean,t0_data,t1_data,cps_bgsub,cps_bgsub_err,flux_bgsub,flux_bgsub_err,mag_bgsub,mag_bgsub_err_1,mag_bgsub_err_2,cps_mcatbgsub,cps_mcatbgsub_err,flux_mcatbgsub,flux_mcatbgsub_err,mag_mcatbgsub,mag_mcatbgsub_err_1,mag_mcatbgsub_err_2,cps,cps_err,flux,flux_err,mag,mag_err_1,mag_err_2,counts,flat_counts,bg_counts,bg_flat_counts,exptime,bg,mcat_bg,responses,detxs,detys,detrad,racent,deccent,q_mean,flags
749492997.995,749493109.995,5e-324,-2.315841784746324e+77,5e-324,-0.00586343111373229,0.007300326277423236,-8.208803559225207e-18,1.022045678839253e-17,,,,-0.012358733853728944,0.010598718242728301,-1.7302227395220522e-17,1.4838205539819623e-17,,,,0.0,0.0,0.0,0.0,inf,,,5e-324,5e-324,4.0,2.2398896617859783,110.01889679978511,0.6450882225943618,1.3596942644294152,5e-324,5e-324,5e-324,565.685424949238,160000.0,5e-324,5e-324,40.0
875753018.995,875753279.995,875753189.10875,875753163.725,875753210.36,-0.0011849549958987593,0.01166596737375794,-1.6589369942582631e-18,1.6332354323261118e-17,,,,,,,,,,,0.01691965635899255,0.008108340810027252,2.368751890258957e-17,1.1351677134038154e-17,23.249021154499705,0.42508639745304677,0.7083769595430063,4.0,4.354307414658941,17.0,16.177979005413302,257.35200067137833,4.659257953559032,,0.9191488055268012,457.06915283203125,496.447021484375,112.06657020794931,15.051165906475351,0.3412144796277675,14.25,0.0
878744980.995,878746631.995,878745818.1094446,878745012.035,878746602.13,0.009431332109420683,0.004393337559130673,1.3203864953188957e-17,6.150672582782943e-18,23.88356740471228,0.41520431200687113,0.6807883618466839,0.005440270410790823,0.004664714695980692,7.616378575107152e-18,6.530600574372969e-18,24.48094878246613,0.6722879768837196,2.1150187116264334,0.020384602342200905,0.0035433246049733037,2.853844327908127e-17,4.960654446962626e-18,23.046744390597297,0.17400707586863717,0.20731801424062013,27.0,33.09654104224679,76.0,61.74924877808706,1623.6049389950174,17.783783648089074,24.26369113381836,0.8170209993710551,285.4194030761719,108.02328491210938,313.65445213632154,15.051558220504909,0.34067175602368754,8.037036895751953,32.0
