t0,t1,t_mean,t0_data,t1_data,cps_bgsub,cps_bgsub_err,flux_bgsub,flux_bgsub_err,mag_bgsub,mag_bgsub_err_1,mag_bgsub_err_2,cps_mcatbgsub,cps_mcatbgsub_err,flux_mcatbgsub,flux_mcatbgsub_err,mag_mcatbgsub,mag_mcatbgsub_err_1,mag_mcatbgsub_err_2,cps,cps_err,flux,flux_err,mag,mag_err_1,mag_err_2,counts,flat_counts,bg_counts,bg_flat_counts,exptime,bg,mcat_bg,responses,detxs,detys,detrad,racent,deccent,q_mean,flags
746284688.995,746284800.995,746284785.59,746284785.59,746284785.59,-0.020245701791510327,0.018739956167953868,-2.834398250811446e-17,2.6235938635135418e-17,,,,,,,,,,,0.00898787980921122,0.00908748181133266,1.2583031732895708e-17,1.2722474535865725e-17,23.93585685958681,0.7585743462509136,,1.0,0.9781994247335558,11.0,11.047390003626983,108.83539227249669,3.1816483210445714,,1.0222864323114709,254.6317138671875,384.1773986816406,146.22685569234878,326.970082622387,0.706884216468136,6.0,0.0
777289813.995,777291495.995,777290560.2395349,777289819.52,777291473.135,0.009117613527796936,0.005329759792906595,1.2764658938915712e-17,7.461663710069234e-18,23.920297050926926,0.49976928872441917,0.9537199473186604,0.001077637608861386,0.005768904923629531,1.5086926524059404e-18,8.076466893081344e-18,26.23881815105428,2.0074964271808113,,0.02798820969649105,0.004119073934500428,3.918349357508747e-17,5.766703508300599e-18,22.702562202191316,0.14907111357152303,0.17284606120438184,43.0,46.16906331724132,116.0,108.08590856381797,1649.589731458588,31.12874166637958,44.39140338342999,0.9322976334626901,293.7600402832031,317.7884521484375,134.33416408634244,326.97105805235253,0.7068085962653211,6.604650974273682,0.0
905527057.995,905528723.995,905527865.438125,905527126.34,905528707.065,0.008096068397484823,0.0058567328110398,1.1334495756478752e-17,8.19942593545572e-18,24.04931457866782,0.5909680954118528,1.3953874669511634,0.004862773132661862,0.006023325521735936,6.8078823857266075e-18,8.432655730430311e-18,24.60278997872781,0.8749706431224915,,0.03206696933662884,0.0044304063319630105,4.489375707128037e-17,6.202568864748215e-18,22.55485520873627,0.14050930319086063,0.16143471268137688,48.0,52.38762556922727,149.0,135.9761272155234,1633.6943170175718,39.16112463807075,44.44334073745185,0.9173650915211594,492.971923828125,478.7852783203125,121.86426342579591,326.9711433129967,0.7069183500389927,15.291666984558105,0.0
