t0,t1,t_mean,t0_data,t1_data,cps_bgsub,cps_bgsub_err,flux_bgsub,flux_bgsub_err,mag_bgsub,mag_bgsub_err_1,mag_bgsub_err_2,cps_mcatbgsub,cps_mcatbgsub_err,flux_mcatbgsub,flux_mcatbgsub_err,mag_mcatbgsub,mag_mcatbgsub_err_1,mag_mcatbgsub_err_2,cps,cps_err,flux,flux_err,mag,mag_err_1,mag_err_2,counts,flat_counts,bg_counts,bg_flat_counts,exptime,bg,mcat_bg,responses,detxs,detys,detrad,racent,deccent,q_mean,flags
842911195.995,842911305.995,842911250.6454545,842911200.495,842911300.25,0.2248604130686686,0.0537087373014605,3.1480457829613605e-16,7.519223222204471e-17,20.4402174896803,0.23255003869186197,0.2963296210055617,0.24886765700109362,0.051598371832324894,3.484147198015311e-16,7.223772056525485e-17,20.330078852277758,0.2045672950033115,0.2522724705791646,0.26823715830999906,0.04983058647689039,3.755320216339987e-16,6.976282106764655e-17,20.248702651118013,0.18500172508627344,0.22313309360890798,22.0,28.97649699592591,21.0,16.27014473686303,108.02566347813026,4.685801684216554,2.0924032301350226,0.7604424919393105,593.5366821289062,476.5218811035156,208.11546222490506,340.0253718633128,24.698963998974282,17.272727966308594,8.0
869020305.995,869020381.995,869020338.5886666,869020313.92,869020376.085,0.17569235845302753,0.06435583263315633,2.4596930183423853e-16,9.009816568641887e-17,20.70811781814357,0.3388639122334567,0.4952880185561206,0.21493224006618494,0.06001193822035506,3.009051360926589e-16,8.40167135084971e-17,20.489246087462014,0.2673574081923533,0.35548307630860165,0.238259538050351,0.05727364967286,3.335633532704914e-16,8.018310954200401e-17,20.377374261459437,0.2338899071230891,0.2985139538359185,15.0,17.305767844113163,18.0,15.779551984926911,72.63410306980434,4.544510971658951,1.6943573661219555,0.8675644219423181,337.3498840332031,193.1601104736328,216.11982077063843,340.0255886353538,24.698775463189616,9.933333396911621,0.0
