t0,t1,t_mean,t0_data,t1_data,cps_bgsub,cps_bgsub_err,flux_bgsub,flux_bgsub_err,mag_bgsub,mag_bgsub_err_1,mag_bgsub_err_2,cps_mcatbgsub,cps_mcatbgsub_err,flux_mcatbgsub,flux_mcatbgsub_err,mag_mcatbgsub,mag_mcatbgsub_err_1,mag_mcatbgsub_err_2,cps,cps_err,flux,flux_err,mag,mag_err_1,mag_err_2,counts,flat_counts,bg_counts,bg_flat_counts,exptime,bg,mcat_bg,responses,detxs,detys,detrad,racent,deccent,q_mean,flags
777390387.995,777392082.995,777391228.1573281,777390391.3,777392081.665,0.03701574598206925,0.017284289813695827,7.625243672306265e-18,3.5605637016213406e-18,23.65903373453251,0.4160340242457963,0.6830684227686952,0.009579659807562441,0.01782745060617841,1.973409920357863e-18,3.672454824872753e-18,25.126624783233105,1.141282906784518,,0.2333970148816402,0.012737287589393855,4.807978506561788e-17,2.623881243415134e-18,21.65976175706683,0.05769211533594998,0.06093055015958626,320.0,335.76597533376264,1028.0,980.9547217155207,1438.6044119031924,282.51495985406996,321.9846344700716,0.9532560053315976,90.47669982910156,327.61419677734375,317.87478329819305,337.4778933387679,1.0584528434995306,8.399999618530273,32.0
1002452175.995,1002452212.995,1002452200.141875,1002452178.575,1002452208.87,0.04974964369753978,0.15649546275481704,1.0248426601693194e-17,3.223806532749231e-17,23.338025063212548,1.5439841954680524,,0.06974631565470243,0.1540058933273167,1.4367741024868702e-17,3.172521402542724e-17,22.971196822576548,1.265615151473419,,0.3416444132332685,0.11492173453598102,7.037874912605331e-17,2.367387731441209e-17,21.246064191793458,0.31482346043437914,0.4451983980482659,8.0,8.837802702870963,29.0,26.218256256788155,25.868424480387084,7.55085780195499,7.033575403572054,0.9053543477050312,85.35417175292969,338.76654052734375,320.5488009527946,337.4784565239421,1.0588026351745425,8.125,32.0
