t0,t1,t_mean,t0_data,t1_data,cps_bgsub,cps_bgsub_err,flux_bgsub,flux_bgsub_err,mag_bgsub,mag_bgsub_err_1,mag_bgsub_err_2,cps_mcatbgsub,cps_mcatbgsub_err,flux_mcatbgsub,flux_mcatbgsub_err,mag_mcatbgsub,mag_mcatbgsub_err_1,mag_mcatbgsub_err_2,cps,cps_err,flux,flux_err,mag,mag_err_1,mag_err_2,counts,flat_counts,bg_counts,bg_flat_counts,exptime,bg,mcat_bg,responses,detxs,detys,detrad,racent,deccent,q_mean,flags
764685493.995,764685607.995,764685553.8625151,764685497.865,764685607.145,1.0706593543536773,0.13651596411672037,2.2055582699685753e-16,2.8122288608044396e-17,20.00587171054101,0.1302975790633738,0.14809442648291693,1.351009507707893,0.12603345646975533,2.7830795858782593e-16,2.59628920327696e-17,19.753353986566786,0.09683680716536713,0.10632701804263789,1.4845377679359013,0.12072114682577852,3.0581478019479565e-16,2.4868556246110372e-17,19.65102187274224,0.08488459883676924,0.09208817981797424,132.0,151.22228526542906,168.0,146.38778311015778,101.86489595053433,42.159681535725454,13.601842334581942,0.8730562568324775,352.0805358886719,456.62274169921875,74.1782307570982,186.15775681921406,10.838211669061,15.931818008422852,0.0
953468098.995,953469800.995,953468934.0729922,953468099.115,953469798.86,1.0431850704049375,0.03284379789097136,2.1489612450341712e-16,6.7658223655401e-18,20.034096592486936,0.033656399933295944,0.03473317173168411,1.222013356602902,0.031028283279847163,2.517347514601978e-16,6.391826355648516e-18,19.86231011807483,0.02722387630806722,0.0279240857204357,1.3533604147522313,0.029624022933709124,2.7879224543895966e-16,6.1025487243440795e-18,19.75146632651421,0.023509559388447343,0.024029902148310356,1681.0,2087.0789039439214,2061.0,1660.8873760903828,1542.1456702840069,478.3355643140303,202.55629702953016,0.8056974331706714,382.2093200683594,312.19512939453125,89.58908189323736,186.1577946083447,10.838196970482954,13.505651473999023,0.0
