t0,t1,t_mean,t0_data,t1_data,cps_bgsub,cps_bgsub_err,flux_bgsub,flux_bgsub_err,mag_bgsub,mag_bgsub_err_1,mag_bgsub_err_2,cps_mcatbgsub,cps_mcatbgsub_err,flux_mcatbgsub,flux_mcatbgsub_err,mag_mcatbgsub,mag_mcatbgsub_err_1,mag_mcatbgsub_err_2,cps,cps_err,flux,flux_err,mag,mag_err_1,mag_err_2,counts,flat_counts,bg_counts,bg_flat_counts,exptime,bg,mcat_bg,responses,detxs,detys,detrad,racent,deccent,q_mean,flags
843839654.995,843839751.995,843839697.805,843839697.805,843839697.805,-0.0014174925331780725,0.016207806579301327,-1.9844895464493017e-18,2.269092921102186e-17,,,,,,,,,,,0.01175459603501677,0.011130017321390056,1.645643444902348e-17,1.558202424994608e-17,23.644480728720573,0.7233396768887026,3.1865513240735517,1.0,1.1153822696849451,5.0,4.33988461002748,94.88903458376942,1.2498867676879142,,0.8965536096270058,444.4831848144531,338.9858703613281,75.50813033575557,349.480344292182,1.22379357014389,10.0,0.0
873338815.995,873338911.995,873338862.615,873338854.7,873338870.53,0.0047737915355825595,0.019701020809273495,6.683308149815584e-18,2.7581429132982896e-17,24.622841374782578,1.7746398013631683,,0.005119930002683767,0.01960721935805823,7.167902003757274e-18,2.7450107101281525e-17,24.54683994114245,1.7097750714857938,,0.02060504148830435,0.014815229819063497,2.884705808362609e-17,2.0741321746688897e-17,23.035066266713624,0.5881959752548553,1.3782726401766396,2.0,1.934328368010982,5.0,5.160353175042294,93.87646072486329,1.486181714412181,1.45368746019999,1.0342185554646997,359.07965087890625,469.30657958984375,80.48525918847217,349.4804288180445,1.2242201067010852,10.0,0.0
905314096.995,905314627.995,905314314.065,905314314.065,905314314.065,-0.01317270907954077,0.006767456559221631,-1.844179271135708e-17,9.474439182910283e-18,,,,-0.012822495028761524,0.006701685479915984,-1.7951493040266136e-17,9.382359671882378e-18,,,,0.0024663766026814444,0.0024977580281945622,3.4529272437540225e-18,3.496861239472387e-18,25.33985152050777,0.7594603989149888,,1.0,0.9750301753823108,22.0,21.46730546241883,395.32899165612343,6.182583973176625,6.04413420561826,1.0256092839464157,425.8673095703125,458.68035888671875,64.1287940279598,349.48092572987,1.22446723804218,14.0,64.0
