t0,t1,t_mean,t0_data,t1_data,cps_bgsub,cps_bgsub_err,flux_bgsub,flux_bgsub_err,mag_bgsub,mag_bgsub_err_1,mag_bgsub_err_2,cps_mcatbgsub,cps_mcatbgsub_err,flux_mcatbgsub,flux_mcatbgsub_err,mag_mcatbgsub,mag_mcatbgsub_err_1,mag_mcatbgsub_err_2,cps,cps_err,flux,flux_err,mag,mag_err_1,mag_err_2,counts,flat_counts,bg_counts,bg_flat_counts,exptime,bg,mcat_bg,responses,detxs,detys,detrad,racent,deccent,q_mean,flags
784751874.995,784753574.995,784752736.9051282,784751907.06,784753553.995,0.0007928265961797972,0.007390067250527767,1.109957234651716e-18,1.0346094150738875e-17,26.572054473563558,2.5343217667890947,,,,,,,,,0.046082632327730084,0.005248188477089096,6.451568525882212e-17,7.347463867924734e-18,22.161156802870742,0.11710232511205021,0.13127658452516044,78.0,77.10023662994647,260.0,263.10336472750976,1673.0866431766667,75.77376904152283,,1.0124141071544548,358.2593078613281,382.754150390625,45.163090117534736,53.76805555625221,-24.944296692551724,7.192307472229004,0.0
876226062.995,876226167.995,876226141.8418182,876226092.59,876226166.08,0.047986268813157276,0.039991597823680135,6.718077633842019e-17,5.598823695315219e-17,22.117207543633928,0.6581411101876533,1.945790967334517,0.09250620640712394,0.0341543642821357,1.2950868896997352e-16,4.7816109994989985e-17,21.404572821721487,0.34117642291716876,0.5002907508859167,0.10624911604304446,0.03213902344438582,1.4874876246026224e-16,4.4994632822140154e-17,21.254186686117066,0.2869338627215541,0.39111992411564955,11.0,10.929122611195188,20.0,20.809382310361507,102.86318623834478,5.993102105384115,1.4136394733364344,1.00733615609345,323.3813171386719,447.2887878417969,90.03694807661604,53.7684044818626,-24.944281212647535,9.727272987365723,0.0
882497073.995,882497182.995,882497126.739,882497086.385,882497179.92,-0.01288729583424405,0.030960373393079756,-1.804221416794167e-17,4.334452275031166e-17,,,,0.03042754252338239,0.02351391733639193,4.259855953273535e-17,3.2919484270948705e-17,22.61183280491071,0.6216395447257348,1.608902617224512,0.04473371063842228,0.020467731949742746,6.26271948937912e-17,2.865482472963985e-17,22.193412689569904,0.40905570118302137,0.6640927808091881,5.0,4.776726843451871,20.0,21.36406225651307,106.78136857596354,6.152849929875765,1.5276322104017719,1.047121947802788,360.51544189453125,482.00811767578125,91.01846896926428,53.7682462948654,-24.943290203845983,12.0,0.0
