t0,t1,t_mean,t0_data,t1_data,cps_bgsub,cps_bgsub_err,flux_bgsub,flux_bgsub_err,mag_bgsub,mag_bgsub_err_1,mag_bgsub_err_2,cps_mcatbgsub,cps_mcatbgsub_err,flux_mcatbgsub,flux_mcatbgsub_err,mag_mcatbgsub,mag_mcatbgsub_err_1,mag_mcatbgsub_err_2,cps,cps_err,flux,flux_err,mag,mag_err_1,mag_err_2,counts,flat_counts,bg_counts,bg_flat_counts,exptime,bg,mcat_bg,responses,detxs,detys,detrad,racent,deccent,q_mean,flags
845893101.995,845893212.995,845893178.3050001,845893173.7,845893182.91,-0.00925175392798138,0.020500687001134485,-1.2952455499173934e-17,2.870096180158828e-17,,,,0.001613034250523906,0.017884519988145355,2.2582479507334688e-18,2.50383279834035e-17,25.80089102719466,2.7058413700539212,,0.018109321295665306,0.012937642053093923,2.5353049813931428e-17,1.8112698874331493e-17,23.17524456486516,0.5852923873084883,1.360676481959807,2.0,1.9592690833108914,10.0,10.278567299180649,108.19119343693279,2.9602273821640277,1.7847529826920616,1.0207964657572406,85.16598510742188,450.72930908203125,318.8948411832972,358.552875406884,27.40961241113695,9.0,32.0
846147432.995,846147541.995,1.5e-323,-1.2907392314990755e-231,1.5e-323,-0.050086558709424786,0.02161541828662199,-7.01211821931947e-17,3.026158560127079e-17,,,,-0.016966669884189003,0.012580599944126681,-2.3753337837864606e-17,1.7612839921777355e-17,,,,0.0,0.0,0.0,0.0,inf,,,1.5e-323,1.5e-323,19.0,18.643292414509787,107.1997828105624,5.36926821537882,1.818823326603571,1.5e-323,1.5e-323,1.5e-323,565.685424949238,160000.0,1.5e-323,1.5e-323,32.0
904491968.995,904493581.995,904493005.1054411,904492050.655,904493562.055,-0.0078004785802516284,0.006212380820900857,-1.092067001235228e-17,8.6973331492612e-18,,,,0.009863164355248224,0.005238516722673629,1.3808430097347515e-17,7.333923411743081e-18,23.834959324829956,0.4625225609814514,0.8223440552166252,0.026665051878447615,0.00410298585995906,3.7331072629826665e-17,5.744180203942684e-18,22.755143917586214,0.15539341652819516,0.1814089182327585,34.0,42.23619880165589,233.0,189.55483729720953,1583.9533706586883,54.591793141596355,26.613406375799837,0.8064093823225541,493.7663269042969,169.74325561523438,248.61675807514416,358.5538265286861,27.409353877136084,11.058823585510254,0.0
