t0,t1,t_mean,t0_data,t1_data,cps_bgsub,cps_bgsub_err,flux_bgsub,flux_bgsub_err,mag_bgsub,mag_bgsub_err_1,mag_bgsub_err_2,cps_mcatbgsub,cps_mcatbgsub_err,flux_mcatbgsub,flux_mcatbgsub_err,mag_mcatbgsub,mag_mcatbgsub_err_1,mag_mcatbgsub_err_2,cps,cps_err,flux,flux_err,mag,mag_err_1,mag_err_2,counts,flat_counts,bg_counts,bg_flat_counts,exptime,bg,mcat_bg,responses,detxs,detys,detrad,racent,deccent,q_mean,flags
749491991.995,749492102.995,749492091.2909999,749492088.611,749492093.971,0.009240005512933953,0.01551869180602255,1.2936007718107535e-17,2.1726168528431572e-17,23.905819424158587,1.0701389004253912,,,,,,,,,0.017504002257998797,0.012790379813794493,2.4505603161198318e-17,1.790653173931229e-17,23.212156598307764,0.5955618443627841,1.4244564189736089,2.0,1.872870888090036,3.0,3.070210326237687,106.99672340559661,0.8842205739564539,,1.0687204499210718,391.9239807128906,611.3331909179688,211.48744565835673,18.316761747217548,-0.025848351765751,14.0,0.0
875361179.995,875362713.995,875362006.692381,875361213.605,875362516.76,0.007901059559258955,0.00397883126654211,1.1061483382962538e-17,5.570363773158954e-18,24.075786661051282,0.44281778497692414,0.7603811686651163,0.004933395589484558,0.004220932216380016,6.906753825278381e-18,5.909305102932022e-18,24.587135146960915,0.671201296839854,2.1009584963112466,0.015783613944630806,0.003249337123692174,2.209705952248313e-17,4.549071973169044e-18,23.324483875358837,0.20324920305541738,0.25026791985810704,21.0,23.595183266942914,46.0,40.91583260259805,1494.9163955552406,11.78375978954824,16.220169314462538,0.8909469268734005,470.24200439453125,604.0919799804688,215.84132012594208,18.315764442061273,-0.025103063836034244,17.809524536132812,0.0
906136487.995,906138061.995,906137394.1647369,906136573.085,906138029.96,0.01127053183867903,0.0038204948189605346,1.5778744574150643e-17,5.348692746544748e-18,23.69013897449125,0.3169359401629599,0.449464948530796,0.005956020271379025,0.00425099892944167,8.338428379930636e-18,5.9513985012183384e-18,24.38260958197852,0.5848569113283801,1.3580658693371106,0.016797249360657695,0.0033140038989285035,2.3516149104920774e-17,4.639605458499905e-18,23.256904576234863,0.19550241393550039,0.23860932151751157,19.0,25.69036703077662,39.0,29.349919840399224,1529.438926527356,8.452776914034978,16.580997780543512,0.7403952243372028,612.430419921875,434.6644287109375,215.24011226079543,18.315379739884673,-0.02495722683494314,15.894737243652344,8.0
