t0,t1,t_mean,t0_data,t1_data,cps_bgsub,cps_bgsub_err,flux_bgsub,flux_bgsub_err,mag_bgsub,mag_bgsub_err_1,mag_bgsub_err_2,cps_mcatbgsub,cps_mcatbgsub_err,flux_mcatbgsub,flux_mcatbgsub_err,mag_mcatbgsub,mag_mcatbgsub_err_1,mag_mcatbgsub_err_2,cps,cps_err,flux,flux_err,mag,mag_err_1,mag_err_2,counts,flat_counts,bg_counts,bg_flat_counts,exptime,bg,mcat_bg,responses,detxs,detys,detrad,racent,deccent,q_mean,flags
753629849.995,753629969.995,753629949.6352499,753629939.466,753629957.99,0.02956914308704993,0.01922497840757581,4.13968003218699e-17,2.6914969770606134e-17,22.642903152834023,0.5438219109029383,1.1403582823880711,,,,,,,,0.03655766753841848,0.017614892969478036,5.1180734553785874e-17,2.4660850157269252e-17,22.412553802552605,0.4270022108934093,0.7138372201603538,4.0,4.307218867125919,3.0,2.8589822750088523,117.8198489441226,0.8233868952025496,,0.9295396225394456,218.19683837890625,351.1493835449219,188.2518852587317,34.76066235970823,-0.27208073067449323,5.75,0.0
908887268.995,908888965.995,908887970.3010714,908887346.33,908888618.965,0.005318957325010823,0.003152336116010497,7.446540255015153e-18,4.4132705624146964e-18,24.50543373522819,0.5053080495472209,0.9751087894493118,-0.0002813323133341518,0.0036495841415125777,-3.938652386678125e-19,5.109417798117609e-18,,,,0.010886467818939285,0.002564133035102081,1.5241054946515e-17,3.5897862491429135e-18,23.727782517225755,0.22963673025882514,0.2916045271766592,14.0,18.02573069029305,40.0,32.009172115757195,1655.7924011802547,9.218641569338073,18.4915585969182,0.7778560633470936,549.501953125,291.9053039550781,184.48657756388064,34.760302297153046,-0.27248884455674305,13.357142448425293,65.0
