t0,t1,t_mean,t0_data,t1_data,cps_bgsub,cps_bgsub_err,flux_bgsub,flux_bgsub_err,mag_bgsub,mag_bgsub_err_1,mag_bgsub_err_2,cps_mcatbgsub,cps_mcatbgsub_err,flux_mcatbgsub,flux_mcatbgsub_err,mag_mcatbgsub,mag_mcatbgsub_err_1,mag_mcatbgsub_err_2,cps,cps_err,flux,flux_err,mag,mag_err_1,mag_err_2,counts,flat_counts,bg_counts,bg_flat_counts,exptime,bg,mcat_bg,responses,detxs,detys,detrad,racent,deccent,q_mean,flags
753464460.995,753464570.995,753464533.8663334,753464483.847,753464569.194,0.04429827422244447,0.02626580375152569,6.201758391142226e-17,3.6772125252135966e-17,22.20403298186155,0.5054921598472752,0.9758289439296135,0.04968124593574418,0.025300283191972056,6.955374431004186e-17,3.542039646876088e-17,22.079518803000923,0.44690453528455976,0.7728540699157627,0.059443894783540764,0.023447979774082264,8.322145269695707e-17,3.282717168371517e-17,21.88473185799482,0.3610117607354617,0.5446350976920407,6.0,6.426931216920808,6.0,5.685792152917722,108.11759963447653,1.6375081400403044,1.055514159498054,0.9336449723172294,472.2572937011719,378.590576171875,75.36232428521363,32.29646612925627,-3.74495163298636,10.5,0.0
847921987.995,847922106.995,847922104.83,847922104.83,847922104.83,-0.013519953471333203,0.018044659321066053,-1.8927934859866486e-17,2.5262523049492476e-17,,,,0.0004462755394930655,0.013841595619256214,6.247857552902918e-19,1.93782338669587e-17,27.19599229082108,3.763411104071867,,0.010205929062522344,0.009896267736656259,1.4288300687531283e-17,1.3854774831318763e-17,23.79786863651696,0.7359774374846921,3.79491394108031,1.0,1.063560545630262,9.0,8.584985399541448,104.2100664344034,2.472475795067938,1.0170541420116403,0.9402379621062417,433.5759582519531,360.1991271972656,52.07162805594175,32.2954838245826,-3.74531709659348,12.0,0.0
877959341.995,877959460.995,877959375.5500001,877959350.36,877959390.23,0.024658200951147444,0.019497074082400596,3.4521481331606424e-17,2.7295903715360836e-17,22.84009653118069,0.6325530167694993,1.698042131685277,0.02544198235093945,0.01932331200700122,3.561877529131523e-17,2.7052636809801712e-17,22.80612263246735,0.613476243912455,1.547234729256349,0.034413672903576775,0.017209785585981904,4.8179142065007486e-17,2.4093699820374668e-17,22.47817243377528,0.4402901751229251,0.7527610928755202,4.0,3.9986292070908758,4.0,3.9358261261161567,116.19303810710886,1.1335179243214533,1.0424479822677772,1.0003737514514528,404.0296630859375,454.39947509765625,54.548520378528046,32.29645206704805,-3.7449164061059173,11.5,0.0
