t0,t1,t_mean,t0_data,t1_data,cps_bgsub,cps_bgsub_err,flux_bgsub,flux_bgsub_err,mag_bgsub,mag_bgsub_err_1,mag_bgsub_err_2,cps_mcatbgsub,cps_mcatbgsub_err,flux_mcatbgsub,flux_mcatbgsub_err,mag_mcatbgsub,mag_mcatbgsub_err_1,mag_mcatbgsub_err_2,cps,cps_err,flux,flux_err,mag,mag_err_1,mag_err_2,counts,flat_counts,bg_counts,bg_flat_counts,exptime,bg,mcat_bg,responses,detxs,detys,detrad,racent,deccent,q_mean,flags
765974611.995,765974721.995,765974653.356,765974653.356,765974653.356,-0.013981204026495643,0.017351626444702603,-1.9573685637093902e-17,2.4292277022583644e-17,,,,-0.002207048280358899,0.013778478988790168,-3.089867592502459e-18,1.9289870584306237e-17,,,,0.00894427180545445,0.00919228268168158,1.252198052763623e-17,1.2869195754354213e-17,23.941137528950648,0.7675244913627992,,1.0,0.9467672663468336,8.0,8.426051640779782,105.8517995584023,2.4267028725445776,1.1803872985351003,1.0562257859405813,321.5331726074219,539.4439697265625,160.00519895978107,199.076257051234,7.04784494632244,14.0,0.0
893068075.995,893069749.995,893068979.0826086,893068182.005,893069737.885,-0.004896275089439636,0.004761654375812879,-6.8547851252154904e-18,6.666316126138031e-18,,,,0.004534464616964493,0.004115548878670962,6.3482504637502905e-18,5.761768430139347e-18,24.67868495652841,0.7012269191428864,2.585998351654002,0.016192119667947237,0.003138114410328648,2.2668967535126132e-17,4.393360174460107e-18,23.29674073793184,0.1923335207383552,0.23389980387810638,23.0,26.623789034338127,140.0,120.39742355456349,1644.2435938168537,34.67445798371429,19.168024636505066,0.8648903019542825,473.2279357910156,714.1541137695312,322.5757861007746,199.0749747133257,7.047731426895486,13.434782981872559,32.0
