t0,t1,t_mean,t0_data,t1_data,cps_bgsub,cps_bgsub_err,flux_bgsub,flux_bgsub_err,mag_bgsub,mag_bgsub_err_1,mag_bgsub_err_2,cps_mcatbgsub,cps_mcatbgsub_err,flux_mcatbgsub,flux_mcatbgsub_err,mag_mcatbgsub,mag_mcatbgsub_err_1,mag_mcatbgsub_err_2,cps,cps_err,flux,flux_err,mag,mag_err_1,mag_err_2,counts,flat_counts,bg_counts,bg_flat_counts,exptime,bg,mcat_bg,responses,detxs,detys,detrad,racent,deccent,q_mean,flags
749492566.995,749492678.995,749492652.34725,749492634.613,749492676.698,0.024904754687763275,0.02053953265860422,3.486665656286859e-17,2.8755345722045907e-17,22.829294329295514,0.6529925723994623,1.8906898251788142,0.024595761473939676,0.020607852080029014,3.443406606351555e-17,2.885099291204062e-17,22.842849318326696,0.6607822020266454,1.9752874754351168,0.035637726696112586,0.018006269017839558,4.9892817374557625e-17,2.5208776624975382e-17,22.44022501767814,0.44402781552874515,0.7640544347754101,4.0,3.91717087904735,4.0,4.096283755855104,109.91640719537368,1.1797297216862703,1.2136931455975124,1.0212310770384136,367.2862243652344,393.66131591796875,33.322215295108776,17.183017507218928,-0.5275074496834935,8.0,0.0
875775362.995,875776302.995,875775862.1885713,875775645.24,875776297.52,-0.00412751333292175,0.004648792683197659,-5.77851866609045e-18,6.508309756476723e-18,,,,-0.003866225925149,0.00461827255447369,-5.4127162952086e-18,6.465581576263166e-18,,,,0.007918764989883597,0.002927748571189972,1.1086270985837036e-17,4.098847999665961e-18,24.073356364177044,0.3415817731155002,0.501171139460439,7.0,7.315556237559975,40.0,38.64117324673144,923.825400413545,11.128657895058657,10.887273950949979,0.9579524213213217,391.106201171875,385.8187561035156,16.739394733583797,17.1827562234259,-0.5265599914474391,8.142857551574707,0.0
878715402.995,878716883.995,878716377.232,878715736.025,878716863.0,0.0025951525945449717,0.004130769669025566,3.633213632362961e-18,5.783077536635793e-18,25.284592751551862,1.033972360419213,,0.0015534264036072116,0.004216299062584086,2.1747969650500962e-18,5.9028186876177205e-18,25.841773293525584,1.4246611663825348,,0.01374662495069762,0.0030693466596018594,1.924527493097667e-17,4.2970853234426035e-18,23.474509790076954,0.2188147037859629,0.27433880426811186,20.0,20.0585846201812,56.0,56.49941164794471,1459.16431794142,16.27183055460808,17.79188024148949,0.998163201551946,382.7705383300781,395.9095458984375,17.708364243833945,17.18325134346535,-0.5270779917840466,7.550000190734863,0.0
