t0,t1,t_mean,t0_data,t1_data,cps_bgsub,cps_bgsub_err,flux_bgsub,flux_bgsub_err,mag_bgsub,mag_bgsub_err_1,mag_bgsub_err_2,cps_mcatbgsub,cps_mcatbgsub_err,flux_mcatbgsub,flux_mcatbgsub_err,mag_mcatbgsub,mag_mcatbgsub_err_1,mag_mcatbgsub_err_2,cps,cps_err,flux,flux_err,mag,mag_err_1,mag_err_2,counts,flat_counts,bg_counts,bg_flat_counts,exptime,bg,mcat_bg,responses,detxs,detys,detrad,racent,deccent,q_mean,flags
848003767.995,848003876.995,848003798.655,848003798.655,848003798.655,0.0003669879000667881,0.016817208228672956,5.137830600935034e-19,2.3544091520142138e-17,27.40837063651456,4.176193688489327,,,,,,,,,0.013975124213643369,0.011970407615632426,1.9565173899100717e-17,1.6758570661885397e-17,23.45661080832475,0.671767251457382,2.1082567263662355,1.0,1.3629925275836208,6.0,4.608334141663636,97.52990433194034,1.3272002327991272,,0.7336797376085755,584.13134765625,217.79232788085938,259.04437644693826,37.4852597106705,-7.99687960989985,15.0,0.0
907769176.995,907770857.995,907770052.0385714,907769243.08,907770781.33,-0.005327052868338757,0.0036121915164567414,-7.45787401567426e-18,5.057068123039438e-18,,,,,,,,,,,0.008194272563926778,0.002218911977744925,1.147198158949749e-17,3.106476768842895e-18,24.036223985799566,0.2601828982829488,0.3428657188680475,14.0,13.637685231334626,77.0,78.13705426441936,1664.2948016363407,22.503471628152777,,1.027109239498103,225.76913452148438,592.6939697265625,259.78329517960543,37.485637953104636,-7.997288966583697,13.214285850524902,0.0
