t0,t1,t_mean,t0_data,t1_data,cps_bgsub,cps_bgsub_err,flux_bgsub,flux_bgsub_err,mag_bgsub,mag_bgsub_err_1,mag_bgsub_err_2,cps_mcatbgsub,cps_mcatbgsub_err,flux_mcatbgsub,flux_mcatbgsub_err,mag_mcatbgsub,mag_mcatbgsub_err_1,mag_mcatbgsub_err_2,cps,cps_err,flux,flux_err,mag,mag_err_1,mag_err_2,counts,flat_counts,bg_counts,bg_flat_counts,exptime,bg,mcat_bg,responses,detxs,detys,detrad,racent,deccent,q_mean,flags
745857891.995,745859400.995,745858607.5304203,745857894.54,745859397.295,0.01796300076163365,0.01588415574469985,3.7003781568965315e-18,3.2721360834081693e-18,24.444052779227402,0.6878582531038226,2.3413919387611166,,,,,,,,0.17645767471551757,0.011529033443238225,3.6350280991396617e-17,2.374980889307074e-18,21.96339862005069,0.06871647755323451,0.07336117706609713,226.0,234.25847190091758,756.0,730.5954093982486,1327.5618205815395,210.41147790669564,,0.9650184847998985,653.2842407226562,404.43902587890625,253.32313662436377,350.0907175782269,-0.3500172695666245,12.283185958862305,0.0
750959631.995,750959740.995,750959684.0186001,750959638.186,750959738.854,0.05455332953191462,0.05442657592653024,1.1237985883574412e-17,1.1211874640865228e-17,23.237946845355896,0.7513129123855578,6.584652351469462,0.003763802492050845,0.05910799489448087,7.753433133624741e-19,1.2176246948263058e-17,26.140932936320638,3.057072626797453,,0.1688105947020001,0.04203059926406216,3.477498250861202e-17,8.658303448396806e-18,22.011500750374477,0.2413894176310869,0.3108724201048503,15.0,16.131257931707367,41.0,37.91053143933799,95.55832653859042,10.918233054529342,15.771595264145212,0.9301614992795074,168.82876586914062,275.5477600097656,262.54237663312847,350.0906466680596,-0.34993189194721797,12.0,0.0
907662692.995,907664383.995,907663572.2552407,907662693.58,907664382.59,0.05786448255067831,0.014834488311238745,1.1920083405439732e-17,3.0559045921151814e-18,23.173969815433413,0.24779047283706035,0.32160196471110325,,,,,,,,0.19373060211499174,0.011373136279948513,3.9908504035688296e-17,2.3428660736693935e-18,21.862004429359484,0.061938370010988564,0.06568669984904574,270.0,290.15894946347345,759.0,706.572004465551,1497.7445292367656,203.49273728607872,,0.9306329948840406,614.8663330078125,528.1270751953125,250.16812038772935,350.0907224040087,-0.3499843837813425,10.140740394592285,0.0
