t0,t1,t_mean,t0_data,t1_data,cps_bgsub,cps_bgsub_err,flux_bgsub,flux_bgsub_err,mag_bgsub,mag_bgsub_err_1,mag_bgsub_err_2,cps_mcatbgsub,cps_mcatbgsub_err,flux_mcatbgsub,flux_mcatbgsub_err,mag_mcatbgsub,mag_mcatbgsub_err_1,mag_mcatbgsub_err_2,cps,cps_err,flux,flux_err,mag,mag_err_1,mag_err_2,counts,flat_counts,bg_counts,bg_flat_counts,exptime,bg,mcat_bg,responses,detxs,detys,detrad,racent,deccent,q_mean,flags
754203156.995,754203266.995,754203220.3223333,754203161.779,754203264.512,-0.01569850814583478,0.027541559593451878,-2.1977911404168694e-17,3.855818343083263e-17,,,,,,,,,,,0.029371306907509585,0.017299904670426438,4.111982967051342e-17,2.4219866538597014e-17,22.650191821632056,0.5028145097664236,0.9654138746126009,3.0,2.8824323460627816,15.0,15.357804664921195,98.13769455814744,4.423047743497305,,1.0432686751751563,402.6377258300781,543.3570556640625,143.38132028344478,56.31390224141857,-0.12871480732736265,16.33333396911621,0.0
912632060.995,912633761.995,912632885.0787902,912632075.215,912633747.93,0.006806224626238403,0.00674122832046554,9.528714476733764e-18,9.437719648651756e-18,24.237734304892317,0.7473784331083131,5.050044012271858,,,,,,,,0.04080575144484604,0.004978902310128264,5.712805202278446e-17,6.97046323417957e-18,22.29319655031934,0.12499638581097727,0.14128191235058196,62.0,67.17003110424008,210.0,194.32763025231918,1646.0922474379277,55.96635751266794,,0.9244800987064145,512.9940795898438,481.8505554199219,139.52482017514177,56.31468989781681,-0.12860531462298302,16.20967674255371,65.0
