t0,t1,t_mean,t0_data,t1_data,cps_bgsub,cps_bgsub_err,flux_bgsub,flux_bgsub_err,mag_bgsub,mag_bgsub_err_1,mag_bgsub_err_2,cps_mcatbgsub,cps_mcatbgsub_err,flux_mcatbgsub,flux_mcatbgsub_err,mag_mcatbgsub,mag_mcatbgsub_err_1,mag_mcatbgsub_err_2,cps,cps_err,flux,flux_err,mag,mag_err_1,mag_err_2,counts,flat_counts,bg_counts,bg_flat_counts,exptime,bg,mcat_bg,responses,detxs,detys,detrad,racent,deccent,q_mean,flags
772461491.995,772461644.995,772461548.8194444,772461494.637,772461618.902,-0.04248658217009851,0.033544843638637745,-5.948121503813791e-17,4.696278109409285e-17,,,,-0.004708559064679615,0.029406313082838347,-6.591982690551462e-18,4.116883831597369e-17,,,,0.060341817378891056,0.020399264986080166,8.447854433044749e-17,2.855897098051223e-17,21.86845403463451,0.31619045212529073,0.4479564315365714,9.0,8.749993559295772,50.0,51.773787375067016,145.00712672198566,14.910850764019303,9.432768180265724,1.0290398380197188,169.09654235839844,346.4816589355469,237.02451261660264,308.7978322154311,64.80714233792487,7.222222328186035,0.0
868392014.995,868392070.995,868392051.8916665,868392042.06,868392067.055,-0.034341063139947774,0.0530098944456044,-4.807748839592689e-17,7.421385222384617e-17,,,,-0.013916474383012816,0.04919632142221857,-1.9483064136217943e-17,6.8874849991106e-17,,,,0.05645489572415906,0.03282304228648658,7.903685401382268e-17,4.5952259201081216e-17,21.940745976074993,0.49760635386756036,0.945509562608855,3.0,2.958322758743516,17.0,16.52030179137978,52.40152728645541,4.757846915917377,3.6875672708562197,1.0142931732837308,201.0427703857422,487.7379455566406,217.44407627314325,308.796291281038,64.80790795333947,13.0,0.0
872521407.995,872521509.995,872521467.425,872521467.425,872521467.425,-0.03079990522654341,0.023444103406530227,-4.3119867317160775e-17,3.282174476914232e-17,,,,-0.0555584857581023,0.028391091249541246,-7.778188006134323e-17,3.974752774935774e-17,,,,0.0111337236458299,0.010738413820951306,1.558721310416186e-17,1.503377934933183e-17,23.703398906688165,0.73312697364074,3.624257072648348,1.0,1.0749805398160215,15.0,14.058213173010131,96.55175339462032,4.048765393826918,6.43924975571084,0.9302493979762144,188.52732849121094,330.314697265625,222.65833065988278,308.797065054962,64.8065184926174,6.0,65.0
