t0,t1,t_mean,t0_data,t1_data,cps_bgsub,cps_bgsub_err,flux_bgsub,flux_bgsub_err,mag_bgsub,mag_bgsub_err_1,mag_bgsub_err_2,cps_mcatbgsub,cps_mcatbgsub_err,flux_mcatbgsub,flux_mcatbgsub_err,mag_mcatbgsub,mag_mcatbgsub_err_1,mag_mcatbgsub_err_2,cps,cps_err,flux,flux_err,mag,mag_err_1,mag_err_2,counts,flat_counts,bg_counts,bg_flat_counts,exptime,bg,mcat_bg,responses,detxs,detys,detrad,racent,deccent,q_mean,flags
753889659.995,753889785.995,753889734.4464998,753889712.216,753889761.277,0.019387967584732553,0.027967548658930075,2.7143154618625575e-17,3.9154568122502105e-17,23.10116928764341,0.9695957261736403,,0.017289298378850692,0.02828736089301302,2.420501773039097e-17,3.9602305250218226e-17,23.225556576441598,1.0524127979816704,,0.05531524583219469,0.02177600363464613,7.744134416507256e-17,3.048640508850458e-17,21.96288788293831,0.36040059447488915,0.5432290027774762,6.0,6.452579038123607,16.0,14.551920581442847,116.65100536113073,4.190953127455541,4.435765000242106,0.9313203004619593,242.5435791015625,201.3321533203125,253.49839799590396,54.006560237245196,1.1050874983288401,7.166666507720947,0.0
912217990.995,912219695.995,912218789.4812628,912217993.315,912219687.63,0.05929899610678933,0.007701286542116618,8.301859454950506e-17,1.0781801158963266e-17,21.887381647237415,0.13257323431042423,0.15104229372854405,0.04262340940889078,0.008327557388387946,5.96727731724471e-17,1.1658580343743125e-17,22.245879536000412,0.19376060895366365,0.23601647245985546,0.07891164059366287,0.006892268260599018,1.1047629683112803e-16,9.649175564838625e-18,21.57714731857023,0.09091500075517445,0.09922935126435917,99.0,131.08644921887512,150.0,113.12546971641953,1661.1801279595018,32.580135278328825,60.2812885229437,0.756653881731101,547.6801147460938,193.6591033935547,253.74392978704174,54.0065576576945,1.1046684069727748,11.626262664794922,8.0
