t0,t1,t_mean,t0_data,t1_data,cps_bgsub,cps_bgsub_err,flux_bgsub,flux_bgsub_err,mag_bgsub,mag_bgsub_err_1,mag_bgsub_err_2,cps_mcatbgsub,cps_mcatbgsub_err,flux_mcatbgsub,flux_mcatbgsub_err,mag_mcatbgsub,mag_mcatbgsub_err_1,mag_mcatbgsub_err_2,cps,cps_err,flux,flux_err,mag,mag_err_1,mag_err_2,counts,flat_counts,bg_counts,bg_flat_counts,exptime,bg,mcat_bg,responses,detxs,detys,detrad,racent,deccent,q_mean,flags
753997202.995,753997315.995,753997266.2550555,753997206.864,753997315.559,-0.131608319652577,0.08356984182404753,-2.711131384843086e-17,1.721538741575379e-17,,,,0.025150367997485844,0.07187686329206637,5.1809758074820835e-18,1.480663383816567e-17,24.078639140028262,1.4658732370097667,,0.23535363626448813,0.05223937634561121,4.8482849070484554e-17,1.0761311527195909e-17,21.650697718405112,0.21764354384233897,0.2724968664586669,18.0,20.297654613232346,123.0,109.8888174376385,86.24321652894302,31.647979422039892,18.128605980242575,0.8868728625228139,479.56201171875,504.2360534667969,131.13073076539857,37.770242996242615,27.701932988733464,16.11111068725586,0.0
908502774.995,908504436.995,908503584.3304385,908502785.155,908504428.925,0.03705643095651685,0.02064924123065668,7.633624777042471e-18,4.253743693515276e-18,23.657841028822613,0.48088728955058,0.8845734708709685,,,,,,,,0.31994991730897415,0.015043290505939482,6.590968296564867e-17,3.0989178442235332e-18,21.317294994345605,0.049884998218260534,0.05228784722769575,365.0,452.3538799746566,1722.0,1388.7586520072618,1413.8271507594127,399.9624917780915,,0.8071663264181873,396.08154296875,310.5058288574219,89.5799138981659,37.77042012965524,27.70170276103304,13.591780662536621,0.0
