t0,t1,t_mean,t0_data,t1_data,cps_bgsub,cps_bgsub_err,flux_bgsub,flux_bgsub_err,mag_bgsub,mag_bgsub_err_1,mag_bgsub_err_2,cps_mcatbgsub,cps_mcatbgsub_err,flux_mcatbgsub,flux_mcatbgsub_err,mag_mcatbgsub,mag_mcatbgsub_err_1,mag_mcatbgsub_err_2,cps,cps_err,flux,flux_err,mag,mag_err_1,mag_err_2,counts,flat_counts,bg_counts,bg_flat_counts,exptime,bg,mcat_bg,responses,detxs,detys,detrad,racent,deccent,q_mean,flags
753629849.995,753629969.995,753629864.305,753629864.305,753629864.305,0.004929215883500093,0.010903714448418244,6.900902236900131e-18,1.526520022778554e-17,24.58805540188461,1.26695865385528,,,,,,,,,0.009468467110755236,0.008964593612479485,1.325585395505733e-17,1.255043105747128e-17,23.87930081258315,0.723294447001841,3.1848953953936494,1.0,1.1155733647215749,2.0,1.8569926872035554,117.8198489441226,0.5348138939146241,,0.8964000321481146,497.80682373046875,600.939208984375,223.4787248833976,34.1501884093913,-0.155204643402267,19.0,0.0
908863633.995,908865004.995,908864669.8441666,908864540.54,908864838.87,-0.0016870807872819457,0.002944879520983638,-2.3619131021947242e-18,4.122831329377093e-18,,,,,,,,,,,0.00497361031673615,0.0019254544712536817,6.96305444343061e-18,2.6956362597551546e-18,24.578320611959988,0.35529617034559635,0.5315864686555543,6.0,6.6723220906220195,35.0,31.026447563794907,1341.5450076918412,8.935616898372935,,0.9012442725217423,414.5460510253906,241.1775665283203,159.48715614211505,34.14972812709007,-0.15556629300239833,9.5,0.0
908887268.995,908888965.995,908888064.3652778,908887286.58,908888851.165,0.004007677780998958,0.00331259234230377,5.610748893398541e-18,4.637629279225278e-18,24.812768007996425,0.6540857758388903,1.902136515516446,,,,,,,,0.011088565797521745,0.002587824059875354,1.5523992116530443e-17,3.622953683825496e-18,23.707811555389377,0.22774023599746585,0.28854638958592105,18.0,18.360362987523775,42.0,40.71000198391234,1655.7924011802547,11.724480571366756,,0.9814618944014745,179.0461883544922,350.5404968261719,226.4217951851819,34.149432020522504,-0.15502648162465318,6.277777671813965,0.0
