t0,t1,t_mean,t0_data,t1_data,cps_bgsub,cps_bgsub_err,flux_bgsub,flux_bgsub_err,mag_bgsub,mag_bgsub_err_1,mag_bgsub_err_2,cps_mcatbgsub,cps_mcatbgsub_err,flux_mcatbgsub,flux_mcatbgsub_err,mag_mcatbgsub,mag_mcatbgsub_err_1,mag_mcatbgsub_err_2,cps,cps_err,flux,flux_err,mag,mag_err_1,mag_err_2,counts,flat_counts,bg_counts,bg_flat_counts,exptime,bg,mcat_bg,responses,detxs,detys,detrad,racent,deccent,q_mean,flags
749327273.995,749327387.995,749327324.2326429,749327277.338,749327377.681,0.044893273423714505,0.052173063055864076,9.248014325285189e-18,1.0747650989508e-17,23.44954681641203,0.8372184129116107,,,,,,,,,0.15925042905914763,0.0398036202430053,3.280558838618441e-17,8.199545770059092e-18,22.074798472241824,0.2422260141018171,0.3122651490744772,14.0,16.007225904610475,46.0,39.91225998922127,100.51606139576043,11.494730876895728,,0.8747452200327724,420.0274963378906,412.88580322265625,23.814796540328466,12.878662627200901,-0.9471170941479864,16.5,0.0
876893370.995,876895067.995,876894192.1269792,876893371.01,876895043.7,0.0618066032385244,0.012776798082966312,1.2732160267136027e-17,2.63202040509106e-18,23.102412809168843,0.20401827206698542,0.251436772422732,0.01215025029783026,0.013996675140619091,2.5029515613530336e-18,2.8833150789675326e-18,24.868536938529015,0.8320885096234711,,0.15500225213138683,0.010096991333475424,3.193046393906569e-17,2.0799802146959374e-18,22.104154979072202,0.06851768706582462,0.0731346387883498,192.0,235.66335151242532,603.0,491.99103611721137,1520.386628399867,141.6934184017569,217.1902734278927,0.8149299790530028,376.3465881347656,375.7125549316406,33.90226955256808,12.878694531204792,-0.9474086376436631,14.645833015441895,0.0
