t0,t1,t_mean,t0_data,t1_data,cps_bgsub,cps_bgsub_err,flux_bgsub,flux_bgsub_err,mag_bgsub,mag_bgsub_err_1,mag_bgsub_err_2,cps_mcatbgsub,cps_mcatbgsub_err,flux_mcatbgsub,flux_mcatbgsub_err,mag_mcatbgsub,mag_mcatbgsub_err_1,mag_mcatbgsub_err_2,cps,cps_err,flux,flux_err,mag,mag_err_1,mag_err_2,counts,flat_counts,bg_counts,bg_flat_counts,exptime,bg,mcat_bg,responses,detxs,detys,detrad,racent,deccent,q_mean,flags
753464749.995,753464866.995,753464812.317,753464812.317,753464812.317,0.008142774108966461,0.01034202732353788,1.1399883752553045e-17,1.4478838252953035e-17,24.0430690323198,0.8901060064561719,,,,,,,,,0.010277246295238712,0.009410833826916756,1.4388144813334198e-17,1.317516735768346e-17,23.790308088591807,0.7058165088246078,2.68538017769842,1.0,1.192606904651643,1.0,0.8600398347391328,116.04342937700726,0.2476914724048703,,0.8384992541126509,443.1670227050781,157.32850646972656,246.48092344324394,31.4791753013232,-4.01637053867748,11.0,0.0
847921837.995,847921955.995,847921923.51,847921923.51,847921923.51,-0.005730935483393418,0.014670131854431738,-8.023309676750785e-18,2.0538184596204434e-17,,,,,,,,,,,0.009739115755954389,0.009118313789563157,1.3634762058336145e-17,1.276563930538842e-17,23.848701180632624,0.7174074151197303,2.9889161096654178,1.0,1.140801250062545,7.0,6.292014648645382,117.13601918788898,1.8121002188098703,,0.8765768795793083,327.1925354003906,167.89651489257812,243.25491711460754,31.4783465707363,-4.01559461186832,7.0,0.0
877959182.995,877959303.995,2.5e-323,1e-323,2.5e-323,-0.0038996116819687127,0.005743652486065924,-5.459456354756198e-18,8.041113480492294e-18,,,,-0.008216684383599859,0.008337306677541779,-1.1503358137039803e-17,1.1672229348558491e-17,,,,0.0,0.0,0.0,0.0,inf,,,2.5e-323,2.5e-323,2.0,1.6005672514861202,118.20750526505913,0.4609633684280027,0.9712737625357094,2.5e-323,2.5e-323,2.5e-323,565.685424949238,160000.0,2.5e-323,2.5e-323,0.0
