t0,t1,t_mean,t0_data,t1_data,cps_bgsub,cps_bgsub_err,flux_bgsub,flux_bgsub_err,mag_bgsub,mag_bgsub_err_1,mag_bgsub_err_2,cps_mcatbgsub,cps_mcatbgsub_err,flux_mcatbgsub,flux_mcatbgsub_err,mag_mcatbgsub,mag_mcatbgsub_err_1,mag_mcatbgsub_err_2,cps,cps_err,flux,flux_err,mag,mag_err_1,mag_err_2,counts,flat_counts,bg_counts,bg_flat_counts,exptime,bg,mcat_bg,responses,detxs,detys,detrad,racent,deccent,q_mean,flags
753629849.995,753629969.995,753629918.7444211,753629878.187,753629966.623,0.17264131560980026,0.039731315803171144,2.416978418537204e-16,5.562384212443961e-17,20.72713815778968,0.22488452835926864,0.28396769878008854,0.16695879959565713,0.04033370804415477,2.3374231943392e-16,5.646719126181669e-17,20.763476716080397,0.23493572928068573,0.3002238529978136,0.17931453647883594,0.03901202718330908,2.5104035107037033e-16,5.461683805663271e-17,20.685961255226648,0.21372770340975222,0.2663751487517132,19.0,21.12681160142181,3.0,2.7299926206963505,117.8198489441226,0.7862378747605491,1.455751053169451,0.899503673521498,438.4671936035156,280.8208312988281,125.23337908094926,34.509081716855945,-0.5591964629867295,9.315789222717285,0.0
908887268.995,908888965.995,908888134.7325402,908887270.22,908888964.835,0.1917150339840136,0.01126144374007341,2.6840104757761907e-16,1.5766021236102776e-17,20.613359572782834,0.06197385246077047,0.06572660957109377,0.189810940067992,0.011312385886198657,2.657353160951888e-16,1.5837340240678122e-17,20.62419689976344,0.06285300546610628,0.06671634342151833,0.20085140845067267,0.011013731840186187,2.8119197183094175e-16,1.5419224576260663e-17,20.562812796186133,0.05796155860081953,0.061231178841385514,311.0,332.56823587897543,56.0,52.527567417470124,1655.7924011802547,15.127939416231397,18.28072365351353,0.9366852939125275,466.7738037109375,504.71270751953125,124.19135226777148,34.50879852034623,-0.559233785539895,15.054662704467773,0.0
