t0,t1,t_mean,t0_data,t1_data,cps_bgsub,cps_bgsub_err,flux_bgsub,flux_bgsub_err,mag_bgsub,mag_bgsub_err_1,mag_bgsub_err_2,cps_mcatbgsub,cps_mcatbgsub_err,flux_mcatbgsub,flux_mcatbgsub_err,mag_mcatbgsub,mag_mcatbgsub_err_1,mag_mcatbgsub_err_2,cps,cps_err,flux,flux_err,mag,mag_err_1,mag_err_2,counts,flat_counts,bg_counts,bg_flat_counts,exptime,bg,mcat_bg,responses,detxs,detys,detrad,racent,deccent,q_mean,flags
777396303.995,777397999.995,777397146.0630419,777396310.165,777397998.375,0.010968616379361864,0.016729644819481186,2.259534974148544e-18,3.446306832813124e-18,24.97962038108746,1.0057516471195207,,0.024698407790184493,0.016445863740326798,5.087872004778005e-18,3.3878479305073203e-18,24.098327607764315,0.554101051357371,1.1902027643468749,0.2095670875127404,0.011987540341682609,4.317082002762452e-17,2.4694333103866175e-18,21.776692305579992,0.060394370698436006,0.06395273005718138,286.0,305.6229702048924,1074.0,1005.6487715658741,1458.3538561908601,289.6268462109718,269.60395196230246,0.9359968171844855,301.16851806640625,533.873779296875,166.40267607348946,339.3080345649829,0.7363449138737455,13.8286714553833,0.0
905249030.995,905249241.995,905249137.9191382,905249044.19,905249235.97,0.05867851808335424,0.04904065345240893,1.2087774725170974e-17,1.010237461119624e-17,23.158802156820894,0.6595346683439622,1.9612457879150043,,,,,,,,0.20971384279271366,0.03739100417803073,4.3201051615299015e-17,7.70254686067433e-18,21.775932254188685,0.1781354146587084,0.21321064582123128,29.0,31.457190985797343,85.0,78.66451811513465,150.0005463010394,22.655381217158787,,0.9221445937247642,433.96160888671875,705.1992797851562,307.0830364242749,339.30813757142107,0.7366360578331297,8.931034088134766,32.0
1002452377.995,1002452501.995,1002452442.819706,1002452384.99,1002452496.585,0.02044893668737364,0.058432707189486656,4.21248095759897e-18,1.2037137681034251e-17,24.30332317425311,1.465763055835815,,,,,,,,,0.18939006842955122,0.04248076177905224,3.901435409648755e-17,8.75103692648476e-18,21.88660699758916,0.21972229009556443,0.2757697297675712,17.0,19.876037608142774,72.0,61.562396869478135,104.94762356314479,17.729970298409704,,0.8556108351793783,231.74659729003906,323.26007080078125,184.92761896747982,339.30776624916575,0.7362381560625899,11.176470756530762,0.0
