t0,t1,t_mean,t0_data,t1_data,cps_bgsub,cps_bgsub_err,flux_bgsub,flux_bgsub_err,mag_bgsub,mag_bgsub_err_1,mag_bgsub_err_2,cps_mcatbgsub,cps_mcatbgsub_err,flux_mcatbgsub,flux_mcatbgsub_err,mag_mcatbgsub,mag_mcatbgsub_err_1,mag_mcatbgsub_err_2,cps,cps_err,flux,flux_err,mag,mag_err_1,mag_err_2,counts,flat_counts,bg_counts,bg_flat_counts,exptime,bg,mcat_bg,responses,detxs,detys,detrad,racent,deccent,q_mean,flags
749327417.995,749327531.995,749327493.763,749327493.763,749327493.763,0.003422843089143138,0.014562727326783188,4.791980324800393e-18,2.0387818257496466e-17,24.984032523613994,1.801343063885053,,0.003105015764975732,0.014678019160268478,4.347022070966025e-18,2.054922682437587e-17,25.08984047613832,1.894855179704706,,0.011708190853179062,0.01114404305977763,1.6391467194450688e-17,1.5601660283688683e-17,23.648775517054666,0.7260971690593792,3.2927422484728837,1.0,1.103809235232717,3.0,2.7122048257538096,94.27666913483952,0.7811149898170973,0.8110786912996392,0.9059536449603715,510.64776611328125,403.81036376953125,110.71335519220591,11.6802916987717,-1.03335076446194,14.0,0.0
874662939.995,874664601.995,874663891.062647,874662964.08,874664591.175,0.0019245469265865291,0.0035081682257383563,2.694365697221141e-18,4.911435516033699e-18,25.609178737392405,1.1267210742374516,,,,,,,,,0.01079061202752834,0.00259925206454045,1.5106856838539677e-17,3.6389528903566306e-18,23.7373848051972,0.234325227494935,0.2992251670838151,17.0,17.234367943953867,50.0,49.168585082873406,1597.163154414839,14.160552503867542,,0.9872654435765947,302.5625915527344,414.076416015625,98.44894134912886,11.6812690109244,-1.0324729152445506,8.764705657958984,0.0
875804942.995,875806537.995,875805760.0018181,875805031.675,875806529.815,0.009050732795533506,0.0038528628400589125,1.267102591374691e-17,5.3940079760824776e-18,23.92829064144206,0.3850675038391316,0.6021458341344328,0.007320870982225851,0.003993553354392027,1.0249219375116193e-17,5.590974696148839e-18,24.158593116933186,0.47267427320132427,0.8561712308863356,0.016156240519402842,0.00321094249643419,2.2618736727163982e-17,4.495319495007866e-18,23.299149225182468,0.19681536659744125,0.24057064209252488,22.0,25.317193667551134,45.0,38.66142718957757,1567.0225778792064,11.134491030598342,13.845223548662503,0.8695355044536506,322.98779296875,310.9028015136719,117.76752867380831,11.681566363873111,-1.0323675202815736,6.454545497894287,0.0
