t0,t1,t_mean,t0_data,t1_data,cps_bgsub,cps_bgsub_err,flux_bgsub,flux_bgsub_err,mag_bgsub,mag_bgsub_err_1,mag_bgsub_err_2,cps_mcatbgsub,cps_mcatbgsub_err,flux_mcatbgsub,flux_mcatbgsub_err,mag_mcatbgsub,mag_mcatbgsub_err_1,mag_mcatbgsub_err_2,cps,cps_err,flux,flux_err,mag,mag_err_1,mag_err_2,counts,flat_counts,bg_counts,bg_flat_counts,exptime,bg,mcat_bg,responses,detxs,detys,detrad,racent,deccent,q_mean,flags
764945461.995,764945574.995,764945513.6959594,764945465.054,764945573.83,0.6115494813993729,0.0936739199421619,1.2597919316827082e-16,1.929682750808535e-17,20.61392099444615,0.15473778196329846,0.18051546268135255,0.6612791413947623,0.09105912268660947,1.3622350312732103e-16,1.875817927344155e-17,20.529037939875547,0.14007081659816123,0.16085591009231592,0.7574645363368265,0.08577578654659714,1.5603769448538626e-16,1.766981202859901e-17,20.381594238858742,0.11647265355795611,0.13048557539132588,74.0,77.98214747543528,55.0,52.16035054356582,102.9515491940582,15.022180956546958,9.902435419127835,0.9491140973526757,618.1629028320312,449.88665771484375,223.79394717028495,202.14153173208956,41.85245143221834,12.86486530303955,0.0
770638456.995,770638546.995,770638505.6741956,770638459.703,770638543.503,0.47890063901440144,0.09264366412348903,9.86535316369667e-17,1.908459480943874e-17,20.87938645865552,0.19201120936208582,0.23342270424745948,,,,,,,,0.5899478005487467,0.0849894596658059,1.2152924691304182e-16,1.7507828691156014e-17,20.652966034185074,0.14612454474784542,0.16889509017643434,46.0,48.18335497468274,33.0,31.491868139784682,81.6739293372472,9.06965802425799,,0.9547765905712934,529.3896484375,582.5069580078125,223.71962552276293,202.14167032816394,41.8523309438347,12.0,0.0
984387259.995,984388870.995,984388053.2612575,984387260.02,984388869.87,0.3807358873201607,0.020576590091568453,7.843159278795311e-17,4.238777558863101e-18,21.128440464054453,0.057147121094143216,0.06032296037702878,,,,,,,,0.504743948738502,0.018436109259910644,1.0397725344013142e-16,3.797838507541592e-18,20.822322197529555,0.0389501517112123,0.040399625903223324,668.0,749.5553277855738,717.0,639.4255784761222,1485.0209292432821,184.1545666011232,,0.8914018721439648,602.7769165039062,477.0770568847656,216.93167257191737,202.14193761638873,41.85229192260888,10.850299835205078,0.0
