t0,t1,t_mean,t0_data,t1_data,cps_bgsub,cps_bgsub_err,flux_bgsub,flux_bgsub_err,mag_bgsub,mag_bgsub_err_1,mag_bgsub_err_2,cps_mcatbgsub,cps_mcatbgsub_err,flux_mcatbgsub,flux_mcatbgsub_err,mag_mcatbgsub,mag_mcatbgsub_err_1,mag_mcatbgsub_err_2,cps,cps_err,flux,flux_err,mag,mag_err_1,mag_err_2,counts,flat_counts,bg_counts,bg_flat_counts,exptime,bg,mcat_bg,responses,detxs,detys,detrad,racent,deccent,q_mean,flags
838574331.995,838574427.995,838574384.2708571,838574335.33,838574419.785,0.24509335055861478,0.09499910904490211,5.048923021507464e-17,1.9569816463249834e-17,21.606671177753878,0.35566368533570625,0.5324187459815839,0.28435280805492,0.09232403404411307,5.857667845931352e-17,1.9018751013087292e-17,21.4453561965607,0.3052784986101713,0.4262280304066586,0.4760764234616337,0.07795247161391337,9.807174323309654e-17,1.6058209152466155e-17,20.885808313453218,0.16463935273194963,0.19414592079311888,35.0,37.298689213423486,67.0,62.835425746641505,78.3460120587747,18.096602615032758,15.02078068460627,0.9384913760726779,572.182373046875,595.7467041015625,260.69818134133175,309.4719595203814,1.2210742327718676,10.171428680419922,0.0
841828122.995,841828238.995,841828174.1958536,841828124.24,841828237.63,0.21217361295535825,0.08575029540080992,4.37077642688038e-17,1.7664560852566842e-17,21.763271570649014,0.3685349623767564,0.562160472504651,,,,,,,,0.4596501423871882,0.06913543743193816,9.468792933176077e-17,1.424190011097926e-17,20.923931502536405,0.1521305107009958,0.17697501741889,41.0,44.20316514328873,89.0,82.63565961178551,96.16697802750599,23.79906996819423,,0.9278351457629394,451.0847473144531,656.82421875,261.85555320582637,309.4719297560739,1.2209554960227176,9.195121765136719,0.0
