t0,t1,t_mean,t0_data,t1_data,cps_bgsub,cps_bgsub_err,flux_bgsub,flux_bgsub_err,mag_bgsub,mag_bgsub_err_1,mag_bgsub_err_2,cps_mcatbgsub,cps_mcatbgsub_err,flux_mcatbgsub,flux_mcatbgsub_err,mag_mcatbgsub,mag_mcatbgsub_err_1,mag_mcatbgsub_err_2,cps,cps_err,flux,flux_err,mag,mag_err_1,mag_err_2,counts,flat_counts,bg_counts,bg_flat_counts,exptime,bg,mcat_bg,responses,detxs,detys,detrad,racent,deccent,q_mean,flags
753464460.995,753464570.995,753464537.399,753464537.399,753464537.399,-0.0010307382892860188,0.014444408121163085,-1.4430336050004263e-18,2.022217136962832e-17,,,,0.0010428044797341372,0.01376453192710751,1.4599262716277922e-18,1.9270344697950514e-17,26.27449277958676,2.880685137596817,,0.010763508906091486,0.009977660893295711,1.5068912468528082e-17,1.3968725250613995e-17,23.74011531374414,0.7121984309899929,2.8415382880363964,1.0,1.1637247465709217,5.0,4.427658667569002,108.11759963447653,1.2751656962598727,1.0509792293339877,0.8593097319161085,382.2823181152344,328.0789489746094,74.07127534993977,32.4638190702048,-3.72701623272986,6.0,0.0
847921987.995,847922106.995,847922023.865,847922023.865,847922023.865,0.0057778136763254355,0.012336722249453659,8.08893914685561e-18,1.7271411149235123e-17,24.415591168625042,1.2406591995562621,,0.001111795390200364,0.014034594272745471,1.5565135462805098e-18,1.964843198184366e-17,26.20493782748563,2.835710641212451,,0.010819017563539186,0.010189176294610974,1.5146624588954862e-17,1.4264846812455366e-17,23.734530435436195,0.7205022262373042,3.0873917810663585,1.0,1.1274505390513958,2.0,1.8241117777636027,104.2100664344034,0.5253441919959176,1.0115902675771524,0.8869568689384556,332.8397216796875,355.05181884765625,80.81362492157957,32.4632714771725,-3.72438403300543,6.0,0.0
877959341.995,877959460.995,877959416.935,877959402.83,877959431.04,0.016812385283796298,0.013520789462077194,2.3537339397314818e-17,1.8929105246908072e-17,23.255926664928843,0.6407213325171384,1.7705570791500662,,,,,,,,0.01902691882407607,0.012796587745928746,2.6637686353706502e-17,1.7915222844300244e-17,23.121578836697473,0.5584489167163866,1.2121433493865297,2.0,2.2107955039867377,1.0,0.8934492362333264,116.19303810710886,0.25731338003519805,,0.9061447673653955,479.62811279296875,387.29095458984375,80.63594844861173,32.4643289329803,-3.72545370439632,11.0,0.0
