t0,t1,t_mean,t0_data,t1_data,cps_bgsub,cps_bgsub_err,flux_bgsub,flux_bgsub_err,mag_bgsub,mag_bgsub_err_1,mag_bgsub_err_2,cps_mcatbgsub,cps_mcatbgsub_err,flux_mcatbgsub,flux_mcatbgsub_err,mag_mcatbgsub,mag_mcatbgsub_err_1,mag_mcatbgsub_err_2,cps,cps_err,flux,flux_err,mag,mag_err_1,mag_err_2,counts,flat_counts,bg_counts,bg_flat_counts,exptime,bg,mcat_bg,responses,detxs,detys,detrad,racent,deccent,q_mean,flags
847648819.995,847648918.995,847648871.9336956,847648821.59,847648917.09,0.23994512560095163,0.08965322965059863,4.9428695873796034e-17,1.8468565308023317e-17,21.629720170445918,0.3446827600250124,0.5079409216485473,0.23818813098760286,0.08980501754635903,4.9066754983446186e-17,1.8499833614549958e-17,21.63769970846619,0.34736163798188713,0.5138390930269274,0.37919449928025706,0.076673639806496,7.811406685173295e-17,1.5794769800138174e-17,21.132844928266085,0.19994302863094404,0.24526675779973317,23.0,24.45861701746785,33.0,31.186786757567162,64.50150796990029,8.981794586179344,9.095123388235331,0.9404696036178497,329.715087890625,639.5035400390625,249.60351472177908,8.712690146207114,-5.900739214102726,11.043478012084961,0.0
1003800725.995,1003800831.995,1003800776.9145832,1003800733.915,1003800809.595,0.17834779178955734,0.07006967817701024,3.673964510864881e-17,1.4434353704464107e-17,21.951830658756975,0.35978599463680183,0.5418176386888938,,,,,,,,0.3165002428731764,0.05846248375743097,6.519905003187433e-17,1.2043271654030779e-17,21.32906488095353,0.18403512745155126,0.22172696483863064,24.0,29.308498567538585,54.0,44.42072370950436,92.6018201486268,12.793168428337257,,0.819408259304781,320.362548828125,156.97080993652344,255.74462037755984,8.713018455645296,-5.900897809482513,8.958333015441895,0.0
