t0,t1,t_mean,t0_data,t1_data,cps_bgsub,cps_bgsub_err,flux_bgsub,flux_bgsub_err,mag_bgsub,mag_bgsub_err_1,mag_bgsub_err_2,cps_mcatbgsub,cps_mcatbgsub_err,flux_mcatbgsub,flux_mcatbgsub_err,mag_mcatbgsub,mag_mcatbgsub_err_1,mag_mcatbgsub_err_2,cps,cps_err,flux,flux_err,mag,mag_err_1,mag_err_2,counts,flat_counts,bg_counts,bg_flat_counts,exptime,bg,mcat_bg,responses,detxs,detys,detrad,racent,deccent,q_mean,flags
766064802.995,766064818.995,766064810.6901112,766064803.037,766064817.405,0.4914488234074657,0.2618156286899693,1.0123845762193793e-16,5.393401951013368e-17,20.85130425088138,0.46367293283002553,0.8261090794312693,0.5843306962951401,0.24902441427147445,1.2037212343679886e-16,5.1299029339923736e-17,20.663353246395186,0.3854285041021335,0.6030425283786016,0.7329110757100447,0.22706934974781579,1.5097968159626919e-16,4.677628604805005e-17,20.417371788060162,0.2930277321114083,0.4025915853237301,9.0,10.418028399630046,14.0,11.917660563248045,14.214587205599335,3.4322862422154374,2.1120087602341973,0.8641016280897786,515.5440673828125,92.21056365966797,328.76248056927545,204.19842547096232,5.142565153016025,10.222222328186035,32.0
986699952.995,986701534.995,986700738.2834003,986699953.26,986701533.98,0.4830228942502383,0.025463298856449414,9.95027162155491e-17,5.245439564428579e-18,20.87008071033184,0.055778622952768586,0.058800121448417286,0.5327540349117313,0.02473593445309069,1.0974733119181666e-16,5.095602497336682e-18,20.763683130978258,0.04927577535186245,0.05161890332540153,0.6830601690455326,0.02239442077729416,1.4071039482337971e-16,4.613250680122597e-18,20.493852596822844,0.035025255358156926,0.03619292389547368,822.0,930.3326320417998,1069.0,946.0143727712524,1362.0068541572127,272.4521393581207,204.7179849121108,0.883888355160625,461.4110412597656,724.4298706054688,330.19094010843156,204.19829626424465,5.142478024317574,7.091240882873535,32.0
