t0,t1,t_mean,t0_data,t1_data,cps_bgsub,cps_bgsub_err,flux_bgsub,flux_bgsub_err,mag_bgsub,mag_bgsub_err_1,mag_bgsub_err_2,cps_mcatbgsub,cps_mcatbgsub_err,flux_mcatbgsub,flux_mcatbgsub_err,mag_mcatbgsub,mag_mcatbgsub_err_1,mag_mcatbgsub_err_2,cps,cps_err,flux,flux_err,mag,mag_err_1,mag_err_2,counts,flat_counts,bg_counts,bg_flat_counts,exptime,bg,mcat_bg,responses,detxs,detys,detrad,racent,deccent,q_mean,flags
776207023.995,776207109.995,776207066.0294418,776207026.127,776207108.821,0.28757082308190873,0.11158784156621843,5.923958955487319e-17,2.2987095362640995e-17,21.43313794886373,0.3560018515149217,0.5331853729530316,0.43767301706832146,0.10218714295548031,9.016064151607422e-17,2.1050551448828944e-17,20.97712556800888,0.22782876573758415,0.2886888355124846,0.6088077179955337,0.09028280861106965,1.2541438990707993e-16,1.8598258573880346e-17,20.618799626378756,0.15013316896220985,0.17427631294469137,43.0,45.47264083524394,88.0,83.31111728745128,74.6913015244947,23.993601778785976,12.782273548258628,0.945845749660274,716.8422241210938,330.0505676269531,324.47175235344116,341.26039669606894,8.944056634977665,9.186046600341797,32.0
776212954.995,776213011.995,776212983.6353438,776212956.187,776213009.235,0.5026705783219104,0.1514485681125466,1.0355013913431355e-16,3.1198405031184594e-17,20.826791334007485,0.285933487410464,0.38925435538920183,,,,,,,,0.7853499538746967,0.1298689093544295,1.6178209049818753e-16,2.6752995327012474e-17,20.3423419435838,0.16615435013421376,0.19625771367847733,32.0,36.56925042279535,52.0,45.70402740235045,46.564273980501184,13.16275989187693,,0.8752791155817594,222.78387451171875,123.4599380493164,328.4508501994875,341.2601544427604,8.944159908995353,9.53125,32.0
1002001405.995,1002002388.995,1002001886.8743364,1002001406.105,1002002386.22,0.3943221036641154,0.03364465513171009,8.123035335480777e-17,6.930798957132278e-18,21.090372194837222,0.08889728891111304,0.09683033323236856,0.506834782493564,0.031607624909294765,1.0440796519367417e-16,6.511170731314721e-18,20.81783397121835,0.06568211456167461,0.06991290101642278,0.6762437287018793,0.028264901395407195,1.3930620811258713e-16,5.822569687453882e-18,20.504741873485326,0.044457667243101184,0.04635608766454169,550.0,572.4157195705066,862.0,828.5986158271385,846.4636273512192,238.63640135821592,143.39851111323821,0.9609530647278339,137.47279357910156,589.4564208984375,323.75031973854004,341.26035198708615,8.943981434599479,7.492727279663086,32.0
